reservation_id;utilisateur_id;seance_id;date_reservation;statut
1;1;1;20/09/2026 12:00;CONFIRMEE
2;274;1;18/09/2026 23:33;CONFIRMEE
3;312;1;27/09/2026 20:36;CONFIRMEE
4;640;1;21/09/2026 08:23;CONFIRMEE
5;494;1;17/09/2026 14:13;CONFIRMEE
6;737;1;30/09/2026 15:08;CONFIRMEE
7;584;1;23/09/2026 09:03;CONFIRMEE
8;119;1;28/09/2026 19:31;CONFIRMEE
9;299;1;03/10/2026 01:03;CONFIRMEE
10;216;1;19/09/2026 21:27;CONFIRMEE
11;720;1;24/09/2026 23:23;CONFIRMEE
12;614;1;27/09/2026 18:25;CONFIRMEE
13;631;1;18/09/2026 10:36;CONFIRMEE
14;593;1;09/10/2026 00:29;CONFIRMEE
15;401;1;17/09/2026 19:27;CONFIRMEE
16;114;1;12/09/2026 22:59;CONFIRMEE
17;702;1;19/09/2026 09:07;ANNULEE
18;65;1;24/09/2026 09:50;ANNULEE
19;524;2;11/10/2026 05:42;CONFIRMEE
20;521;2;14/10/2026 23:34;CONFIRMEE
21;553;2;13/10/2026 03:31;CONFIRMEE
22;629;2;30/09/2026 04:01;CONFIRMEE
23;379;2;28/09/2026 02:16;CONFIRMEE
24;543;2;17/10/2026 06:55;CONFIRMEE
25;480;2;26/09/2026 15:56;CONFIRMEE
26;359;2;03/10/2026 12:28;ANNULEE
27;128;3;07/10/2026 18:35;CONFIRMEE
28;39;3;26/09/2026 09:30;CONFIRMEE
29;706;3;14/09/2026 21:17;CONFIRMEE
30;152;3;28/09/2026 09:45;CONFIRMEE
31;624;3;09/10/2026 05:38;CONFIRMEE
32;592;3;05/10/2026 02:22;CONFIRMEE
33;239;3;29/09/2026 10:29;CONFIRMEE
34;332;3;12/09/2026 19:43;ANNULEE
35;524;4;21/06/2026 05:00;CONFIRMEE
36;537;4;03/07/2026 10:28;CONFIRMEE
37;345;4;04/07/2026 11:25;CONFIRMEE
38;558;4;07/07/2026 06:25;CONFIRMEE
39;731;4;08/07/2026 11:31;CONFIRMEE
40;410;4;07/07/2026 22:59;CONFIRMEE
41;426;4;29/06/2026 15:25;CONFIRMEE
42;277;4;21/06/2026 22:52;CONFIRMEE
43;490;4;25/06/2026 14:15;CONFIRMEE
44;372;4;05/07/2026 15:13;CONFIRMEE
45;217;4;08/07/2026 01:02;CONFIRMEE
46;484;4;17/06/2026 02:42;CONFIRMEE
47;627;4;09/07/2026 05:45;CONFIRMEE
48;259;4;12/07/2026 01:56;ANNULEE
49;567;4;04/07/2026 18:10;ANNULEE
50;264;5;12/04/2026 03:53;CONFIRMEE
51;684;5;31/03/2026 16:21;CONFIRMEE
52;655;5;14/04/2026 08:05;CONFIRMEE
53;28;5;06/04/2026 17:30;CONFIRMEE
54;643;5;03/04/2026 05:03;CONFIRMEE
55;155;5;15/04/2026 11:07;CONFIRMEE
56;165;5;26/03/2026 12:21;CONFIRMEE
57;409;5;05/04/2026 04:54;CONFIRMEE
58;214;5;27/03/2026 09:12;CONFIRMEE
59;503;5;21/03/2026 14:57;CONFIRMEE
60;161;5;05/04/2026 03:13;CONFIRMEE
61;699;5;11/04/2026 17:41;CONFIRMEE
62;459;5;06/04/2026 05:53;ANNULEE
63;736;6;16/04/2026 01:15;CONFIRMEE
64;616;6;04/05/2026 09:20;CONFIRMEE
65;106;6;24/04/2026 04:57;CONFIRMEE
66;500;6;24/04/2026 20:22;CONFIRMEE
67;676;6;16/04/2026 21:39;CONFIRMEE
68;210;7;10/03/2026 23:40;CONFIRMEE
69;69;7;10/03/2026 03:29;CONFIRMEE
70;609;7;17/03/2026 02:13;CONFIRMEE
71;533;7;14/03/2026 06:34;CONFIRMEE
72;56;7;15/03/2026 15:45;CONFIRMEE
73;749;7;25/02/2026 06:39;CONFIRMEE
74;495;7;15/03/2026 19:14;CONFIRMEE
75;209;7;16/02/2026 17:51;CONFIRMEE
76;250;7;20/02/2026 17:52;CONFIRMEE
77;743;7;19/02/2026 15:19;CONFIRMEE
78;86;7;23/02/2026 08:07;CONFIRMEE
79;94;7;01/03/2026 18:18;CONFIRMEE
80;327;7;13/03/2026 10:30;CONFIRMEE
81;403;7;06/03/2026 17:39;CONFIRMEE
82;394;7;04/03/2026 13:55;CONFIRMEE
83;500;7;18/02/2026 23:05;ANNULEE
84;655;7;27/02/2026 17:35;ANNULEE
85;580;7;16/03/2026 18:45;ANNULEE
86;326;8;12/03/2026 01:44;CONFIRMEE
87;545;8;18/03/2026 03:52;CONFIRMEE
88;472;8;27/02/2026 12:15;CONFIRMEE
89;640;8;19/03/2026 04:53;CONFIRMEE
90;594;8;16/03/2026 18:18;CONFIRMEE
91;659;8;19/02/2026 12:04;CONFIRMEE
92;552;8;21/02/2026 19:48;CONFIRMEE
93;124;8;07/03/2026 09:46;CONFIRMEE
94;529;8;18/02/2026 03:14;CONFIRMEE
95;377;8;06/03/2026 09:51;CONFIRMEE
96;271;8;08/03/2026 22:44;CONFIRMEE
97;650;8;14/03/2026 14:09;CONFIRMEE
98;548;8;08/03/2026 06:12;CONFIRMEE
99;448;8;16/03/2026 08:36;CONFIRMEE
100;693;8;20/02/2026 22:20;CONFIRMEE
101;623;8;02/03/2026 09:40;CONFIRMEE
102;225;8;07/03/2026 20:35;ANNULEE
103;241;8;11/03/2026 02:30;ANNULEE
104;431;9;04/10/2026 01:19;CONFIRMEE
105;453;9;16/10/2026 23:01;CONFIRMEE
106;166;9;07/10/2026 21:34;CONFIRMEE
107;742;9;13/10/2026 09:39;CONFIRMEE
108;630;9;05/10/2026 08:21;CONFIRMEE
109;339;9;01/10/2026 13:12;CONFIRMEE
110;53;9;15/10/2026 01:56;CONFIRMEE
111;712;9;26/09/2026 02:19;CONFIRMEE
112;172;9;07/10/2026 18:03;CONFIRMEE
113;416;9;04/10/2026 23:04;CONFIRMEE
114;383;9;10/10/2026 11:31;CONFIRMEE
115;1;9;03/10/2026 04:18;CONFIRMEE
116;38;9;09/10/2026 13:35;CONFIRMEE
117;469;9;15/10/2026 09:28;CONFIRMEE
118;304;9;19/10/2026 04:33;CONFIRMEE
119;731;9;27/09/2026 02:36;CONFIRMEE
120;121;9;23/10/2026 07:35;CONFIRMEE
121;86;9;25/09/2026 22:46;CONFIRMEE
122;163;9;01/10/2026 19:04;CONFIRMEE
123;393;9;26/09/2026 15:44;CONFIRMEE
124;61;9;03/10/2026 19:59;CONFIRMEE
125;140;9;07/10/2026 04:13;CONFIRMEE
126;678;9;15/10/2026 17:33;ANNULEE
127;612;9;22/10/2026 11:07;ANNULEE
128;689;9;08/10/2026 19:58;ANNULEE
129;372;9;16/10/2026 22:42;ANNULEE
130;497;10;17/08/2026 21:12;CONFIRMEE
131;336;10;20/08/2026 19:00;CONFIRMEE
132;332;10;31/08/2026 23:48;CONFIRMEE
133;356;10;07/09/2026 22:13;CONFIRMEE
134;590;10;22/08/2026 05:36;CONFIRMEE
135;282;10;29/08/2026 14:08;CONFIRMEE
136;480;10;24/08/2026 06:01;CONFIRMEE
137;258;10;01/09/2026 09:39;CONFIRMEE
138;59;10;16/08/2026 11:32;CONFIRMEE
139;675;10;02/09/2026 13:14;CONFIRMEE
140;346;10;19/08/2026 14:10;CONFIRMEE
141;463;10;07/09/2026 13:08;ANNULEE
142;651;11;21/01/2026 08:03;CONFIRMEE
143;321;11;23/12/2025 23:08;CONFIRMEE
144;209;11;18/01/2026 01:44;CONFIRMEE
145;279;11;05/01/2026 07:10;CONFIRMEE
146;663;11;08/01/2026 05:37;CONFIRMEE
147;610;11;27/12/2025 02:06;ANNULEE
148;44;12;12/01/2026 00:58;CONFIRMEE
149;684;12;10/01/2026 17:08;CONFIRMEE
150;293;12;07/01/2026 00:59;CONFIRMEE
151;358;12;21/01/2026 06:10;CONFIRMEE
152;297;12;04/01/2026 04:43;CONFIRMEE
153;502;12;22/01/2026 13:48;CONFIRMEE
154;38;12;05/01/2026 08:23;CONFIRMEE
155;665;12;08/01/2026 19:07;CONFIRMEE
156;244;12;02/01/2026 01:06;CONFIRMEE
157;719;12;30/12/2025 10:44;CONFIRMEE
158;296;12;27/01/2026 00:22;ANNULEE
159;584;13;15/02/2026 15:38;CONFIRMEE
160;496;13;03/02/2026 23:34;CONFIRMEE
161;112;13;25/01/2026 05:58;CONFIRMEE
162;90;13;15/02/2026 21:24;CONFIRMEE
163;533;13;01/02/2026 14:21;CONFIRMEE
164;58;13;26/01/2026 07:24;CONFIRMEE
165;676;13;08/02/2026 07:57;CONFIRMEE
166;295;13;13/02/2026 11:34;CONFIRMEE
167;523;13;31/01/2026 15:22;CONFIRMEE
168;28;13;03/02/2026 15:25;CONFIRMEE
169;40;13;22/02/2026 07:57;CONFIRMEE
170;231;13;15/02/2026 03:52;CONFIRMEE
171;340;13;16/02/2026 05:03;ANNULEE
172;204;13;11/02/2026 05:06;ANNULEE
173;580;14;15/07/2026 04:26;CONFIRMEE
174;38;14;07/08/2026 01:54;CONFIRMEE
175;504;14;23/07/2026 10:18;CONFIRMEE
176;735;14;11/08/2026 09:30;CONFIRMEE
177;85;14;30/07/2026 01:12;CONFIRMEE
178;662;14;28/07/2026 07:12;CONFIRMEE
179;106;14;22/07/2026 01:12;CONFIRMEE
180;112;14;21/07/2026 06:49;CONFIRMEE
181;559;14;14/07/2026 11:56;CONFIRMEE
182;501;14;30/07/2026 02:09;CONFIRMEE
183;58;14;15/07/2026 19:28;CONFIRMEE
184;126;14;26/07/2026 17:11;ANNULEE
185;91;15;17/10/2026 06:57;CONFIRMEE
186;86;15;19/10/2026 09:20;CONFIRMEE
187;620;15;30/10/2026 06:16;CONFIRMEE
188;201;15;05/10/2026 16:22;CONFIRMEE
189;61;15;27/10/2026 01:26;CONFIRMEE
190;129;15;25/10/2026 06:25;CONFIRMEE
191;346;15;23/10/2026 02:08;CONFIRMEE
192;72;15;20/10/2026 18:08;CONFIRMEE
193;747;15;19/10/2026 10:28;CONFIRMEE
194;427;15;23/10/2026 01:16;CONFIRMEE
195;413;15;17/10/2026 07:36;ANNULEE
196;75;16;12/06/2026 07:37;CONFIRMEE
197;599;16;24/06/2026 10:18;CONFIRMEE
198;735;16;07/07/2026 03:05;CONFIRMEE
199;318;16;26/06/2026 11:53;CONFIRMEE
200;747;16;11/06/2026 18:59;CONFIRMEE
201;322;16;21/06/2026 13:12;CONFIRMEE
202;76;16;17/06/2026 14:35;CONFIRMEE
203;366;16;20/06/2026 13:25;ANNULEE
204;61;17;11/03/2026 16:05;CONFIRMEE
205;342;17;04/04/2026 06:02;CONFIRMEE
206;735;17;09/04/2026 07:10;CONFIRMEE
207;741;17;05/04/2026 07:01;CONFIRMEE
208;401;17;19/03/2026 03:42;CONFIRMEE
209;728;17;16/03/2026 13:42;CONFIRMEE
210;601;17;29/03/2026 19:19;CONFIRMEE
211;297;17;05/04/2026 23:03;CONFIRMEE
212;187;17;20/03/2026 06:30;CONFIRMEE
213;127;17;05/04/2026 17:29;CONFIRMEE
214;720;17;09/04/2026 11:10;ANNULEE
215;593;18;23/07/2026 21:18;CONFIRMEE
216;588;18;22/07/2026 10:47;CONFIRMEE
217;637;18;04/08/2026 02:51;CONFIRMEE
218;407;18;02/08/2026 20:57;CONFIRMEE
219;526;18;26/07/2026 08:31;CONFIRMEE
220;709;18;11/08/2026 15:56;CONFIRMEE
221;256;18;29/07/2026 03:47;CONFIRMEE
222;504;18;28/07/2026 03:14;CONFIRMEE
223;166;18;15/08/2026 12:32;CONFIRMEE
224;347;18;06/08/2026 14:57;CONFIRMEE
225;162;18;26/07/2026 21:59;CONFIRMEE
226;661;18;20/07/2026 05:40;CONFIRMEE
227;529;18;19/07/2026 13:19;ANNULEE
228;46;19;24/02/2026 02:52;CONFIRMEE
229;369;19;20/02/2026 16:55;CONFIRMEE
230;721;19;16/02/2026 03:22;CONFIRMEE
231;192;19;25/02/2026 01:16;CONFIRMEE
232;660;19;01/03/2026 18:14;CONFIRMEE
233;342;19;04/02/2026 05:40;CONFIRMEE
234;111;19;16/02/2026 19:53;CONFIRMEE
235;643;19;25/02/2026 21:53;CONFIRMEE
236;148;19;28/02/2026 14:20;CONFIRMEE
237;94;19;02/02/2026 20:26;ANNULEE
238;50;19;18/02/2026 08:06;ANNULEE
239;703;20;14/06/2026 10:09;CONFIRMEE
240;96;20;30/05/2026 08:25;CONFIRMEE
241;281;20;13/06/2026 06:02;CONFIRMEE
242;413;20;22/06/2026 03:53;CONFIRMEE
243;501;20;31/05/2026 09:08;CONFIRMEE
244;644;20;06/06/2026 18:34;CONFIRMEE
245;303;20;21/06/2026 07:55;CONFIRMEE
246;168;20;18/06/2026 04:53;CONFIRMEE
247;162;21;02/12/2026 05:54;CONFIRMEE
248;422;21;26/11/2026 22:32;CONFIRMEE
249;96;21;03/12/2026 17:52;CONFIRMEE
250;610;21;20/11/2026 22:56;CONFIRMEE
251;722;21;21/11/2026 13:10;CONFIRMEE
252;458;21;03/12/2026 20:03;CONFIRMEE
253;231;21;02/12/2026 00:23;CONFIRMEE
254;216;21;04/12/2026 00:54;CONFIRMEE
255;317;21;26/11/2026 15:31;CONFIRMEE
256;745;21;10/11/2026 10:08;CONFIRMEE
257;316;21;08/11/2026 11:40;CONFIRMEE
258;33;21;15/11/2026 23:07;CONFIRMEE
259;418;21;04/12/2026 03:25;CONFIRMEE
260;607;21;15/11/2026 22:50;CONFIRMEE
261;252;21;29/11/2026 20:15;CONFIRMEE
262;191;21;30/11/2026 06:08;ANNULEE
263;488;21;16/11/2026 18:03;ANNULEE
264;66;21;16/11/2026 18:42;ANNULEE
265;33;22;11/10/2026 10:24;CONFIRMEE
266;247;22;01/11/2026 08:19;CONFIRMEE
267;276;22;06/10/2026 01:14;CONFIRMEE
268;634;22;12/10/2026 01:10;CONFIRMEE
269;729;22;12/10/2026 09:10;ANNULEE
270;603;23;05/05/2026 11:13;CONFIRMEE
271;34;23;29/04/2026 01:57;CONFIRMEE
272;116;23;04/05/2026 14:02;CONFIRMEE
273;212;23;27/05/2026 05:59;CONFIRMEE
274;327;23;27/05/2026 02:36;CONFIRMEE
275;443;23;27/05/2026 20:03;CONFIRMEE
276;455;23;28/05/2026 16:19;CONFIRMEE
277;118;23;14/05/2026 12:56;CONFIRMEE
278;402;23;11/05/2026 04:50;CONFIRMEE
279;314;23;14/05/2026 10:27;CONFIRMEE
280;250;23;25/05/2026 08:51;CONFIRMEE
281;28;23;23/05/2026 10:33;CONFIRMEE
282;437;23;26/05/2026 16:14;CONFIRMEE
283;182;23;06/05/2026 12:54;ANNULEE
284;244;23;26/05/2026 08:47;ANNULEE
285;198;24;01/09/2026 02:37;CONFIRMEE
286;264;24;04/09/2026 20:07;CONFIRMEE
287;452;24;18/09/2026 20:31;CONFIRMEE
288;593;24;07/09/2026 21:46;CONFIRMEE
289;424;24;22/09/2026 03:13;CONFIRMEE
290;511;24;19/09/2026 01:38;CONFIRMEE
291;85;24;26/08/2026 01:38;CONFIRMEE
292;652;24;22/09/2026 06:41;CONFIRMEE
293;659;24;13/09/2026 03:28;CONFIRMEE
294;241;24;13/09/2026 11:49;CONFIRMEE
295;603;24;07/09/2026 16:36;CONFIRMEE
296;307;24;01/09/2026 21:39;CONFIRMEE
297;712;24;06/09/2026 01:59;CONFIRMEE
298;710;24;15/09/2026 04:40;CONFIRMEE
299;599;24;08/09/2026 01:38;CONFIRMEE
300;519;24;25/08/2026 21:25;ANNULEE
301;384;24;15/09/2026 03:39;ANNULEE
302;173;24;01/09/2026 15:17;ANNULEE
303;548;25;21/02/2026 20:24;CONFIRMEE
304;714;25;17/02/2026 21:41;CONFIRMEE
305;655;25;05/02/2026 04:33;CONFIRMEE
306;118;25;22/02/2026 07:29;CONFIRMEE
307;60;25;22/02/2026 21:45;CONFIRMEE
308;498;25;19/02/2026 06:55;CONFIRMEE
309;30;25;29/01/2026 22:10;CONFIRMEE
310;210;25;11/02/2026 17:29;CONFIRMEE
311;301;25;02/02/2026 03:28;CONFIRMEE
312;89;25;19/02/2026 02:32;CONFIRMEE
313;100;25;21/02/2026 05:34;ANNULEE
314;324;26;17/09/2026 13:47;CONFIRMEE
315;365;26;09/09/2026 13:04;CONFIRMEE
316;61;26;13/09/2026 23:56;CONFIRMEE
317;115;26;05/10/2026 00:15;CONFIRMEE
318;472;26;09/09/2026 09:48;CONFIRMEE
319;677;26;24/09/2026 07:23;CONFIRMEE
320;680;26;09/09/2026 00:46;CONFIRMEE
321;85;26;28/09/2026 14:53;CONFIRMEE
322;288;26;06/09/2026 00:55;ANNULEE
323;313;27;12/03/2026 18:35;CONFIRMEE
324;202;27;09/03/2026 14:11;CONFIRMEE
325;402;27;02/03/2026 21:39;CONFIRMEE
326;521;27;13/03/2026 14:53;CONFIRMEE
327;550;27;19/02/2026 17:53;CONFIRMEE
328;107;27;14/03/2026 00:13;CONFIRMEE
329;251;27;01/03/2026 12:17;CONFIRMEE
330;194;27;11/03/2026 13:14;CONFIRMEE
331;314;27;18/03/2026 23:36;CONFIRMEE
332;483;27;28/02/2026 18:29;CONFIRMEE
333;174;27;09/03/2026 13:23;CONFIRMEE
334;266;27;03/03/2026 14:56;CONFIRMEE
335;53;27;13/03/2026 02:36;CONFIRMEE
336;675;27;24/02/2026 05:17;CONFIRMEE
337;260;27;07/03/2026 12:25;CONFIRMEE
338;148;27;12/03/2026 01:06;CONFIRMEE
339;35;27;18/03/2026 05:35;ANNULEE
340;655;27;04/03/2026 08:10;ANNULEE
341;637;27;18/03/2026 11:53;ANNULEE
342;36;28;21/06/2026 03:34;CONFIRMEE
343;730;28;11/06/2026 04:15;CONFIRMEE
344;331;28;16/06/2026 01:46;CONFIRMEE
345;83;28;23/06/2026 05:49;CONFIRMEE
346;676;28;17/06/2026 19:48;CONFIRMEE
347;566;28;21/06/2026 08:55;CONFIRMEE
348;431;28;07/07/2026 13:28;CONFIRMEE
349;390;28;13/06/2026 10:22;CONFIRMEE
350;357;28;26/06/2026 02:21;CONFIRMEE
351;38;28;11/06/2026 22:21;CONFIRMEE
352;675;28;13/06/2026 11:53;CONFIRMEE
353;138;28;07/06/2026 22:31;CONFIRMEE
354;713;28;12/06/2026 23:00;ANNULEE
355;72;28;08/06/2026 17:55;ANNULEE
356;200;29;27/07/2026 10:21;CONFIRMEE
357;417;29;18/07/2026 13:23;CONFIRMEE
358;350;29;24/07/2026 19:51;CONFIRMEE
359;431;29;28/07/2026 21:38;CONFIRMEE
360;646;29;03/08/2026 12:30;CONFIRMEE
361;625;29;03/08/2026 07:59;CONFIRMEE
362;580;29;14/07/2026 15:33;CONFIRMEE
363;413;29;12/07/2026 17:38;ANNULEE
364;1;30;18/06/2026 20:04;CONFIRMEE
365;480;30;15/06/2026 12:39;CONFIRMEE
366;212;30;30/05/2026 04:50;CONFIRMEE
367;418;30;31/05/2026 21:58;CONFIRMEE
368;357;30;31/05/2026 08:00;CONFIRMEE
369;35;31;04/04/2026 15:01;CONFIRMEE
370;279;31;07/04/2026 01:06;CONFIRMEE
371;74;31;23/03/2026 09:42;CONFIRMEE
372;720;31;06/04/2026 15:07;CONFIRMEE
373;73;31;31/03/2026 23:15;CONFIRMEE
374;68;31;29/03/2026 21:24;CONFIRMEE
375;481;31;18/03/2026 17:18;CONFIRMEE
376;106;31;20/03/2026 02:56;CONFIRMEE
377;689;32;02/02/2026 21:51;CONFIRMEE
378;542;32;03/02/2026 16:00;CONFIRMEE
379;517;32;19/02/2026 02:38;CONFIRMEE
380;96;32;16/02/2026 11:47;CONFIRMEE
381;515;32;16/02/2026 07:21;CONFIRMEE
382;382;32;01/02/2026 06:10;ANNULEE
383;526;33;24/03/2026 10:01;CONFIRMEE
384;287;33;29/03/2026 21:36;CONFIRMEE
385;245;33;12/04/2026 19:46;CONFIRMEE
386;426;33;20/03/2026 02:28;CONFIRMEE
387;84;33;09/04/2026 14:04;CONFIRMEE
388;437;33;09/04/2026 22:00;CONFIRMEE
389;495;33;20/03/2026 21:03;CONFIRMEE
390;747;33;09/04/2026 20:13;CONFIRMEE
391;226;33;30/03/2026 15:57;CONFIRMEE
392;38;33;01/04/2026 20:01;CONFIRMEE
393;215;34;12/04/2026 21:51;CONFIRMEE
394;639;34;08/04/2026 13:17;CONFIRMEE
395;730;34;14/04/2026 17:26;CONFIRMEE
396;707;34;02/04/2026 18:42;CONFIRMEE
397;156;34;20/03/2026 12:53;CONFIRMEE
398;216;34;29/03/2026 11:49;CONFIRMEE
399;418;34;22/03/2026 13:42;CONFIRMEE
400;691;34;21/03/2026 22:29;CONFIRMEE
401;427;35;16/10/2026 04:27;CONFIRMEE
402;586;35;23/10/2026 01:32;CONFIRMEE
403;219;35;11/10/2026 15:29;CONFIRMEE
404;103;35;26/10/2026 21:07;CONFIRMEE
405;454;36;14/08/2026 05:00;CONFIRMEE
406;569;36;20/07/2026 10:29;CONFIRMEE
407;125;36;14/08/2026 09:18;CONFIRMEE
408;621;36;31/07/2026 15:40;CONFIRMEE
409;540;36;26/07/2026 11:24;CONFIRMEE
410;82;36;25/07/2026 05:50;CONFIRMEE
411;203;36;30/07/2026 09:41;CONFIRMEE
412;172;36;28/07/2026 05:39;CONFIRMEE
413;748;36;12/08/2026 19:50;CONFIRMEE
414;637;36;15/08/2026 22:13;CONFIRMEE
415;351;36;18/07/2026 14:59;CONFIRMEE
416;645;36;10/08/2026 07:21;CONFIRMEE
417;531;36;26/07/2026 04:27;CONFIRMEE
418;103;36;24/07/2026 03:31;ANNULEE
419;402;37;07/07/2026 20:40;CONFIRMEE
420;474;37;08/07/2026 15:46;CONFIRMEE
421;384;37;26/06/2026 05:11;CONFIRMEE
422;140;37;30/06/2026 07:06;CONFIRMEE
423;357;37;06/07/2026 12:04;ANNULEE
424;576;38;28/10/2026 17:08;CONFIRMEE
425;282;38;14/10/2026 09:02;CONFIRMEE
426;393;38;28/10/2026 23:50;CONFIRMEE
427;294;38;16/10/2026 06:00;CONFIRMEE
428;501;38;26/10/2026 18:20;CONFIRMEE
429;517;38;14/10/2026 05:18;CONFIRMEE
430;215;38;23/10/2026 04:42;CONFIRMEE
431;44;38;17/10/2026 14:35;CONFIRMEE
432;443;38;22/10/2026 07:45;CONFIRMEE
433;275;38;10/11/2026 08:09;CONFIRMEE
434;204;38;05/11/2026 15:10;CONFIRMEE
435;185;38;25/10/2026 17:55;CONFIRMEE
436;31;38;22/10/2026 17:23;CONFIRMEE
437;91;38;21/10/2026 15:54;CONFIRMEE
438;53;38;02/11/2026 10:44;CONFIRMEE
439;637;38;12/11/2026 04:07;ANNULEE
440;74;38;03/11/2026 06:55;ANNULEE
441;34;38;23/10/2026 15:27;ANNULEE
442;675;39;16/07/2026 15:13;CONFIRMEE
443;561;40;19/10/2026 09:49;CONFIRMEE
444;166;40;19/10/2026 21:16;CONFIRMEE
445;572;40;30/10/2026 22:32;CONFIRMEE
446;703;40;22/10/2026 06:36;CONFIRMEE
447;434;40;06/11/2026 13:13;CONFIRMEE
448;260;40;10/11/2026 06:11;CONFIRMEE
449;236;40;28/10/2026 07:18;CONFIRMEE
450;485;40;25/10/2026 14:23;CONFIRMEE
451;389;40;08/11/2026 05:06;CONFIRMEE
452;84;40;22/10/2026 00:05;CONFIRMEE
453;675;40;04/11/2026 06:32;CONFIRMEE
454;714;40;19/10/2026 23:03;CONFIRMEE
455;706;40;03/11/2026 03:14;CONFIRMEE
456;150;40;14/11/2026 21:14;CONFIRMEE
457;521;40;01/11/2026 08:32;CONFIRMEE
458;306;40;25/10/2026 02:48;CONFIRMEE
459;443;40;18/10/2026 00:37;ANNULEE
460;627;41;11/01/2026 20:35;CONFIRMEE
461;238;41;26/12/2025 22:06;CONFIRMEE
462;395;41;14/01/2026 21:50;CONFIRMEE
463;651;41;21/12/2025 14:10;CONFIRMEE
464;70;41;28/12/2025 04:28;CONFIRMEE
465;678;41;28/12/2025 18:46;CONFIRMEE
466;365;41;11/01/2026 14:18;CONFIRMEE
467;552;41;11/01/2026 23:27;CONFIRMEE
468;151;41;31/12/2025 20:07;CONFIRMEE
469;260;41;11/01/2026 03:11;CONFIRMEE
470;625;41;15/01/2026 21:26;CONFIRMEE
471;699;41;31/12/2025 15:47;ANNULEE
472;685;41;11/01/2026 08:29;ANNULEE
473;396;42;30/01/2026 21:30;CONFIRMEE
474;468;42;14/01/2026 13:36;CONFIRMEE
475;388;42;29/01/2026 23:55;CONFIRMEE
476;482;42;02/02/2026 01:22;CONFIRMEE
477;535;42;25/01/2026 17:57;CONFIRMEE
478;491;42;20/01/2026 09:42;CONFIRMEE
479;354;42;17/01/2026 21:04;CONFIRMEE
480;311;42;11/01/2026 15:54;ANNULEE
481;64;43;03/03/2026 17:54;CONFIRMEE
482;116;43;01/03/2026 09:54;CONFIRMEE
483;426;43;17/02/2026 05:48;CONFIRMEE
484;610;43;04/03/2026 00:08;CONFIRMEE
485;606;43;04/03/2026 00:22;CONFIRMEE
486;349;43;27/02/2026 18:45;CONFIRMEE
487;439;43;11/02/2026 11:00;CONFIRMEE
488;414;43;11/02/2026 00:48;CONFIRMEE
489;292;43;18/02/2026 19:33;CONFIRMEE
490;302;43;11/02/2026 12:55;CONFIRMEE
491;475;43;01/03/2026 09:51;CONFIRMEE
492;619;43;17/02/2026 22:17;CONFIRMEE
493;459;43;06/03/2026 22:34;CONFIRMEE
494;510;43;17/02/2026 17:42;CONFIRMEE
495;50;43;05/03/2026 11:29;ANNULEE
496;141;43;06/02/2026 15:00;ANNULEE
497;525;44;17/04/2026 21:52;CONFIRMEE
498;746;44;28/04/2026 02:22;CONFIRMEE
499;303;44;18/04/2026 21:12;CONFIRMEE
500;185;44;13/04/2026 06:47;CONFIRMEE
501;67;44;23/04/2026 10:37;CONFIRMEE
502;599;44;11/04/2026 02:07;CONFIRMEE
503;502;44;11/04/2026 13:05;CONFIRMEE
504;130;44;13/04/2026 17:05;CONFIRMEE
505;129;44;28/04/2026 01:48;CONFIRMEE
506;34;44;27/04/2026 18:26;CONFIRMEE
507;51;44;12/04/2026 18:50;ANNULEE
508;32;44;28/04/2026 04:55;ANNULEE
509;288;45;04/06/2026 13:51;CONFIRMEE
510;393;45;23/05/2026 17:51;CONFIRMEE
511;485;45;25/05/2026 00:02;CONFIRMEE
512;52;45;18/05/2026 16:41;CONFIRMEE
513;704;45;25/05/2026 16:01;ANNULEE
514;740;46;03/01/2026 14:16;CONFIRMEE
515;360;46;17/12/2025 04:15;CONFIRMEE
516;79;46;11/12/2025 12:47;CONFIRMEE
517;640;46;18/12/2025 18:31;CONFIRMEE
518;564;46;03/01/2026 15:30;ANNULEE
519;368;47;16/10/2026 00:09;CONFIRMEE
520;147;47;03/10/2026 08:18;CONFIRMEE
521;390;47;24/10/2026 12:15;CONFIRMEE
522;356;47;04/10/2026 01:40;CONFIRMEE
523;204;47;29/10/2026 06:17;CONFIRMEE
524;80;47;11/10/2026 23:02;CONFIRMEE
525;297;47;01/11/2026 06:30;ANNULEE
526;173;48;07/10/2026 12:59;CONFIRMEE
527;418;48;09/10/2026 03:33;CONFIRMEE
528;483;48;06/10/2026 19:29;CONFIRMEE
529;445;48;11/10/2026 21:12;CONFIRMEE
530;52;48;30/09/2026 04:13;CONFIRMEE
531;33;48;25/09/2026 12:29;CONFIRMEE
532;42;48;25/09/2026 18:55;CONFIRMEE
533;226;48;29/09/2026 07:39;CONFIRMEE
534;622;48;06/10/2026 05:39;CONFIRMEE
535;246;48;26/09/2026 10:15;CONFIRMEE
536;88;48;10/10/2026 07:54;ANNULEE
537;474;49;24/04/2026 17:31;CONFIRMEE
538;721;49;06/04/2026 21:27;CONFIRMEE
539;565;49;03/05/2026 20:04;CONFIRMEE
540;355;49;22/04/2026 19:22;CONFIRMEE
541;192;49;14/04/2026 17:24;CONFIRMEE
542;563;50;19/11/2026 05:23;CONFIRMEE
543;419;50;25/11/2026 18:25;CONFIRMEE
544;546;50;16/11/2026 16:39;CONFIRMEE
545;78;50;07/11/2026 02:40;CONFIRMEE
546;721;50;14/11/2026 17:58;CONFIRMEE
547;341;50;01/11/2026 23:03;CONFIRMEE
548;283;50;23/11/2026 14:45;CONFIRMEE
549;469;50;26/11/2026 13:34;CONFIRMEE
550;656;50;01/11/2026 13:30;CONFIRMEE
551;581;50;26/11/2026 18:30;CONFIRMEE
552;475;50;24/11/2026 16:52;ANNULEE
553;62;50;15/11/2026 15:39;ANNULEE
554;671;51;18/05/2026 19:45;CONFIRMEE
555;61;51;10/05/2026 21:25;CONFIRMEE
556;471;51;28/05/2026 06:21;CONFIRMEE
557;542;51;13/05/2026 05:00;CONFIRMEE
558;293;51;03/05/2026 17:49;CONFIRMEE
559;114;51;14/05/2026 21:26;CONFIRMEE
560;521;51;19/05/2026 00:52;CONFIRMEE
561;707;51;27/05/2026 12:45;ANNULEE
562;163;52;12/06/2026 18:50;CONFIRMEE
563;737;52;30/06/2026 13:20;CONFIRMEE
564;351;52;29/06/2026 21:59;CONFIRMEE
565;130;53;02/09/2026 11:43;CONFIRMEE
566;60;53;20/08/2026 11:47;CONFIRMEE
567;516;53;30/08/2026 11:46;CONFIRMEE
568;291;53;05/09/2026 09:28;CONFIRMEE
569;239;53;27/08/2026 05:26;CONFIRMEE
570;590;53;17/08/2026 09:30;CONFIRMEE
571;43;53;07/09/2026 10:56;CONFIRMEE
572;324;53;25/08/2026 07:40;CONFIRMEE
573;556;53;23/08/2026 21:14;CONFIRMEE
574;735;53;23/08/2026 00:04;CONFIRMEE
575;521;53;04/09/2026 19:29;CONFIRMEE
576;650;53;02/09/2026 07:19;CONFIRMEE
577;706;53;11/09/2026 09:34;ANNULEE
578;286;53;08/09/2026 15:26;ANNULEE
579;246;53;06/09/2026 18:35;ANNULEE
580;240;54;19/12/2025 16:40;CONFIRMEE
581;563;54;11/01/2026 04:51;CONFIRMEE
582;487;54;21/12/2025 12:00;CONFIRMEE
583;732;54;19/12/2025 17:26;CONFIRMEE
584;128;54;04/01/2026 01:28;CONFIRMEE
585;159;54;21/12/2025 03:42;CONFIRMEE
586;85;54;10/01/2026 13:17;CONFIRMEE
587;428;54;29/12/2025 20:22;CONFIRMEE
588;335;54;01/01/2026 23:27;ANNULEE
589;291;54;04/01/2026 20:04;ANNULEE
590;625;55;12/12/2025 08:55;CONFIRMEE
591;73;55;25/12/2025 22:58;CONFIRMEE
592;148;55;11/12/2025 11:12;CONFIRMEE
593;717;55;28/12/2025 19:32;CONFIRMEE
594;216;55;10/12/2025 18:02;CONFIRMEE
595;142;55;23/12/2025 01:44;CONFIRMEE
596;626;55;13/12/2025 03:49;CONFIRMEE
597;311;55;15/12/2025 16:36;CONFIRMEE
598;290;55;17/12/2025 04:51;ANNULEE
599;240;56;19/05/2026 06:55;CONFIRMEE
600;423;56;22/05/2026 04:23;CONFIRMEE
601;567;56;19/05/2026 16:15;CONFIRMEE
602;306;56;19/05/2026 12:41;CONFIRMEE
603;535;56;10/05/2026 18:13;CONFIRMEE
604;689;56;13/05/2026 13:19;CONFIRMEE
605;563;56;22/05/2026 22:45;CONFIRMEE
606;284;56;14/05/2026 17:21;CONFIRMEE
607;684;56;14/05/2026 06:07;CONFIRMEE
608;210;56;20/05/2026 09:25;CONFIRMEE
609;124;56;04/06/2026 14:59;CONFIRMEE
610;1;56;27/05/2026 00:07;CONFIRMEE
611;97;56;14/05/2026 05:52;ANNULEE
612;138;56;19/05/2026 05:01;ANNULEE
613;216;57;15/01/2026 21:43;CONFIRMEE
614;168;57;09/01/2026 03:04;CONFIRMEE
615;90;57;07/01/2026 23:52;CONFIRMEE
616;219;57;21/01/2026 03:18;CONFIRMEE
617;439;57;20/01/2026 16:36;CONFIRMEE
618;614;57;19/01/2026 23:53;CONFIRMEE
619;64;57;24/01/2026 21:33;CONFIRMEE
620;655;57;06/01/2026 19:49;CONFIRMEE
621;423;57;18/01/2026 12:55;CONFIRMEE
622;266;57;27/12/2025 11:43;CONFIRMEE
623;354;57;06/01/2026 12:08;CONFIRMEE
624;116;57;16/01/2026 18:23;CONFIRMEE
625;272;57;12/01/2026 18:10;CONFIRMEE
626;132;57;23/01/2026 21:12;CONFIRMEE
627;50;57;07/01/2026 08:52;CONFIRMEE
628;235;57;27/12/2025 15:13;CONFIRMEE
629;484;57;08/01/2026 00:09;CONFIRMEE
630;302;57;25/01/2026 04:36;CONFIRMEE
631;171;57;23/01/2026 12:37;CONFIRMEE
632;595;57;30/12/2025 19:06;CONFIRMEE
633;375;57;29/12/2025 12:13;CONFIRMEE
634;608;57;04/01/2026 02:53;ANNULEE
635;335;57;17/01/2026 04:08;ANNULEE
636;361;58;06/12/2025 16:32;CONFIRMEE
637;351;58;27/12/2025 21:13;CONFIRMEE
638;156;58;16/12/2025 19:51;CONFIRMEE
639;730;59;25/03/2026 22:50;CONFIRMEE
640;138;59;08/04/2026 18:33;CONFIRMEE
641;199;59;23/03/2026 21:33;CONFIRMEE
642;567;59;26/03/2026 23:10;CONFIRMEE
643;736;59;25/03/2026 23:50;CONFIRMEE
644;331;59;04/04/2026 19:22;CONFIRMEE
645;432;59;09/04/2026 14:10;CONFIRMEE
646;141;59;17/03/2026 00:38;CONFIRMEE
647;37;59;03/04/2026 15:59;CONFIRMEE
648;98;59;20/03/2026 09:25;CONFIRMEE
649;673;59;02/04/2026 03:13;ANNULEE
650;79;60;20/09/2026 23:50;CONFIRMEE
651;100;60;20/09/2026 11:04;CONFIRMEE
652;460;60;15/09/2026 05:24;CONFIRMEE
653;136;60;18/09/2026 20:40;CONFIRMEE
654;728;60;11/09/2026 13:17;CONFIRMEE
655;298;60;30/09/2026 05:08;CONFIRMEE
656;442;60;11/09/2026 13:55;CONFIRMEE
657;127;60;28/09/2026 00:58;CONFIRMEE
658;109;60;13/09/2026 05:22;CONFIRMEE
659;707;60;17/09/2026 20:43;CONFIRMEE
660;189;60;16/09/2026 18:55;CONFIRMEE
661;451;60;28/09/2026 09:07;CONFIRMEE
662;514;60;28/09/2026 21:29;ANNULEE
663;498;61;12/04/2026 21:29;CONFIRMEE
664;403;61;15/04/2026 05:30;CONFIRMEE
665;248;61;30/03/2026 22:17;CONFIRMEE
666;743;61;05/04/2026 22:24;CONFIRMEE
667;623;61;22/03/2026 19:39;CONFIRMEE
668;616;61;17/03/2026 01:59;CONFIRMEE
669;418;61;30/03/2026 08:56;CONFIRMEE
670;74;61;30/03/2026 07:31;CONFIRMEE
671;600;61;17/03/2026 19:08;CONFIRMEE
672;547;61;28/03/2026 15:13;CONFIRMEE
673;602;61;12/04/2026 17:44;CONFIRMEE
674;411;61;10/04/2026 14:28;CONFIRMEE
675;490;61;28/03/2026 00:32;ANNULEE
676;658;61;25/03/2026 10:02;ANNULEE
677;506;62;24/10/2026 23:35;CONFIRMEE
678;408;62;08/11/2026 22:08;CONFIRMEE
679;73;62;14/11/2026 18:55;CONFIRMEE
680;226;62;31/10/2026 03:45;CONFIRMEE
681;44;62;30/10/2026 06:34;CONFIRMEE
682;572;62;08/11/2026 11:25;CONFIRMEE
683;302;62;11/11/2026 23:18;CONFIRMEE
684;344;62;14/11/2026 04:09;CONFIRMEE
685;498;62;28/10/2026 21:56;CONFIRMEE
686;357;62;22/11/2026 03:43;CONFIRMEE
687;124;63;01/10/2026 10:51;CONFIRMEE
688;552;63;09/09/2026 00:23;CONFIRMEE
689;256;63;02/10/2026 03:21;CONFIRMEE
690;616;63;13/09/2026 01:24;CONFIRMEE
691;737;63;17/09/2026 07:30;ANNULEE
692;82;64;07/04/2026 00:41;CONFIRMEE
693;271;64;23/04/2026 09:31;CONFIRMEE
694;651;64;17/04/2026 11:00;CONFIRMEE
695;687;64;23/04/2026 22:32;CONFIRMEE
696;230;64;17/04/2026 07:54;CONFIRMEE
697;746;64;03/04/2026 07:08;CONFIRMEE
698;607;64;24/04/2026 05:20;ANNULEE
699;49;65;27/03/2026 23:49;CONFIRMEE
700;207;65;06/04/2026 18:14;CONFIRMEE
701;602;65;18/03/2026 03:05;CONFIRMEE
702;37;65;25/03/2026 01:33;CONFIRMEE
703;272;65;13/04/2026 19:12;CONFIRMEE
704;353;65;20/03/2026 08:12;CONFIRMEE
705;210;65;20/03/2026 01:44;CONFIRMEE
706;587;65;02/04/2026 16:58;CONFIRMEE
707;606;65;26/03/2026 22:44;CONFIRMEE
708;184;65;02/04/2026 21:56;CONFIRMEE
709;347;65;18/03/2026 09:29;CONFIRMEE
710;662;65;16/04/2026 04:22;CONFIRMEE
711;548;65;05/04/2026 06:23;CONFIRMEE
712;747;65;22/03/2026 08:43;CONFIRMEE
713;244;65;25/03/2026 12:19;CONFIRMEE
714;482;65;09/04/2026 21:03;ANNULEE
715;528;65;04/04/2026 16:09;ANNULEE
716;471;66;08/02/2026 07:59;CONFIRMEE
717;316;66;02/02/2026 02:05;CONFIRMEE
718;631;66;14/02/2026 18:41;CONFIRMEE
719;590;66;09/02/2026 05:20;CONFIRMEE
720;334;66;28/01/2026 01:32;CONFIRMEE
721;527;66;28/01/2026 03:32;CONFIRMEE
722;474;66;24/01/2026 14:02;CONFIRMEE
723;635;66;08/02/2026 20:29;CONFIRMEE
724;163;66;02/02/2026 01:13;CONFIRMEE
725;97;66;13/02/2026 17:13;CONFIRMEE
726;670;66;18/02/2026 12:20;CONFIRMEE
727;204;66;25/01/2026 00:36;CONFIRMEE
728;396;66;15/02/2026 18:51;CONFIRMEE
729;465;66;14/02/2026 05:17;CONFIRMEE
730;100;66;03/02/2026 18:44;CONFIRMEE
731;68;66;31/01/2026 23:08;CONFIRMEE
732;410;66;15/02/2026 18:37;CONFIRMEE
733;172;66;27/01/2026 08:43;CONFIRMEE
734;321;66;06/02/2026 15:59;CONFIRMEE
735;521;66;20/02/2026 05:46;CONFIRMEE
736;190;66;10/02/2026 08:11;CONFIRMEE
737;130;66;30/01/2026 22:04;CONFIRMEE
738;64;66;11/02/2026 18:15;ANNULEE
739;84;66;09/02/2026 01:54;ANNULEE
740;643;66;23/01/2026 21:27;ANNULEE
741;692;67;26/10/2026 16:09;CONFIRMEE
742;163;67;10/11/2026 16:24;CONFIRMEE
743;575;67;19/11/2026 08:21;CONFIRMEE
744;260;67;10/11/2026 17:42;CONFIRMEE
745;51;67;10/11/2026 09:08;CONFIRMEE
746;631;67;04/11/2026 23:58;CONFIRMEE
747;215;67;28/10/2026 04:43;CONFIRMEE
748;181;67;13/11/2026 19:21;ANNULEE
749;738;68;11/10/2026 08:57;CONFIRMEE
750;668;68;12/10/2026 08:44;CONFIRMEE
751;165;68;25/10/2026 14:54;CONFIRMEE
752;671;68;25/10/2026 13:44;CONFIRMEE
753;676;68;17/10/2026 04:07;CONFIRMEE
754;373;68;12/10/2026 21:37;CONFIRMEE
755;438;68;02/10/2026 06:18;CONFIRMEE
756;713;68;07/10/2026 15:20;CONFIRMEE
757;602;68;17/10/2026 13:10;CONFIRMEE
758;50;68;20/10/2026 13:35;ANNULEE
759;38;68;18/10/2026 09:07;ANNULEE
760;78;69;07/06/2026 01:30;CONFIRMEE
761;401;69;04/06/2026 23:40;CONFIRMEE
762;305;69;27/05/2026 19:55;CONFIRMEE
763;248;69;01/06/2026 01:19;CONFIRMEE
764;682;69;14/05/2026 18:41;CONFIRMEE
765;136;69;24/05/2026 09:50;CONFIRMEE
766;725;69;14/05/2026 10:40;CONFIRMEE
767;438;69;13/05/2026 09:51;CONFIRMEE
768;548;69;07/06/2026 11:04;CONFIRMEE
769;693;69;31/05/2026 07:14;ANNULEE
770;598;70;22/07/2026 04:41;CONFIRMEE
771;718;70;01/08/2026 05:35;CONFIRMEE
772;463;70;16/07/2026 18:57;CONFIRMEE
773;547;70;09/08/2026 02:24;CONFIRMEE
774;52;70;28/07/2026 04:32;CONFIRMEE
775;88;70;10/08/2026 07:12;CONFIRMEE
776;698;70;10/08/2026 03:12;CONFIRMEE
777;690;70;24/07/2026 23:07;CONFIRMEE
778;706;70;02/08/2026 02:17;CONFIRMEE
779;189;70;08/08/2026 22:51;CONFIRMEE
780;138;70;02/08/2026 21:34;CONFIRMEE
781;723;70;21/07/2026 21:36;ANNULEE
782;732;71;05/05/2026 12:15;CONFIRMEE
783;51;71;12/05/2026 13:42;CONFIRMEE
784;469;71;28/04/2026 21:30;CONFIRMEE
785;230;71;09/05/2026 16:51;CONFIRMEE
786;231;71;07/05/2026 08:48;CONFIRMEE
787;188;71;09/05/2026 13:49;CONFIRMEE
788;488;71;26/04/2026 12:37;CONFIRMEE
789;459;71;06/05/2026 21:23;CONFIRMEE
790;587;71;24/04/2026 21:35;CONFIRMEE
791;424;71;14/05/2026 14:26;CONFIRMEE
792;187;71;23/05/2026 14:18;CONFIRMEE
793;351;71;07/05/2026 12:54;CONFIRMEE
794;189;71;07/05/2026 23:38;CONFIRMEE
795;241;71;22/05/2026 22:29;CONFIRMEE
796;61;71;16/05/2026 16:37;ANNULEE
797;622;72;12/09/2026 07:30;CONFIRMEE
798;163;72;24/09/2026 18:05;CONFIRMEE
799;452;72;21/09/2026 21:53;CONFIRMEE
800;401;72;07/09/2026 17:02;CONFIRMEE
801;547;72;27/09/2026 01:56;CONFIRMEE
802;659;72;03/09/2026 07:46;CONFIRMEE
803;85;72;18/09/2026 21:23;CONFIRMEE
804;239;72;30/09/2026 20:21;CONFIRMEE
805;517;72;14/09/2026 04:09;CONFIRMEE
806;159;72;12/09/2026 14:23;ANNULEE
807;561;72;30/09/2026 00:36;ANNULEE
808;560;73;04/11/2026 08:08;CONFIRMEE
809;127;73;26/11/2026 01:31;CONFIRMEE
810;173;73;19/11/2026 18:22;CONFIRMEE
811;121;73;29/11/2026 03:28;CONFIRMEE
812;44;73;27/11/2026 23:39;CONFIRMEE
813;548;73;27/11/2026 02:48;CONFIRMEE
814;708;73;02/11/2026 04:21;CONFIRMEE
815;110;73;13/11/2026 03:25;CONFIRMEE
816;242;73;25/11/2026 11:57;CONFIRMEE
817;638;73;06/11/2026 18:22;CONFIRMEE
818;52;74;16/11/2026 06:58;CONFIRMEE
819;540;74;15/11/2026 12:54;CONFIRMEE
820;537;74;16/11/2026 15:43;CONFIRMEE
821;295;74;12/11/2026 19:34;CONFIRMEE
822;496;74;10/11/2026 23:20;CONFIRMEE
823;452;75;03/11/2026 17:07;CONFIRMEE
824;512;75;17/11/2026 10:44;CONFIRMEE
825;423;75;09/11/2026 15:48;CONFIRMEE
826;583;75;24/11/2026 11:41;CONFIRMEE
827;358;75;07/11/2026 13:24;CONFIRMEE
828;78;75;01/11/2026 12:26;CONFIRMEE
829;339;75;31/10/2026 08:55;CONFIRMEE
830;327;75;14/11/2026 00:51;CONFIRMEE
831;613;75;02/11/2026 02:43;CONFIRMEE
832;266;75;01/11/2026 08:51;CONFIRMEE
833;459;75;17/11/2026 10:59;ANNULEE
834;671;75;26/10/2026 09:43;ANNULEE
835;635;76;14/11/2026 13:21;CONFIRMEE
836;176;76;11/11/2026 22:38;CONFIRMEE
837;301;76;23/10/2026 19:32;CONFIRMEE
838;601;76;11/11/2026 01:15;CONFIRMEE
839;354;76;07/11/2026 03:49;CONFIRMEE
840;324;76;27/10/2026 16:22;CONFIRMEE
841;159;76;14/11/2026 02:46;CONFIRMEE
842;710;76;25/10/2026 22:19;CONFIRMEE
843;248;76;12/11/2026 18:06;CONFIRMEE
844;679;76;28/10/2026 04:54;CONFIRMEE
845;708;76;30/10/2026 12:42;CONFIRMEE
846;547;76;10/11/2026 17:57;CONFIRMEE
847;407;76;14/11/2026 05:37;CONFIRMEE
848;135;76;07/11/2026 17:10;CONFIRMEE
849;209;76;27/10/2026 15:15;CONFIRMEE
850;492;76;16/11/2026 05:59;CONFIRMEE
851;621;76;06/11/2026 09:26;CONFIRMEE
852;651;76;29/10/2026 08:36;CONFIRMEE
853;650;76;13/11/2026 15:33;CONFIRMEE
854;365;76;26/10/2026 15:51;CONFIRMEE
855;52;76;20/10/2026 22:30;ANNULEE
856;261;76;25/10/2026 12:30;ANNULEE
857;266;76;06/11/2026 14:09;ANNULEE
858;670;77;04/04/2026 17:06;CONFIRMEE
859;665;77;29/04/2026 01:42;CONFIRMEE
860;411;77;14/04/2026 21:04;CONFIRMEE
861;625;77;29/04/2026 05:21;CONFIRMEE
862;448;77;14/04/2026 00:48;CONFIRMEE
863;477;77;28/04/2026 08:31;CONFIRMEE
864;548;77;01/04/2026 00:58;CONFIRMEE
865;382;77;24/04/2026 10:06;CONFIRMEE
866;483;77;26/04/2026 01:32;CONFIRMEE
867;311;77;14/04/2026 03:19;CONFIRMEE
868;657;77;08/04/2026 09:33;CONFIRMEE
869;96;77;19/04/2026 03:06;CONFIRMEE
870;78;77;14/04/2026 13:15;CONFIRMEE
871;412;77;24/04/2026 04:11;CONFIRMEE
872;124;77;08/04/2026 16:47;CONFIRMEE
873;675;77;01/04/2026 20:15;CONFIRMEE
874;218;77;28/04/2026 10:25;ANNULEE
875;254;77;26/04/2026 04:46;ANNULEE
876;295;77;11/04/2026 16:07;ANNULEE
877;316;78;14/07/2026 11:50;CONFIRMEE
878;304;78;20/07/2026 23:45;CONFIRMEE
879;365;79;28/07/2026 15:21;CONFIRMEE
880;678;79;20/07/2026 02:14;CONFIRMEE
881;662;79;02/07/2026 15:24;CONFIRMEE
882;64;79;21/07/2026 21:27;CONFIRMEE
883;129;79;09/07/2026 03:38;ANNULEE
884;243;80;30/09/2026 07:13;CONFIRMEE
885;329;80;26/10/2026 06:59;CONFIRMEE
886;121;80;28/10/2026 03:30;CONFIRMEE
887;508;80;17/10/2026 21:20;CONFIRMEE
888;425;80;24/10/2026 16:34;CONFIRMEE
889;148;80;05/10/2026 02:54;CONFIRMEE
890;409;80;04/10/2026 22:46;CONFIRMEE
891;383;80;21/10/2026 06:34;CONFIRMEE
892;297;80;20/10/2026 07:02;CONFIRMEE
893;572;80;27/10/2026 23:55;CONFIRMEE
894;408;80;16/10/2026 00:18;CONFIRMEE
895;286;80;14/10/2026 14:31;CONFIRMEE
896;344;80;25/10/2026 00:26;CONFIRMEE
897;565;80;19/10/2026 06:28;CONFIRMEE
898;119;80;01/10/2026 06:05;ANNULEE
899;432;81;24/05/2026 17:48;CONFIRMEE
900;545;81;27/05/2026 14:32;CONFIRMEE
901;562;81;30/04/2026 00:07;CONFIRMEE
902;673;81;06/05/2026 01:59;CONFIRMEE
903;439;81;27/05/2026 00:13;CONFIRMEE
904;692;81;28/05/2026 00:00;CONFIRMEE
905;302;82;13/02/2026 13:07;CONFIRMEE
906;43;82;14/02/2026 14:32;CONFIRMEE
907;168;82;28/02/2026 17:00;CONFIRMEE
908;136;82;02/03/2026 06:19;CONFIRMEE
909;59;82;20/02/2026 08:49;CONFIRMEE
910;481;82;16/02/2026 03:18;CONFIRMEE
911;77;82;01/03/2026 03:33;CONFIRMEE
912;469;82;02/03/2026 12:58;CONFIRMEE
913;84;82;14/02/2026 22:46;CONFIRMEE
914;354;82;25/02/2026 12:28;ANNULEE
915;399;83;21/08/2026 07:42;CONFIRMEE
916;177;83;31/07/2026 06:04;CONFIRMEE
917;644;83;03/08/2026 15:55;CONFIRMEE
918;165;83;09/08/2026 20:03;CONFIRMEE
919;286;83;20/08/2026 23:47;CONFIRMEE
920;462;83;02/08/2026 14:46;CONFIRMEE
921;279;83;03/08/2026 18:22;CONFIRMEE
922;229;83;25/07/2026 06:34;CONFIRMEE
923;560;83;21/08/2026 09:42;CONFIRMEE
924;143;83;25/07/2026 11:43;CONFIRMEE
925;281;83;17/08/2026 15:45;CONFIRMEE
926;112;83;27/07/2026 21:25;CONFIRMEE
927;261;83;14/08/2026 04:09;CONFIRMEE
928;409;83;11/08/2026 06:00;CONFIRMEE
929;537;83;31/07/2026 19:14;CONFIRMEE
930;457;83;05/08/2026 22:57;CONFIRMEE
931;449;83;22/08/2026 01:25;ANNULEE
932;227;83;17/08/2026 20:01;ANNULEE
933;355;83;04/08/2026 17:36;ANNULEE
934;463;84;07/06/2026 11:33;CONFIRMEE
935;175;84;31/05/2026 20:01;CONFIRMEE
936;192;84;16/06/2026 10:22;CONFIRMEE
937;540;84;07/06/2026 12:47;CONFIRMEE
938;115;84;08/06/2026 06:42;CONFIRMEE
939;182;84;28/05/2026 11:54;CONFIRMEE
940;660;84;01/06/2026 15:01;ANNULEE
941;574;85;16/12/2025 21:46;CONFIRMEE
942;472;85;23/12/2025 15:45;CONFIRMEE
943;599;85;30/12/2025 02:26;CONFIRMEE
944;608;85;27/12/2025 01:41;CONFIRMEE
945;404;85;15/12/2025 13:04;CONFIRMEE
946;729;85;04/01/2026 17:10;CONFIRMEE
947;95;85;08/01/2026 06:08;CONFIRMEE
948;469;85;22/12/2025 20:31;CONFIRMEE
949;686;85;25/12/2025 20:05;CONFIRMEE
950;380;85;31/12/2025 03:40;CONFIRMEE
951;447;85;22/12/2025 06:21;ANNULEE
952;510;86;06/01/2026 05:26;CONFIRMEE
953;199;86;02/01/2026 10:08;CONFIRMEE
954;349;86;28/12/2025 09:37;CONFIRMEE
955;563;86;21/01/2026 03:58;CONFIRMEE
956;547;86;09/01/2026 15:10;CONFIRMEE
957;319;86;10/01/2026 20:02;CONFIRMEE
958;174;86;12/01/2026 08:56;CONFIRMEE
959;156;86;26/12/2025 10:31;CONFIRMEE
960;104;86;21/01/2026 07:30;CONFIRMEE
961;625;87;18/06/2026 09:10;CONFIRMEE
962;624;87;12/06/2026 06:42;CONFIRMEE
963;422;87;05/06/2026 10:51;CONFIRMEE
964;515;87;12/06/2026 23:55;CONFIRMEE
965;366;87;16/06/2026 18:29;CONFIRMEE
966;734;87;16/06/2026 00:29;CONFIRMEE
967;33;87;25/05/2026 20:20;CONFIRMEE
968;730;87;05/06/2026 17:12;ANNULEE
969;304;88;28/06/2026 04:44;CONFIRMEE
970;274;88;27/06/2026 01:52;CONFIRMEE
971;401;88;19/06/2026 19:21;CONFIRMEE
972;594;88;30/06/2026 23:28;CONFIRMEE
973;747;88;21/06/2026 16:57;CONFIRMEE
974;644;88;12/06/2026 09:07;CONFIRMEE
975;269;88;17/06/2026 23:37;CONFIRMEE
976;323;88;29/06/2026 16:45;CONFIRMEE
977;467;88;18/06/2026 18:37;CONFIRMEE
978;720;88;15/06/2026 15:48;CONFIRMEE
979;439;88;05/07/2026 00:20;CONFIRMEE
980;531;88;08/07/2026 04:27;ANNULEE
981;106;89;02/05/2026 09:48;CONFIRMEE
982;743;89;22/05/2026 16:49;CONFIRMEE
983;398;89;04/05/2026 00:16;CONFIRMEE
984;715;89;03/05/2026 11:38;CONFIRMEE
985;640;89;30/04/2026 07:49;CONFIRMEE
986;344;89;25/05/2026 11:33;CONFIRMEE
987;46;89;27/04/2026 19:15;CONFIRMEE
988;198;89;18/05/2026 07:00;CONFIRMEE
989;329;89;12/05/2026 18:45;CONFIRMEE
990;482;89;19/05/2026 18:34;CONFIRMEE
991;741;89;01/05/2026 15:30;CONFIRMEE
992;331;89;26/05/2026 04:20;CONFIRMEE
993;27;89;18/05/2026 10:49;CONFIRMEE
994;127;89;24/05/2026 20:28;CONFIRMEE
995;324;89;25/05/2026 16:45;CONFIRMEE
996;561;89;13/05/2026 08:08;ANNULEE
997;258;89;06/05/2026 23:42;ANNULEE
998;64;90;19/07/2026 20:27;CONFIRMEE
999;152;90;06/07/2026 20:06;CONFIRMEE
1000;496;90;18/07/2026 14:59;CONFIRMEE
1001;204;90;16/07/2026 23:28;CONFIRMEE
1002;298;90;16/07/2026 20:40;CONFIRMEE
1003;433;90;10/07/2026 08:51;ANNULEE
1004;142;91;08/06/2026 20:12;CONFIRMEE
1005;86;92;29/04/2026 21:39;CONFIRMEE
1006;484;92;27/04/2026 14:39;CONFIRMEE
1007;472;92;11/04/2026 23:53;CONFIRMEE
1008;717;92;23/04/2026 17:13;CONFIRMEE
1009;437;92;12/04/2026 22:16;CONFIRMEE
1010;501;93;04/12/2026 03:52;CONFIRMEE
1011;429;93;08/12/2026 19:52;CONFIRMEE
1012;692;93;02/12/2026 03:30;CONFIRMEE
1013;396;93;03/12/2026 05:53;CONFIRMEE
1014;368;93;07/12/2026 05:31;CONFIRMEE
1015;293;93;21/11/2026 00:46;CONFIRMEE
1016;641;93;24/11/2026 11:43;ANNULEE
1017;666;94;06/04/2026 03:16;CONFIRMEE
1018;254;94;28/04/2026 19:05;CONFIRMEE
1019;314;94;24/04/2026 15:10;CONFIRMEE
1020;252;94;28/04/2026 15:06;CONFIRMEE
1021;380;94;08/04/2026 00:42;CONFIRMEE
1022;587;94;09/04/2026 03:44;ANNULEE
1023;288;95;24/09/2026 13:42;CONFIRMEE
1024;412;95;03/10/2026 14:46;CONFIRMEE
1025;125;95;12/09/2026 22:18;CONFIRMEE
1026;67;95;22/09/2026 20:53;CONFIRMEE
1027;126;95;01/10/2026 04:54;CONFIRMEE
1028;279;95;11/09/2026 21:19;CONFIRMEE
1029;78;95;04/10/2026 04:32;CONFIRMEE
1030;676;95;12/09/2026 06:10;CONFIRMEE
1031;532;95;14/09/2026 00:35;CONFIRMEE
1032;748;95;10/09/2026 21:12;ANNULEE
1033;442;96;15/07/2026 07:19;CONFIRMEE
1034;194;96;25/07/2026 10:13;CONFIRMEE
1035;701;96;06/08/2026 19:46;CONFIRMEE
1036;135;96;07/08/2026 15:28;CONFIRMEE
1037;359;96;04/08/2026 23:49;CONFIRMEE
1038;193;96;29/07/2026 07:08;CONFIRMEE
1039;213;96;06/08/2026 05:33;CONFIRMEE
1040;210;96;29/07/2026 20:26;CONFIRMEE
1041;275;96;31/07/2026 06:02;CONFIRMEE
1042;748;96;29/07/2026 14:03;ANNULEE
1043;542;96;22/07/2026 11:42;ANNULEE
1044;172;97;21/03/2026 01:11;CONFIRMEE
1045;306;97;07/03/2026 02:17;CONFIRMEE
1046;630;97;13/03/2026 14:57;CONFIRMEE
1047;121;97;12/03/2026 01:17;CONFIRMEE
1048;715;97;12/03/2026 12:51;CONFIRMEE
1049;747;97;01/03/2026 00:47;CONFIRMEE
1050;117;97;25/03/2026 16:35;CONFIRMEE
1051;116;97;23/03/2026 16:46;ANNULEE
1052;746;98;11/06/2026 14:48;CONFIRMEE
1053;288;98;14/06/2026 23:44;CONFIRMEE
1054;488;98;25/06/2026 15:01;CONFIRMEE
1055;64;98;12/06/2026 23:10;ANNULEE
1056;64;99;30/10/2026 21:16;CONFIRMEE
1057;345;99;01/11/2026 10:26;CONFIRMEE
1058;406;99;13/10/2026 11:42;CONFIRMEE
1059;579;99;30/10/2026 15:55;CONFIRMEE
1060;308;99;10/11/2026 22:31;CONFIRMEE
1061;44;99;07/11/2026 02:31;CONFIRMEE
1062;282;100;24/09/2026 16:59;CONFIRMEE
1063;180;100;19/10/2026 03:21;CONFIRMEE
1064;459;100;07/10/2026 10:28;CONFIRMEE
1065;82;100;18/10/2026 09:47;CONFIRMEE
1066;684;100;03/10/2026 21:25;CONFIRMEE
1067;491;100;05/10/2026 16:39;CONFIRMEE
1068;562;100;10/10/2026 14:15;CONFIRMEE
1069;737;100;04/10/2026 12:12;CONFIRMEE
1070;252;100;27/09/2026 12:24;CONFIRMEE
1071;264;100;28/09/2026 03:57;CONFIRMEE
1072;598;100;20/10/2026 18:15;CONFIRMEE
1073;64;100;15/10/2026 17:13;CONFIRMEE
1074;416;100;12/10/2026 23:57;CONFIRMEE
1075;572;100;09/10/2026 16:50;CONFIRMEE
1076;389;100;01/10/2026 17:39;CONFIRMEE
1077;452;100;27/09/2026 13:06;ANNULEE
1078;288;100;06/10/2026 09:19;ANNULEE
1079;519;101;01/05/2026 04:37;CONFIRMEE
1080;66;101;05/04/2026 13:35;CONFIRMEE
1081;170;101;02/05/2026 21:02;CONFIRMEE
1082;174;101;06/04/2026 20:23;CONFIRMEE
1083;603;101;09/04/2026 17:33;CONFIRMEE
1084;187;101;29/04/2026 16:16;CONFIRMEE
1085;484;101;02/05/2026 04:26;CONFIRMEE
1086;565;101;17/04/2026 00:21;CONFIRMEE
1087;730;101;26/04/2026 10:16;CONFIRMEE
1088;115;101;27/04/2026 08:28;CONFIRMEE
1089;711;101;04/05/2026 03:06;CONFIRMEE
1090;564;101;11/04/2026 06:34;CONFIRMEE
1091;368;101;17/04/2026 00:16;CONFIRMEE
1092;83;101;03/05/2026 04:45;ANNULEE
1093;421;102;27/10/2026 00:28;CONFIRMEE
1094;275;102;22/10/2026 06:20;CONFIRMEE
1095;720;102;31/10/2026 02:50;CONFIRMEE
1096;547;102;02/11/2026 00:11;CONFIRMEE
1097;307;102;14/10/2026 02:04;CONFIRMEE
1098;225;102;26/10/2026 02:24;CONFIRMEE
1099;30;102;06/11/2026 13:20;CONFIRMEE
1100;95;102;05/11/2026 18:57;CONFIRMEE
1101;94;102;18/10/2026 17:34;CONFIRMEE
1102;724;102;14/10/2026 17:18;CONFIRMEE
1103;165;102;11/11/2026 07:21;CONFIRMEE
1104;162;102;09/11/2026 00:07;CONFIRMEE
1105;501;102;26/10/2026 07:14;CONFIRMEE
1106;312;102;03/11/2026 07:23;ANNULEE
1107;711;103;10/02/2026 00:43;CONFIRMEE
1108;98;103;08/02/2026 04:10;CONFIRMEE
1109;370;103;24/02/2026 19:29;CONFIRMEE
1110;743;103;20/02/2026 16:50;CONFIRMEE
1111;339;103;28/02/2026 08:31;CONFIRMEE
1112;231;103;03/02/2026 23:56;CONFIRMEE
1113;725;103;03/03/2026 07:07;CONFIRMEE
1114;53;103;24/02/2026 14:54;CONFIRMEE
1115;145;103;19/02/2026 14:28;CONFIRMEE
1116;1;103;05/02/2026 13:14;CONFIRMEE
1117;730;103;22/02/2026 22:34;CONFIRMEE
1118;622;103;19/02/2026 23:06;CONFIRMEE
1119;352;103;27/02/2026 21:27;CONFIRMEE
1120;143;103;27/02/2026 23:25;ANNULEE
1121;730;104;05/11/2026 14:50;CONFIRMEE
1122;424;104;17/11/2026 08:06;CONFIRMEE
1123;645;104;06/11/2026 17:58;CONFIRMEE
1124;429;104;12/11/2026 11:04;CONFIRMEE
1125;420;104;29/11/2026 12:09;CONFIRMEE
1126;228;104;02/12/2026 06:34;CONFIRMEE
1127;209;104;25/11/2026 01:07;CONFIRMEE
1128;256;104;06/11/2026 00:10;CONFIRMEE
1129;103;104;22/11/2026 08:11;CONFIRMEE
1130;34;104;02/12/2026 10:20;ANNULEE
1131;231;105;29/07/2026 03:01;CONFIRMEE
1132;748;105;04/08/2026 18:59;CONFIRMEE
1133;587;105;26/07/2026 11:41;CONFIRMEE
1134;722;105;28/07/2026 17:43;CONFIRMEE
1135;308;105;12/07/2026 13:41;CONFIRMEE
1136;567;105;31/07/2026 13:53;CONFIRMEE
1137;442;105;29/07/2026 16:04;CONFIRMEE
1138;457;105;10/07/2026 14:08;CONFIRMEE
1139;331;105;03/08/2026 19:17;CONFIRMEE
1140;482;105;19/07/2026 11:14;ANNULEE
1141;686;106;28/04/2026 22:41;CONFIRMEE
1142;561;106;29/04/2026 17:02;CONFIRMEE
1143;739;106;21/04/2026 12:05;CONFIRMEE
1144;100;106;27/04/2026 00:21;CONFIRMEE
1145;64;106;07/04/2026 02:58;CONFIRMEE
1146;702;106;27/04/2026 20:47;CONFIRMEE
1147;33;106;30/04/2026 02:38;CONFIRMEE
1148;352;106;06/04/2026 13:47;CONFIRMEE
1149;415;106;21/04/2026 19:05;CONFIRMEE
1150;437;106;29/04/2026 03:25;CONFIRMEE
1151;520;106;01/05/2026 05:03;CONFIRMEE
1152;665;106;04/04/2026 14:04;CONFIRMEE
1153;552;106;27/04/2026 19:31;CONFIRMEE
1154;192;106;02/04/2026 13:01;CONFIRMEE
1155;603;106;05/04/2026 05:32;CONFIRMEE
1156;276;106;25/04/2026 00:40;CONFIRMEE
1157;83;106;01/05/2026 13:51;CONFIRMEE
1158;43;106;23/04/2026 15:11;CONFIRMEE
1159;91;106;06/04/2026 09:08;ANNULEE
1160;234;106;09/04/2026 06:06;ANNULEE
1161;525;106;18/04/2026 22:30;ANNULEE
1162;415;107;21/12/2025 20:32;CONFIRMEE
1163;242;107;15/12/2025 23:11;CONFIRMEE
1164;627;107;02/01/2026 11:32;CONFIRMEE
1165;543;107;23/12/2025 16:59;CONFIRMEE
1166;385;107;16/12/2025 06:00;CONFIRMEE
1167;299;107;13/12/2025 09:09;CONFIRMEE
1168;232;107;21/12/2025 21:50;CONFIRMEE
1169;305;107;27/12/2025 14:30;ANNULEE
1170;143;108;11/02/2026 15:28;CONFIRMEE
1171;554;108;25/01/2026 02:20;CONFIRMEE
1172;500;108;08/02/2026 15:38;CONFIRMEE
1173;240;108;25/01/2026 03:24;CONFIRMEE
1174;146;108;01/02/2026 12:25;CONFIRMEE
1175;640;108;22/01/2026 23:05;CONFIRMEE
1176;398;108;19/02/2026 12:21;CONFIRMEE
1177;691;108;07/02/2026 18:39;CONFIRMEE
1178;352;108;11/02/2026 23:40;CONFIRMEE
1179;241;108;01/02/2026 01:32;CONFIRMEE
1180;683;108;24/01/2026 12:45;CONFIRMEE
1181;231;108;21/01/2026 23:25;CONFIRMEE
1182;520;108;05/02/2026 05:14;CONFIRMEE
1183;61;108;05/02/2026 13:16;CONFIRMEE
1184;287;108;15/02/2026 07:49;CONFIRMEE
1185;192;108;04/02/2026 16:29;CONFIRMEE
1186;653;108;05/02/2026 18:31;CONFIRMEE
1187;276;108;15/02/2026 18:36;ANNULEE
1188;351;109;21/09/2026 13:26;CONFIRMEE
1189;42;109;16/10/2026 15:24;CONFIRMEE
1190;356;109;08/10/2026 17:03;CONFIRMEE
1191;47;109;04/10/2026 13:10;CONFIRMEE
1192;677;109;20/09/2026 21:05;CONFIRMEE
1193;106;109;27/09/2026 12:12;ANNULEE
1194;109;110;16/01/2026 09:52;CONFIRMEE
1195;30;110;25/01/2026 13:06;CONFIRMEE
1196;419;110;15/01/2026 06:35;CONFIRMEE
1197;192;110;18/01/2026 04:46;CONFIRMEE
1198;294;110;24/01/2026 20:03;CONFIRMEE
1199;690;110;16/01/2026 07:14;CONFIRMEE
1200;729;110;27/01/2026 16:33;CONFIRMEE
1201;748;110;31/12/2025 02:15;CONFIRMEE
1202;667;110;31/12/2025 17:19;CONFIRMEE
1203;252;110;06/01/2026 23:59;CONFIRMEE
1204;739;110;27/01/2026 22:32;CONFIRMEE
1205;69;110;08/01/2026 20:10;CONFIRMEE
1206;540;110;14/01/2026 12:59;CONFIRMEE
1207;89;110;14/01/2026 15:59;ANNULEE
1208;59;111;27/02/2026 17:15;CONFIRMEE
1209;625;111;24/02/2026 06:20;CONFIRMEE
1210;117;111;18/02/2026 18:47;CONFIRMEE
1211;106;111;06/02/2026 20:19;CONFIRMEE
1212;340;111;26/02/2026 03:14;CONFIRMEE
1213;29;111;07/03/2026 14:42;CONFIRMEE
1214;235;111;28/02/2026 02:10;CONFIRMEE
1215;661;111;23/02/2026 07:56;CONFIRMEE
1216;49;111;04/03/2026 18:08;CONFIRMEE
1217;622;111;06/03/2026 00:16;ANNULEE
1218;560;112;16/11/2026 00:29;CONFIRMEE
1219;76;112;28/10/2026 10:00;CONFIRMEE
1220;638;112;31/10/2026 17:31;CONFIRMEE
1221;581;112;16/11/2026 02:14;CONFIRMEE
1222;483;112;24/10/2026 11:57;CONFIRMEE
1223;703;112;11/11/2026 18:01;CONFIRMEE
1224;116;112;19/10/2026 17:24;CONFIRMEE
1225;365;112;03/11/2026 08:58;CONFIRMEE
1226;473;112;17/11/2026 06:08;CONFIRMEE
1227;83;112;29/10/2026 16:27;ANNULEE
1228;279;112;17/11/2026 11:54;ANNULEE
1229;34;113;10/03/2026 16:13;CONFIRMEE
1230;424;113;05/03/2026 21:57;CONFIRMEE
1231;111;113;22/03/2026 20:20;CONFIRMEE
1232;499;113;09/03/2026 13:43;CONFIRMEE
1233;292;113;22/03/2026 17:08;CONFIRMEE
1234;510;113;05/03/2026 07:21;CONFIRMEE
1235;706;113;01/03/2026 07:16;CONFIRMEE
1236;350;113;14/03/2026 03:01;CONFIRMEE
1237;631;113;20/03/2026 21:41;CONFIRMEE
1238;460;113;14/03/2026 21:09;CONFIRMEE
1239;625;113;22/03/2026 09:16;CONFIRMEE
1240;301;113;25/02/2026 23:48;CONFIRMEE
1241;455;113;21/03/2026 14:59;CONFIRMEE
1242;542;113;13/03/2026 23:00;ANNULEE
1243;678;114;09/09/2026 04:47;CONFIRMEE
1244;306;114;14/09/2026 05:51;CONFIRMEE
1245;537;114;24/09/2026 18:25;CONFIRMEE
1246;613;114;21/09/2026 18:30;CONFIRMEE
1247;600;114;22/09/2026 03:47;CONFIRMEE
1248;277;114;05/10/2026 06:08;CONFIRMEE
1249;271;114;23/09/2026 19:34;CONFIRMEE
1250;282;114;05/10/2026 14:36;CONFIRMEE
1251;725;114;17/09/2026 07:53;CONFIRMEE
1252;498;114;24/09/2026 22:46;CONFIRMEE
1253;248;114;18/09/2026 13:49;CONFIRMEE
1254;721;114;24/09/2026 07:11;CONFIRMEE
1255;569;114;07/09/2026 23:42;CONFIRMEE
1256;656;114;02/10/2026 17:48;CONFIRMEE
1257;114;114;05/10/2026 14:25;CONFIRMEE
1258;496;114;21/09/2026 01:50;CONFIRMEE
1259;87;114;16/09/2026 16:58;CONFIRMEE
1260;37;114;10/09/2026 17:55;ANNULEE
1261;711;114;07/10/2026 04:28;ANNULEE
1262;653;114;11/09/2026 05:23;ANNULEE
1263;721;115;26/04/2026 20:10;CONFIRMEE
1264;334;115;10/04/2026 03:25;CONFIRMEE
1265;474;115;22/04/2026 13:06;CONFIRMEE
1266;341;115;19/04/2026 09:27;CONFIRMEE
1267;714;115;24/04/2026 05:04;CONFIRMEE
1268;483;115;15/04/2026 08:47;CONFIRMEE
1269;415;115;21/04/2026 19:44;CONFIRMEE
1270;295;116;29/10/2026 22:34;CONFIRMEE
1271;735;116;15/11/2026 20:14;CONFIRMEE
1272;600;116;18/10/2026 23:58;CONFIRMEE
1273;104;116;15/11/2026 09:12;CONFIRMEE
1274;64;116;25/10/2026 19:14;CONFIRMEE
1275;66;116;25/10/2026 04:13;CONFIRMEE
1276;277;116;10/11/2026 09:00;ANNULEE
1277;352;117;26/04/2026 12:53;CONFIRMEE
1278;251;117;10/05/2026 09:48;CONFIRMEE
1279;463;117;22/04/2026 21:08;CONFIRMEE
1280;59;117;05/05/2026 21:14;CONFIRMEE
1281;482;117;16/04/2026 08:54;CONFIRMEE
1282;640;117;19/04/2026 15:18;CONFIRMEE
1283;546;117;20/04/2026 22:59;CONFIRMEE
1284;363;117;29/04/2026 14:36;CONFIRMEE
1285;370;117;15/05/2026 04:10;CONFIRMEE
1286;745;117;04/05/2026 02:59;CONFIRMEE
1287;301;117;02/05/2026 09:12;ANNULEE
1288;194;117;12/05/2026 00:00;ANNULEE
1289;616;118;23/12/2025 09:19;CONFIRMEE
1290;403;118;07/01/2026 03:20;CONFIRMEE
1291;34;118;25/12/2025 13:59;CONFIRMEE
1292;703;118;29/12/2025 20:49;CONFIRMEE
1293;405;118;27/12/2025 06:38;CONFIRMEE
1294;169;118;04/01/2026 03:03;CONFIRMEE
1295;465;118;28/12/2025 01:40;CONFIRMEE
1296;394;118;20/12/2025 02:20;ANNULEE
1297;739;119;30/12/2025 21:13;CONFIRMEE
1298;717;119;17/12/2025 10:01;CONFIRMEE
1299;513;119;06/12/2025 00:15;CONFIRMEE
1300;82;119;30/12/2025 15:25;CONFIRMEE
1301;548;119;23/12/2025 02:55;CONFIRMEE
1302;356;119;30/12/2025 03:35;CONFIRMEE
1303;141;119;08/12/2025 11:21;CONFIRMEE
1304;640;119;02/12/2025 16:02;CONFIRMEE
1305;327;119;10/12/2025 07:19;CONFIRMEE
1306;184;119;16/12/2025 05:08;ANNULEE
1307;723;119;07/12/2025 11:56;ANNULEE
1308;396;120;19/04/2026 22:41;CONFIRMEE
1309;141;120;29/04/2026 04:32;CONFIRMEE
1310;301;120;31/03/2026 17:50;CONFIRMEE
1311;295;120;12/04/2026 19:19;CONFIRMEE
1312;719;120;31/03/2026 10:33;CONFIRMEE
1313;103;120;13/04/2026 00:00;CONFIRMEE
1314;609;120;28/04/2026 16:21;CONFIRMEE
1315;68;120;11/04/2026 07:50;ANNULEE
1316;344;121;28/10/2026 16:38;CONFIRMEE
1317;418;121;30/10/2026 10:44;CONFIRMEE
1318;459;121;29/10/2026 00:35;CONFIRMEE
1319;490;121;06/10/2026 20:31;CONFIRMEE
1320;95;121;02/10/2026 20:31;CONFIRMEE
1321;175;121;07/10/2026 20:29;CONFIRMEE
1322;602;121;25/10/2026 19:19;CONFIRMEE
1323;226;121;23/10/2026 23:16;CONFIRMEE
1324;401;121;24/10/2026 00:48;CONFIRMEE
1325;402;121;15/10/2026 00:54;CONFIRMEE
1326;715;121;30/10/2026 23:38;ANNULEE
1327;399;122;20/04/2026 17:14;CONFIRMEE
1328;708;122;31/03/2026 11:31;CONFIRMEE
1329;319;122;23/04/2026 11:26;CONFIRMEE
1330;250;122;06/04/2026 11:55;CONFIRMEE
1331;603;122;04/04/2026 22:59;CONFIRMEE
1332;423;122;16/04/2026 13:29;CONFIRMEE
1333;228;122;06/04/2026 20:24;CONFIRMEE
1334;147;122;11/04/2026 09:40;CONFIRMEE
1335;463;122;02/04/2026 02:18;ANNULEE
1336;745;123;16/02/2026 19:24;CONFIRMEE
1337;382;123;14/03/2026 23:30;CONFIRMEE
1338;520;123;16/02/2026 16:15;CONFIRMEE
1339;200;123;03/03/2026 10:08;CONFIRMEE
1340;244;123;04/03/2026 13:36;CONFIRMEE
1341;558;123;17/02/2026 07:28;CONFIRMEE
1342;594;123;26/02/2026 11:37;CONFIRMEE
1343;120;123;09/03/2026 12:58;CONFIRMEE
1344;490;123;20/02/2026 09:56;CONFIRMEE
1345;480;123;25/02/2026 13:51;ANNULEE
1346;67;124;30/07/2026 19:09;CONFIRMEE
1347;648;124;09/08/2026 11:25;CONFIRMEE
1348;228;124;22/07/2026 01:45;CONFIRMEE
1349;647;124;15/08/2026 17:03;CONFIRMEE
1350;192;124;31/07/2026 14:29;CONFIRMEE
1351;230;125;04/02/2026 13:43;CONFIRMEE
1352;586;125;22/02/2026 09:37;CONFIRMEE
1353;182;125;01/03/2026 08:05;CONFIRMEE
1354;480;125;08/02/2026 12:22;CONFIRMEE
1355;688;125;01/03/2026 10:09;CONFIRMEE
1356;59;125;05/02/2026 14:45;CONFIRMEE
1357;256;125;18/02/2026 08:04;CONFIRMEE
1358;345;125;11/02/2026 09:46;CONFIRMEE
1359;593;125;18/02/2026 14:43;CONFIRMEE
1360;352;125;19/02/2026 12:04;CONFIRMEE
1361;425;125;27/02/2026 22:40;CONFIRMEE
1362;97;125;03/03/2026 17:14;CONFIRMEE
1363;471;125;23/02/2026 05:57;CONFIRMEE
1364;1;125;18/02/2026 08:17;CONFIRMEE
1365;218;125;19/02/2026 00:13;CONFIRMEE
1366;360;125;02/02/2026 20:53;CONFIRMEE
1367;169;125;18/02/2026 12:15;ANNULEE
1368;168;125;12/02/2026 23:30;ANNULEE
1369;653;125;02/02/2026 11:45;ANNULEE
1370;676;126;27/01/2026 15:14;CONFIRMEE
1371;331;126;28/01/2026 00:53;CONFIRMEE
1372;455;126;14/02/2026 06:42;CONFIRMEE
1373;67;126;21/01/2026 13:10;CONFIRMEE
1374;142;126;08/02/2026 20:58;CONFIRMEE
1375;291;126;02/02/2026 13:29;CONFIRMEE
1376;175;126;09/02/2026 15:31;CONFIRMEE
1377;177;126;01/02/2026 22:18;CONFIRMEE
1378;502;126;30/01/2026 05:53;CONFIRMEE
1379;550;126;15/02/2026 19:54;ANNULEE
1380;721;127;30/01/2026 02:47;CONFIRMEE
1381;329;127;27/01/2026 16:26;CONFIRMEE
1382;64;127;13/02/2026 07:14;CONFIRMEE
1383;204;127;24/02/2026 21:00;CONFIRMEE
1384;655;128;21/04/2026 23:14;CONFIRMEE
1385;490;128;07/04/2026 16:30;CONFIRMEE
1386;667;128;02/04/2026 07:20;CONFIRMEE
1387;329;128;06/04/2026 01:19;CONFIRMEE
1388;399;128;19/04/2026 08:27;CONFIRMEE
1389;699;128;11/04/2026 04:45;CONFIRMEE
1390;587;128;06/04/2026 20:18;ANNULEE
1391;477;129;07/09/2026 14:56;CONFIRMEE
1392;175;129;18/08/2026 08:39;CONFIRMEE
1393;641;129;29/08/2026 18:51;CONFIRMEE
1394;412;129;08/09/2026 23:39;CONFIRMEE
1395;72;129;25/08/2026 12:44;CONFIRMEE
1396;66;129;03/09/2026 07:52;CONFIRMEE
1397;372;129;17/08/2026 15:14;CONFIRMEE
1398;162;129;29/08/2026 22:06;ANNULEE
1399;680;130;08/06/2026 17:42;CONFIRMEE
1400;543;130;01/06/2026 08:14;CONFIRMEE
1401;610;130;09/06/2026 02:36;CONFIRMEE
1402;644;130;25/05/2026 09:20;CONFIRMEE
1403;745;130;18/05/2026 18:09;CONFIRMEE
1404;162;130;15/05/2026 10:44;CONFIRMEE
1405;488;130;22/05/2026 12:41;CONFIRMEE
1406;336;130;31/05/2026 21:25;ANNULEE
1407;738;131;08/03/2026 12:34;CONFIRMEE
1408;688;131;28/02/2026 20:09;CONFIRMEE
1409;219;131;06/03/2026 04:13;CONFIRMEE
1410;518;131;11/03/2026 10:32;CONFIRMEE
1411;722;131;24/02/2026 21:12;CONFIRMEE
1412;554;131;24/02/2026 19:24;CONFIRMEE
1413;483;131;17/03/2026 19:17;CONFIRMEE
1414;110;131;02/03/2026 11:39;CONFIRMEE
1415;404;131;05/03/2026 11:16;CONFIRMEE
1416;661;131;03/03/2026 15:13;CONFIRMEE
1417;422;131;04/03/2026 08:30;CONFIRMEE
1418;239;131;15/03/2026 07:02;CONFIRMEE
1419;747;131;10/03/2026 22:06;ANNULEE
1420;277;132;02/08/2026 15:37;CONFIRMEE
1421;116;132;26/07/2026 02:05;CONFIRMEE
1422;454;132;18/08/2026 00:18;CONFIRMEE
1423;129;132;13/08/2026 05:34;CONFIRMEE
1424;559;132;20/07/2026 20:05;CONFIRMEE
1425;681;132;31/07/2026 12:13;CONFIRMEE
1426;34;132;16/08/2026 05:39;CONFIRMEE
1427;256;132;10/08/2026 11:47;CONFIRMEE
1428;744;132;20/07/2026 09:39;CONFIRMEE
1429;87;132;16/08/2026 14:15;CONFIRMEE
1430;82;132;05/08/2026 18:03;CONFIRMEE
1431;38;132;12/08/2026 04:19;CONFIRMEE
1432;708;132;27/07/2026 16:01;CONFIRMEE
1433;59;132;29/07/2026 23:29;CONFIRMEE
1434;96;132;16/08/2026 04:56;ANNULEE
1435;55;132;30/07/2026 10:06;ANNULEE
1436;119;132;15/08/2026 13:27;ANNULEE
1437;661;133;22/10/2026 21:41;CONFIRMEE
1438;95;133;05/11/2026 08:43;CONFIRMEE
1439;635;133;30/10/2026 03:01;CONFIRMEE
1440;185;133;02/11/2026 00:23;CONFIRMEE
1441;611;133;29/10/2026 07:35;CONFIRMEE
1442;106;133;10/11/2026 14:20;CONFIRMEE
1443;582;133;07/11/2026 23:42;CONFIRMEE
1444;229;133;16/11/2026 00:47;CONFIRMEE
1445;307;133;23/10/2026 17:10;ANNULEE
1446;51;134;11/01/2026 04:53;CONFIRMEE
1447;599;134;03/01/2026 10:07;CONFIRMEE
1448;52;134;23/12/2025 02:34;CONFIRMEE
1449;168;134;15/12/2025 15:21;CONFIRMEE
1450;729;134;16/12/2025 02:02;CONFIRMEE
1451;521;134;13/12/2025 01:53;CONFIRMEE
1452;263;134;22/12/2025 05:41;CONFIRMEE
1453;362;134;31/12/2025 08:18;CONFIRMEE
1454;181;134;26/12/2025 18:49;CONFIRMEE
1455;747;134;12/12/2025 08:42;CONFIRMEE
1456;663;134;06/01/2026 23:10;CONFIRMEE
1457;568;134;26/12/2025 13:54;CONFIRMEE
1458;623;134;26/12/2025 14:43;CONFIRMEE
1459;575;134;06/01/2026 01:03;ANNULEE
1460;721;134;29/12/2025 15:22;ANNULEE
1461;81;135;28/05/2026 02:08;CONFIRMEE
1462;1;135;02/06/2026 03:50;CONFIRMEE
1463;335;135;09/05/2026 00:10;CONFIRMEE
1464;356;135;14/05/2026 01:28;CONFIRMEE
1465;720;135;23/05/2026 07:42;CONFIRMEE
1466;662;135;25/05/2026 01:15;CONFIRMEE
1467;116;135;24/05/2026 05:36;CONFIRMEE
1468;543;135;16/05/2026 07:07;CONFIRMEE
1469;516;135;22/05/2026 15:08;ANNULEE
1470;316;136;18/03/2026 01:06;CONFIRMEE
1471;128;136;21/03/2026 19:36;CONFIRMEE
1472;168;136;08/03/2026 04:00;CONFIRMEE
1473;665;136;10/03/2026 14:16;CONFIRMEE
1474;659;136;31/03/2026 18:17;CONFIRMEE
1475;460;136;18/03/2026 10:57;CONFIRMEE
1476;314;136;21/03/2026 22:59;CONFIRMEE
1477;209;136;29/03/2026 06:12;CONFIRMEE
1478;277;136;18/03/2026 02:59;CONFIRMEE
1479;242;136;20/03/2026 19:31;CONFIRMEE
1480;502;136;26/03/2026 11:07;CONFIRMEE
1481;272;136;23/03/2026 16:05;CONFIRMEE
1482;401;136;31/03/2026 01:47;CONFIRMEE
1483;512;136;10/03/2026 15:31;CONFIRMEE
1484;138;136;14/03/2026 05:17;CONFIRMEE
1485;570;136;22/03/2026 08:36;ANNULEE
1486;322;137;10/06/2026 02:46;CONFIRMEE
1487;258;137;15/06/2026 10:20;CONFIRMEE
1488;347;137;30/06/2026 12:20;CONFIRMEE
1489;504;137;20/06/2026 11:22;CONFIRMEE
1490;540;137;15/06/2026 17:25;CONFIRMEE
1491;500;137;06/06/2026 07:57;CONFIRMEE
1492;370;137;18/06/2026 04:36;CONFIRMEE
1493;657;137;23/06/2026 19:11;CONFIRMEE
1494;676;137;27/06/2026 07:25;CONFIRMEE
1495;736;137;06/06/2026 09:45;CONFIRMEE
1496;447;137;23/06/2026 21:03;CONFIRMEE
1497;553;137;03/07/2026 08:45;ANNULEE
1498;337;137;30/06/2026 12:19;ANNULEE
1499;475;138;03/07/2026 03:57;CONFIRMEE
1500;94;138;03/07/2026 18:50;CONFIRMEE
1501;279;138;08/07/2026 22:45;CONFIRMEE
1502;70;138;11/06/2026 13:42;CONFIRMEE
1503;531;138;08/07/2026 16:20;CONFIRMEE
1504;692;138;27/06/2026 21:19;CONFIRMEE
1505;701;138;28/06/2026 19:52;CONFIRMEE
1506;67;138;03/07/2026 09:20;CONFIRMEE
1507;264;138;23/06/2026 12:28;CONFIRMEE
1508;367;138;01/07/2026 07:06;CONFIRMEE
1509;648;138;08/07/2026 11:11;CONFIRMEE
1510;346;138;20/06/2026 16:30;CONFIRMEE
1511;136;138;23/06/2026 15:01;CONFIRMEE
1512;332;138;22/06/2026 22:07;CONFIRMEE
1513;717;138;17/06/2026 14:46;CONFIRMEE
1514;725;138;23/06/2026 20:13;CONFIRMEE
1515;449;138;01/07/2026 09:34;CONFIRMEE
1516;234;138;05/07/2026 14:32;CONFIRMEE
1517;58;138;26/06/2026 21:22;ANNULEE
1518;230;138;01/07/2026 06:13;ANNULEE
1519;374;138;07/07/2026 03:32;ANNULEE
1520;739;139;20/02/2026 20:31;CONFIRMEE
1521;145;139;13/03/2026 16:54;CONFIRMEE
1522;593;139;05/03/2026 23:18;CONFIRMEE
1523;442;139;26/02/2026 04:05;CONFIRMEE
1524;271;139;25/02/2026 18:01;CONFIRMEE
1525;115;139;17/03/2026 23:24;CONFIRMEE
1526;285;139;18/02/2026 15:37;CONFIRMEE
1527;578;139;07/03/2026 20:07;ANNULEE
1528;578;140;14/01/2026 17:55;CONFIRMEE
1529;385;140;13/01/2026 18:31;CONFIRMEE
1530;151;140;21/01/2026 20:25;CONFIRMEE
1531;216;140;12/01/2026 01:02;CONFIRMEE
1532;56;140;21/01/2026 19:07;CONFIRMEE
1533;674;140;25/01/2026 06:02;CONFIRMEE
1534;703;140;06/01/2026 20:14;CONFIRMEE
1535;167;140;28/12/2025 04:07;CONFIRMEE
1536;690;140;30/12/2025 07:28;CONFIRMEE
1537;224;140;15/01/2026 04:36;CONFIRMEE
1538;606;140;05/01/2026 03:09;CONFIRMEE
1539;360;140;20/01/2026 08:38;CONFIRMEE
1540;545;140;23/01/2026 04:54;CONFIRMEE
1541;548;140;13/01/2026 14:42;CONFIRMEE
1542;256;140;22/01/2026 15:15;CONFIRMEE
1543;538;140;24/01/2026 15:38;CONFIRMEE
1544;238;140;28/12/2025 18:46;ANNULEE
1545;693;140;24/01/2026 00:56;ANNULEE
1546;431;141;07/01/2026 09:13;CONFIRMEE
1547;396;141;01/01/2026 20:10;CONFIRMEE
1548;253;141;05/01/2026 01:28;CONFIRMEE
1549;415;141;21/12/2025 16:02;CONFIRMEE
1550;565;141;10/01/2026 21:57;CONFIRMEE
1551;33;141;24/12/2025 10:46;CONFIRMEE
1552;385;141;13/01/2026 07:11;CONFIRMEE
1553;498;141;12/01/2026 14:18;CONFIRMEE
1554;503;141;04/01/2026 10:41;CONFIRMEE
1555;136;141;06/01/2026 21:41;CONFIRMEE
1556;673;141;04/01/2026 03:21;ANNULEE
1557;518;142;12/04/2026 02:52;CONFIRMEE
1558;128;142;02/04/2026 17:33;CONFIRMEE
1559;28;142;04/04/2026 06:40;CONFIRMEE
1560;308;142;06/04/2026 21:49;CONFIRMEE
1561;96;142;16/04/2026 04:10;CONFIRMEE
1562;241;142;12/04/2026 16:44;CONFIRMEE
1563;55;142;22/04/2026 02:49;CONFIRMEE
1564;573;142;22/04/2026 04:13;CONFIRMEE
1565;398;142;31/03/2026 08:24;CONFIRMEE
1566;66;142;01/04/2026 11:07;CONFIRMEE
1567;168;142;13/04/2026 09:27;CONFIRMEE
1568;277;143;20/01/2026 09:16;CONFIRMEE
1569;167;143;13/01/2026 23:22;CONFIRMEE
1570;668;143;17/01/2026 21:39;CONFIRMEE
1571;602;143;12/01/2026 17:23;CONFIRMEE
1572;644;143;23/01/2026 20:38;CONFIRMEE
1573;493;143;13/01/2026 17:14;CONFIRMEE
1574;102;143;15/01/2026 04:19;CONFIRMEE
1575;353;143;01/01/2026 18:18;CONFIRMEE
1576;239;143;13/01/2026 03:10;CONFIRMEE
1577;265;143;13/01/2026 21:19;ANNULEE
1578;210;144;06/02/2026 07:56;CONFIRMEE
1579;365;144;28/02/2026 21:36;CONFIRMEE
1580;384;144;13/02/2026 16:01;CONFIRMEE
1581;573;144;18/02/2026 01:16;CONFIRMEE
1582;509;144;13/02/2026 00:19;CONFIRMEE
1583;501;145;06/05/2026 13:47;CONFIRMEE
1584;328;145;28/05/2026 16:52;CONFIRMEE
1585;318;145;05/05/2026 08:40;CONFIRMEE
1586;306;145;13/05/2026 21:31;CONFIRMEE
1587;138;145;24/05/2026 19:18;CONFIRMEE
1588;121;145;10/05/2026 07:53;CONFIRMEE
1589;38;145;23/05/2026 12:11;CONFIRMEE
1590;116;146;13/01/2026 17:00;CONFIRMEE
1591;519;146;27/01/2026 05:11;CONFIRMEE
1592;141;146;20/01/2026 09:30;CONFIRMEE
1593;55;146;18/01/2026 23:49;CONFIRMEE
1594;398;146;25/01/2026 02:19;CONFIRMEE
1595;97;146;16/01/2026 10:45;CONFIRMEE
1596;109;146;20/01/2026 05:24;CONFIRMEE
1597;545;146;03/02/2026 20:37;ANNULEE
1598;482;147;12/03/2026 08:56;CONFIRMEE
1599;718;147;14/03/2026 08:45;CONFIRMEE
1600;187;147;27/03/2026 15:53;CONFIRMEE
1601;345;147;22/03/2026 01:13;CONFIRMEE
1602;412;147;19/03/2026 08:09;CONFIRMEE
1603;502;147;08/04/2026 08:02;CONFIRMEE
1604;242;147;15/03/2026 13:43;CONFIRMEE
1605;207;147;03/04/2026 21:50;CONFIRMEE
1606;616;147;01/04/2026 16:40;CONFIRMEE
1607;485;147;01/04/2026 21:24;CONFIRMEE
1608;239;147;14/03/2026 14:05;CONFIRMEE
1609;128;147;25/03/2026 09:19;CONFIRMEE
1610;98;147;27/03/2026 14:10;CONFIRMEE
1611;608;147;25/03/2026 13:17;CONFIRMEE
1612;159;147;17/03/2026 18:09;CONFIRMEE
1613;701;147;09/04/2026 05:43;CONFIRMEE
1614;85;147;30/03/2026 09:04;CONFIRMEE
1615;121;147;30/03/2026 18:34;CONFIRMEE
1616;460;147;07/04/2026 16:47;ANNULEE
1617;438;147;30/03/2026 01:17;ANNULEE
1618;748;148;20/04/2026 14:08;CONFIRMEE
1619;424;148;08/05/2026 16:53;CONFIRMEE
1620;690;148;01/05/2026 19:11;CONFIRMEE
1621;743;148;02/05/2026 06:06;CONFIRMEE
1622;590;148;19/05/2026 01:23;CONFIRMEE
1623;121;148;11/05/2026 11:33;ANNULEE
1624;302;149;08/06/2026 21:02;CONFIRMEE
1625;401;149;10/06/2026 17:10;CONFIRMEE
1626;199;149;01/07/2026 08:18;CONFIRMEE
1627;394;149;14/06/2026 19:56;CONFIRMEE
1628;397;149;04/07/2026 10:06;CONFIRMEE
1629;246;149;26/06/2026 08:30;CONFIRMEE
1630;665;149;07/07/2026 04:44;CONFIRMEE
1631;301;149;19/06/2026 15:41;CONFIRMEE
1632;576;149;24/06/2026 01:44;CONFIRMEE
1633;707;149;13/06/2026 04:14;ANNULEE
1634;81;149;01/07/2026 10:22;ANNULEE
1635;97;150;27/12/2025 09:58;CONFIRMEE
1636;192;150;30/12/2025 06:34;CONFIRMEE
1637;175;150;17/12/2025 04:28;CONFIRMEE
1638;352;150;11/12/2025 04:31;CONFIRMEE
1639;345;150;24/12/2025 01:47;CONFIRMEE
1640;81;150;02/01/2026 13:33;CONFIRMEE
1641;667;150;02/01/2026 15:48;CONFIRMEE
1642;204;150;07/01/2026 06:19;CONFIRMEE
1643;433;150;21/12/2025 03:16;ANNULEE
1644;273;151;13/05/2026 03:06;CONFIRMEE
1645;276;151;13/05/2026 05:25;CONFIRMEE
1646;136;151;27/05/2026 01:38;CONFIRMEE
1647;288;151;03/06/2026 18:21;CONFIRMEE
1648;706;151;01/06/2026 10:31;CONFIRMEE
1649;230;151;03/06/2026 06:00;CONFIRMEE
1650;52;151;23/05/2026 19:25;CONFIRMEE
1651;643;151;28/05/2026 22:51;CONFIRMEE
1652;78;151;16/05/2026 09:29;CONFIRMEE
1653;277;151;21/05/2026 17:23;CONFIRMEE
1654;736;151;07/05/2026 11:14;CONFIRMEE
1655;447;151;08/05/2026 23:03;CONFIRMEE
1656;290;151;16/05/2026 20:05;CONFIRMEE
1657;609;151;27/05/2026 19:05;CONFIRMEE
1658;665;151;02/06/2026 11:51;CONFIRMEE
1659;379;151;11/05/2026 19:29;CONFIRMEE
1660;127;151;06/05/2026 14:07;ANNULEE
1661;743;152;05/05/2026 23:14;CONFIRMEE
1662;666;152;12/05/2026 19:34;CONFIRMEE
1663;554;152;30/04/2026 18:04;CONFIRMEE
1664;653;152;07/05/2026 16:16;CONFIRMEE
1665;437;152;08/05/2026 18:38;CONFIRMEE
1666;546;152;30/04/2026 17:15;CONFIRMEE
1667;247;152;30/04/2026 19:43;CONFIRMEE
1668;675;152;10/05/2026 15:25;CONFIRMEE
1669;274;152;09/05/2026 16:52;CONFIRMEE
1670;384;152;19/05/2026 17:21;CONFIRMEE
1671;690;152;27/04/2026 02:32;CONFIRMEE
1672;345;152;06/05/2026 11:05;CONFIRMEE
1673;319;152;15/05/2026 00:36;CONFIRMEE
1674;412;152;06/05/2026 07:08;CONFIRMEE
1675;131;152;27/04/2026 09:25;CONFIRMEE
1676;239;152;23/04/2026 17:41;CONFIRMEE
1677;80;152;10/05/2026 15:02;CONFIRMEE
1678;210;152;04/05/2026 13:44;CONFIRMEE
1679;143;152;16/05/2026 22:09;CONFIRMEE
1680;46;152;29/04/2026 01:40;CONFIRMEE
1681;104;152;12/05/2026 08:13;CONFIRMEE
1682;172;152;30/04/2026 13:03;CONFIRMEE
1683;540;152;03/05/2026 09:00;CONFIRMEE
1684;356;152;18/05/2026 00:10;ANNULEE
1685;76;152;22/04/2026 10:27;ANNULEE
1686;148;152;29/04/2026 01:24;ANNULEE
1687;399;153;20/07/2026 01:24;CONFIRMEE
1688;668;153;16/07/2026 11:03;CONFIRMEE
1689;107;153;01/07/2026 03:34;CONFIRMEE
1690;455;153;12/07/2026 17:34;CONFIRMEE
1691;609;153;03/07/2026 21:35;CONFIRMEE
1692;584;153;26/06/2026 10:30;CONFIRMEE
1693;579;153;09/07/2026 14:20;CONFIRMEE
1694;297;153;11/07/2026 02:21;CONFIRMEE
1695;259;153;29/06/2026 09:56;CONFIRMEE
1696;463;153;17/07/2026 19:05;ANNULEE
1697;701;154;15/06/2026 11:19;CONFIRMEE
1698;225;154;26/05/2026 22:33;CONFIRMEE
1699;746;154;22/06/2026 21:56;CONFIRMEE
1700;668;154;08/06/2026 19:37;CONFIRMEE
1701;161;154;02/06/2026 17:33;CONFIRMEE
1702;140;154;18/06/2026 04:08;CONFIRMEE
1703;187;154;01/06/2026 00:46;CONFIRMEE
1704;302;154;21/06/2026 11:16;CONFIRMEE
1705;169;154;01/06/2026 06:04;CONFIRMEE
1706;414;154;23/06/2026 10:57;CONFIRMEE
1707;114;154;03/06/2026 10:44;CONFIRMEE
1708;445;154;04/06/2026 21:42;CONFIRMEE
1709;715;154;07/06/2026 10:43;CONFIRMEE
1710;419;154;08/06/2026 01:27;ANNULEE
1711;743;154;17/06/2026 14:30;ANNULEE
1712;732;155;19/07/2026 01:50;CONFIRMEE
1713;331;155;10/08/2026 12:42;CONFIRMEE
1714;728;155;10/08/2026 16:03;CONFIRMEE
1715;438;156;30/10/2026 13:48;CONFIRMEE
1716;359;156;29/10/2026 11:28;CONFIRMEE
1717;406;156;01/11/2026 07:42;CONFIRMEE
1718;650;156;02/11/2026 00:46;CONFIRMEE
1719;422;156;16/10/2026 18:12;CONFIRMEE
1720;298;156;26/10/2026 04:50;CONFIRMEE
1721;542;156;18/10/2026 20:09;CONFIRMEE
1722;427;156;01/11/2026 23:10;CONFIRMEE
1723;77;156;04/11/2026 17:25;CONFIRMEE
1724;104;156;20/10/2026 02:38;CONFIRMEE
1725;194;156;05/11/2026 05:09;CONFIRMEE
1726;136;156;02/11/2026 10:25;CONFIRMEE
1727;319;156;30/10/2026 22:05;CONFIRMEE
1728;740;156;23/10/2026 23:44;CONFIRMEE
1729;52;156;28/10/2026 07:15;CONFIRMEE
1730;629;156;02/11/2026 01:57;ANNULEE
1731;46;157;03/06/2026 03:51;CONFIRMEE
1732;161;157;21/06/2026 19:55;CONFIRMEE
1733;656;157;24/06/2026 02:48;CONFIRMEE
1734;379;157;04/06/2026 21:53;CONFIRMEE
1735;693;157;15/06/2026 05:49;CONFIRMEE
1736;732;157;25/06/2026 05:26;CONFIRMEE
1737;72;157;28/05/2026 05:19;CONFIRMEE
1738;96;157;06/06/2026 19:49;CONFIRMEE
1739;366;157;16/06/2026 18:04;CONFIRMEE
1740;432;157;02/06/2026 23:55;CONFIRMEE
1741;216;157;01/06/2026 14:25;CONFIRMEE
1742;219;157;15/06/2026 12:13;ANNULEE
1743;90;157;11/06/2026 22:47;ANNULEE
1744;480;158;02/07/2026 01:50;CONFIRMEE
1745;96;158;18/07/2026 17:43;CONFIRMEE
1746;447;158;20/07/2026 02:15;CONFIRMEE
1747;741;158;10/07/2026 06:04;CONFIRMEE
1748;358;158;18/07/2026 11:32;CONFIRMEE
1749;407;158;20/07/2026 22:49;CONFIRMEE
1750;327;158;28/06/2026 17:23;CONFIRMEE
1751;575;158;23/07/2026 09:50;ANNULEE
1752;739;159;08/04/2026 00:04;CONFIRMEE
1753;243;159;22/03/2026 09:09;CONFIRMEE
1754;745;159;11/04/2026 02:57;CONFIRMEE
1755;327;159;23/03/2026 00:37;CONFIRMEE
1756;32;159;13/04/2026 07:12;CONFIRMEE
1757;210;159;30/03/2026 11:48;CONFIRMEE
1758;276;159;05/04/2026 18:10;CONFIRMEE
1759;291;159;18/04/2026 00:49;CONFIRMEE
1760;157;159;04/04/2026 02:22;CONFIRMEE
1761;65;159;11/04/2026 17:55;CONFIRMEE
1762;483;159;25/03/2026 01:08;CONFIRMEE
1763;512;159;23/03/2026 11:04;CONFIRMEE
1764;730;159;09/04/2026 07:29;CONFIRMEE
1765;248;159;25/03/2026 02:09;CONFIRMEE
1766;145;159;11/04/2026 20:15;CONFIRMEE
1767;496;159;17/04/2026 00:10;CONFIRMEE
1768;166;159;08/04/2026 03:49;CONFIRMEE
1769;162;159;16/04/2026 02:58;CONFIRMEE
1770;185;159;01/04/2026 16:23;ANNULEE
1771;374;159;22/03/2026 07:28;ANNULEE
1772;176;159;15/04/2026 15:29;ANNULEE
1773;674;160;13/02/2026 17:28;CONFIRMEE
1774;343;160;01/02/2026 21:51;CONFIRMEE
1775;686;160;25/01/2026 13:44;CONFIRMEE
1776;628;160;06/02/2026 18:45;CONFIRMEE
1777;273;160;20/01/2026 18:10;CONFIRMEE
1778;672;160;17/02/2026 03:56;CONFIRMEE
1779;550;160;12/02/2026 23:33;CONFIRMEE
1780;518;160;12/02/2026 17:45;CONFIRMEE
1781;639;160;08/02/2026 22:03;CONFIRMEE
1782;305;160;13/02/2026 16:47;CONFIRMEE
1783;367;160;06/02/2026 08:29;CONFIRMEE
1784;69;160;30/01/2026 15:18;CONFIRMEE
1785;106;160;19/02/2026 02:36;ANNULEE
1786;542;160;08/02/2026 23:02;ANNULEE
1787;248;161;29/07/2026 20:41;CONFIRMEE
1788;729;161;03/08/2026 15:20;CONFIRMEE
1789;483;161;08/07/2026 04:03;CONFIRMEE
1790;163;161;01/08/2026 11:01;CONFIRMEE
1791;431;161;30/07/2026 19:48;CONFIRMEE
1792;742;161;18/07/2026 11:04;CONFIRMEE
1793;442;161;31/07/2026 20:23;CONFIRMEE
1794;672;161;09/07/2026 18:43;CONFIRMEE
1795;588;161;26/07/2026 15:44;ANNULEE
1796;447;162;25/12/2025 19:28;CONFIRMEE
1797;60;162;06/01/2026 21:17;CONFIRMEE
1798;688;162;02/01/2026 10:38;CONFIRMEE
1799;278;162;19/12/2025 22:44;CONFIRMEE
1800;189;162;08/01/2026 18:04;CONFIRMEE
1801;403;162;06/01/2026 16:16;CONFIRMEE
1802;562;162;25/12/2025 23:24;ANNULEE
1803;352;163;06/11/2026 15:27;CONFIRMEE
1804;602;163;31/10/2026 10:32;CONFIRMEE
1805;590;163;05/11/2026 19:36;CONFIRMEE
1806;746;163;08/11/2026 06:13;CONFIRMEE
1807;187;163;04/11/2026 03:33;CONFIRMEE
1808;128;163;27/10/2026 04:23;CONFIRMEE
1809;346;163;15/10/2026 03:08;CONFIRMEE
1810;224;163;22/10/2026 23:00;CONFIRMEE
1811;452;163;29/10/2026 14:16;CONFIRMEE
1812;530;163;31/10/2026 21:45;CONFIRMEE
1813;470;163;05/11/2026 20:26;CONFIRMEE
1814;463;163;06/11/2026 14:31;CONFIRMEE
1815;717;163;27/10/2026 22:33;CONFIRMEE
1816;75;163;30/10/2026 14:34;CONFIRMEE
1817;563;163;19/10/2026 02:58;CONFIRMEE
1818;57;163;28/10/2026 16:02;CONFIRMEE
1819;293;163;01/11/2026 22:54;ANNULEE
1820;140;163;09/11/2026 01:18;ANNULEE
1821;272;164;27/12/2025 19:09;CONFIRMEE
1822;259;164;20/12/2025 23:01;CONFIRMEE
1823;647;164;14/01/2026 09:07;CONFIRMEE
1824;448;164;30/12/2025 18:56;CONFIRMEE
1825;351;164;18/12/2025 16:56;CONFIRMEE
1826;552;165;07/01/2026 02:10;CONFIRMEE
1827;428;165;05/01/2026 03:52;CONFIRMEE
1828;172;165;28/12/2025 22:37;CONFIRMEE
1829;517;165;25/12/2025 09:04;CONFIRMEE
1830;253;165;10/12/2025 08:23;CONFIRMEE
1831;742;165;23/12/2025 11:53;CONFIRMEE
1832;54;165;26/12/2025 10:06;CONFIRMEE
1833;230;165;09/12/2025 02:31;CONFIRMEE
1834;395;165;23/12/2025 05:34;ANNULEE
1835;170;165;20/12/2025 23:15;ANNULEE
1836;682;166;11/03/2026 19:18;CONFIRMEE
1837;298;166;04/03/2026 00:00;CONFIRMEE
1838;393;166;11/03/2026 00:15;CONFIRMEE
1839;482;166;06/03/2026 07:30;CONFIRMEE
1840;490;166;20/03/2026 07:33;CONFIRMEE
1841;563;166;01/03/2026 14:55;CONFIRMEE
1842;276;166;06/03/2026 06:12;CONFIRMEE
1843;195;166;13/03/2026 00:39;ANNULEE
1844;215;167;31/10/2026 00:10;CONFIRMEE
1845;565;167;08/10/2026 17:34;CONFIRMEE
1846;484;167;20/10/2026 10:08;CONFIRMEE
1847;272;167;14/10/2026 11:47;CONFIRMEE
1848;304;167;01/11/2026 06:56;CONFIRMEE
1849;273;167;23/10/2026 17:30;CONFIRMEE
1850;438;167;01/11/2026 02:12;CONFIRMEE
1851;609;167;22/10/2026 13:13;CONFIRMEE
1852;406;167;26/10/2026 09:23;CONFIRMEE
1853;52;167;09/10/2026 02:39;CONFIRMEE
1854;212;167;03/11/2026 23:30;CONFIRMEE
1855;408;167;29/10/2026 23:25;ANNULEE
1856;732;168;25/06/2026 04:44;CONFIRMEE
1857;418;168;15/06/2026 20:54;CONFIRMEE
1858;280;168;30/06/2026 12:15;CONFIRMEE
1859;64;168;18/06/2026 09:20;CONFIRMEE
1860;199;168;10/07/2026 01:42;CONFIRMEE
1861;52;168;10/06/2026 17:54;CONFIRMEE
1862;350;168;05/07/2026 04:23;CONFIRMEE
1863;630;168;12/06/2026 11:12;CONFIRMEE
1864;544;168;07/07/2026 04:59;CONFIRMEE
1865;212;168;05/07/2026 12:40;CONFIRMEE
1866;498;168;01/07/2026 12:35;CONFIRMEE
1867;339;168;11/06/2026 07:48;CONFIRMEE
1868;610;168;17/06/2026 14:41;CONFIRMEE
1869;651;168;21/06/2026 06:58;CONFIRMEE
1870;492;168;20/06/2026 05:39;ANNULEE
1871;588;168;06/07/2026 18:27;ANNULEE
1872;199;169;27/02/2026 22:14;CONFIRMEE
1873;599;169;24/03/2026 15:02;CONFIRMEE
1874;226;169;02/03/2026 21:42;CONFIRMEE
1875;33;169;14/03/2026 18:33;CONFIRMEE
1876;706;169;22/03/2026 23:33;CONFIRMEE
1877;342;169;21/03/2026 05:21;CONFIRMEE
1878;556;169;02/03/2026 14:58;CONFIRMEE
1879;1;169;13/03/2026 14:11;CONFIRMEE
1880;79;169;04/03/2026 13:46;CONFIRMEE
1881;537;169;22/03/2026 17:35;CONFIRMEE
1882;167;169;19/03/2026 04:38;CONFIRMEE
1883;351;169;10/03/2026 01:52;CONFIRMEE
1884;573;169;21/03/2026 01:21;CONFIRMEE
1885;535;169;26/03/2026 08:36;CONFIRMEE
1886;87;169;08/03/2026 17:08;CONFIRMEE
1887;422;169;12/03/2026 16:07;CONFIRMEE
1888;179;169;26/03/2026 23:50;ANNULEE
1889;480;170;11/03/2026 17:06;CONFIRMEE
1890;744;170;17/03/2026 12:02;CONFIRMEE
1891;558;170;03/03/2026 22:42;CONFIRMEE
1892;184;171;19/07/2026 07:53;CONFIRMEE
1893;301;171;17/07/2026 02:39;CONFIRMEE
1894;548;171;10/08/2026 17:00;CONFIRMEE
1895;593;171;15/07/2026 04:16;CONFIRMEE
1896;357;171;18/07/2026 23:54;CONFIRMEE
1897;738;171;07/08/2026 22:10;CONFIRMEE
1898;211;171;06/08/2026 20:27;CONFIRMEE
1899;683;171;02/08/2026 09:55;CONFIRMEE
1900;331;171;04/08/2026 06:03;CONFIRMEE
1901;265;171;13/07/2026 20:19;CONFIRMEE
1902;214;171;30/07/2026 15:11;CONFIRMEE
1903;358;171;24/07/2026 05:55;ANNULEE
1904;145;172;09/03/2026 11:16;CONFIRMEE
1905;676;172;23/02/2026 01:41;CONFIRMEE
1906;593;172;17/03/2026 12:33;CONFIRMEE
1907;67;172;14/03/2026 09:48;CONFIRMEE
1908;303;172;24/02/2026 18:03;CONFIRMEE
1909;73;172;15/03/2026 18:25;CONFIRMEE
1910;279;172;09/03/2026 06:26;CONFIRMEE
1911;265;172;02/03/2026 20:20;CONFIRMEE
1912;417;172;08/03/2026 20:51;CONFIRMEE
1913;85;172;19/03/2026 05:00;CONFIRMEE
1914;692;172;27/02/2026 06:13;CONFIRMEE
1915;425;172;24/02/2026 11:16;CONFIRMEE
1916;518;172;04/03/2026 19:49;CONFIRMEE
1917;161;172;05/03/2026 11:45;CONFIRMEE
1918;55;172;13/03/2026 18:11;CONFIRMEE
1919;472;172;23/02/2026 09:00;CONFIRMEE
1920;57;172;25/02/2026 15:38;CONFIRMEE
1921;748;172;28/02/2026 09:47;CONFIRMEE
1922;499;172;24/02/2026 10:46;ANNULEE
1923;128;173;25/02/2026 19:10;CONFIRMEE
1924;575;173;03/03/2026 00:45;CONFIRMEE
1925;100;173;12/03/2026 21:34;CONFIRMEE
1926;327;173;14/03/2026 10:02;CONFIRMEE
1927;138;173;26/02/2026 10:01;CONFIRMEE
1928;276;173;22/02/2026 05:40;CONFIRMEE
1929;69;173;16/02/2026 11:46;ANNULEE
1930;334;174;04/06/2026 15:35;CONFIRMEE
1931;216;174;18/05/2026 21:17;CONFIRMEE
1932;284;174;29/05/2026 23:52;CONFIRMEE
1933;468;174;07/06/2026 14:03;CONFIRMEE
1934;342;174;22/05/2026 19:36;CONFIRMEE
1935;634;174;04/06/2026 21:04;CONFIRMEE
1936;47;174;19/05/2026 00:27;CONFIRMEE
1937;632;174;24/05/2026 04:52;CONFIRMEE
1938;102;174;05/06/2026 12:19;CONFIRMEE
1939;548;174;10/06/2026 13:51;ANNULEE
1940;121;175;14/09/2026 23:37;CONFIRMEE
1941;349;175;08/09/2026 20:11;CONFIRMEE
1942;298;175;07/09/2026 07:43;CONFIRMEE
1943;416;175;03/09/2026 13:38;CONFIRMEE
1944;308;175;27/08/2026 20:30;CONFIRMEE
1945;483;175;18/08/2026 16:16;CONFIRMEE
1946;598;175;02/09/2026 17:45;CONFIRMEE
1947;594;175;20/08/2026 15:05;ANNULEE
1948;709;176;09/08/2026 08:00;CONFIRMEE
1949;85;176;23/08/2026 19:55;CONFIRMEE
1950;646;176;14/08/2026 23:48;CONFIRMEE
1951;113;176;03/09/2026 13:42;CONFIRMEE
1952;638;176;28/08/2026 13:36;CONFIRMEE
1953;94;176;02/09/2026 15:55;CONFIRMEE
1954;61;176;23/08/2026 18:36;ANNULEE
1955;404;177;01/04/2026 10:03;CONFIRMEE
1956;200;177;05/04/2026 05:54;CONFIRMEE
1957;292;177;23/04/2026 12:08;CONFIRMEE
1958;162;177;16/04/2026 11:19;CONFIRMEE
1959;53;177;29/03/2026 08:40;CONFIRMEE
1960;138;177;25/04/2026 04:20;CONFIRMEE
1961;262;178;11/09/2026 11:04;CONFIRMEE
1962;226;178;24/08/2026 09:16;CONFIRMEE
1963;562;178;05/09/2026 19:16;CONFIRMEE
1964;701;178;10/09/2026 14:19;CONFIRMEE
1965;680;178;14/09/2026 23:04;CONFIRMEE
1966;666;178;09/09/2026 18:48;CONFIRMEE
1967;331;178;01/09/2026 12:37;CONFIRMEE
1968;27;178;04/09/2026 05:15;CONFIRMEE
1969;141;178;21/09/2026 12:35;CONFIRMEE
1970;485;178;22/09/2026 02:00;CONFIRMEE
1971;687;178;21/09/2026 07:10;CONFIRMEE
1972;691;178;23/08/2026 17:15;CONFIRMEE
1973;50;178;02/09/2026 10:22;ANNULEE
1974;108;179;15/01/2026 02:30;CONFIRMEE
1975;678;179;08/01/2026 20:09;CONFIRMEE
1976;40;179;26/12/2025 20:46;CONFIRMEE
1977;297;179;08/01/2026 21:46;CONFIRMEE
1978;545;179;10/01/2026 22:05;CONFIRMEE
1979;431;179;08/01/2026 14:38;CONFIRMEE
1980;548;179;28/12/2025 03:15;CONFIRMEE
1981;214;179;09/01/2026 17:14;CONFIRMEE
1982;187;179;12/01/2026 21:25;CONFIRMEE
1983;508;179;12/01/2026 14:03;ANNULEE
1984;374;180;25/11/2026 18:30;CONFIRMEE
1985;581;180;25/11/2026 00:54;CONFIRMEE
1986;140;180;30/10/2026 06:47;CONFIRMEE
1987;279;180;21/11/2026 20:42;CONFIRMEE
1988;472;180;26/11/2026 02:53;CONFIRMEE
1989;448;180;17/11/2026 06:54;CONFIRMEE
1990;610;180;21/11/2026 12:53;CONFIRMEE
1991;500;180;04/11/2026 01:27;CONFIRMEE
1992;77;180;08/11/2026 04:02;CONFIRMEE
1993;389;180;13/11/2026 07:13;CONFIRMEE
1994;438;180;03/11/2026 22:23;ANNULEE
1995;283;180;31/10/2026 18:22;ANNULEE
1996;34;181;19/09/2026 23:48;CONFIRMEE
1997;398;181;16/09/2026 06:06;CONFIRMEE
1998;238;181;27/09/2026 00:55;CONFIRMEE
1999;306;181;22/09/2026 04:41;CONFIRMEE
2000;590;181;21/09/2026 09:07;CONFIRMEE
2001;699;181;09/09/2026 13:22;CONFIRMEE
2002;271;181;23/09/2026 01:14;CONFIRMEE
2003;255;181;12/09/2026 06:26;CONFIRMEE
2004;612;181;21/09/2026 22:17;CONFIRMEE
2005;563;181;14/09/2026 20:28;CONFIRMEE
2006;461;181;27/09/2026 09:18;CONFIRMEE
2007;422;181;23/09/2026 12:52;CONFIRMEE
2008;279;181;11/09/2026 13:29;CONFIRMEE
2009;154;181;13/09/2026 14:42;CONFIRMEE
2010;88;181;08/09/2026 21:41;CONFIRMEE
2011;320;181;13/09/2026 23:46;CONFIRMEE
2012;438;181;04/09/2026 11:33;CONFIRMEE
2013;229;181;26/09/2026 08:56;CONFIRMEE
2014;216;181;29/08/2026 15:20;ANNULEE
2015;28;181;16/09/2026 13:16;ANNULEE
2016;354;181;18/09/2026 01:05;ANNULEE
2017;157;181;17/09/2026 22:53;ANNULEE
2018;104;182;20/11/2026 10:07;CONFIRMEE
2019;503;183;30/04/2026 11:33;CONFIRMEE
2020;484;183;28/04/2026 07:12;CONFIRMEE
2021;452;183;21/05/2026 15:58;CONFIRMEE
2022;738;183;06/05/2026 19:39;CONFIRMEE
2023;51;183;30/04/2026 16:31;CONFIRMEE
2024;442;183;09/05/2026 17:50;CONFIRMEE
2025;663;183;19/05/2026 20:19;ANNULEE
2026;144;184;24/10/2026 21:54;CONFIRMEE
2027;458;184;05/11/2026 03:19;CONFIRMEE
2028;644;184;10/11/2026 09:03;CONFIRMEE
2029;524;184;26/10/2026 17:45;CONFIRMEE
2030;312;184;04/11/2026 08:14;CONFIRMEE
2031;55;184;09/11/2026 03:52;CONFIRMEE
2032;51;184;20/10/2026 18:41;CONFIRMEE
2033;358;184;22/10/2026 06:49;CONFIRMEE
2034;263;184;14/10/2026 14:45;ANNULEE
2035;322;185;26/01/2026 12:34;CONFIRMEE
2036;580;185;16/01/2026 17:33;CONFIRMEE
2037;461;185;04/01/2026 20:55;CONFIRMEE
2038;420;185;27/01/2026 00:23;CONFIRMEE
2039;28;185;13/01/2026 21:22;CONFIRMEE
2040;653;185;17/01/2026 16:11;CONFIRMEE
2041;594;185;25/01/2026 17:59;CONFIRMEE
2042;228;185;06/01/2026 00:06;CONFIRMEE
2043;223;185;10/01/2026 07:53;CONFIRMEE
2044;533;185;21/01/2026 14:43;CONFIRMEE
2045;626;185;19/01/2026 15:30;CONFIRMEE
2046;91;185;25/01/2026 16:53;ANNULEE
2047;287;186;22/07/2026 08:31;CONFIRMEE
2048;565;186;25/07/2026 16:28;CONFIRMEE
2049;469;186;15/07/2026 21:51;CONFIRMEE
2050;519;186;18/07/2026 11:56;CONFIRMEE
2051;68;186;05/08/2026 10:12;CONFIRMEE
2052;398;186;16/07/2026 02:09;CONFIRMEE
2053;463;186;29/07/2026 16:51;CONFIRMEE
2054;303;186;16/07/2026 01:28;CONFIRMEE
2055;86;186;23/07/2026 06:59;CONFIRMEE
2056;32;186;22/07/2026 14:25;CONFIRMEE
2057;446;186;28/07/2026 20:59;CONFIRMEE
2058;707;186;17/07/2026 03:51;CONFIRMEE
2059;295;186;22/07/2026 01:02;CONFIRMEE
2060;64;186;24/07/2026 04:08;CONFIRMEE
2061;193;186;29/07/2026 11:38;CONFIRMEE
2062;686;186;17/07/2026 13:26;CONFIRMEE
2063;136;186;06/08/2026 08:03;CONFIRMEE
2064;451;186;06/08/2026 06:47;CONFIRMEE
2065;319;186;10/08/2026 03:14;CONFIRMEE
2066;610;186;02/08/2026 19:07;CONFIRMEE
2067;417;186;14/07/2026 13:41;CONFIRMEE
2068;344;186;16/07/2026 18:29;CONFIRMEE
2069;580;186;07/08/2026 03:39;CONFIRMEE
2070;655;186;24/07/2026 16:51;CONFIRMEE
2071;738;186;24/07/2026 01:33;ANNULEE
2072;200;187;02/05/2026 19:35;CONFIRMEE
2073;370;187;09/05/2026 07:30;CONFIRMEE
2074;103;187;28/04/2026 05:16;CONFIRMEE
2075;115;187;06/05/2026 12:25;CONFIRMEE
2076;584;187;22/04/2026 22:56;CONFIRMEE
2077;634;187;13/05/2026 21:29;CONFIRMEE
2078;268;187;20/05/2026 23:02;CONFIRMEE
2079;711;187;07/05/2026 13:29;ANNULEE
2080;188;188;19/04/2026 02:53;CONFIRMEE
2081;76;188;07/05/2026 21:56;CONFIRMEE
2082;510;188;23/04/2026 02:45;CONFIRMEE
2083;156;188;07/05/2026 03:31;CONFIRMEE
2084;111;188;13/05/2026 15:42;CONFIRMEE
2085;701;188;12/05/2026 01:33;CONFIRMEE
2086;155;188;17/04/2026 14:58;CONFIRMEE
2087;529;188;20/04/2026 20:01;CONFIRMEE
2088;294;188;15/04/2026 00:04;CONFIRMEE
2089;566;188;21/04/2026 10:01;CONFIRMEE
2090;293;188;12/05/2026 04:42;CONFIRMEE
2091;442;188;15/04/2026 15:35;CONFIRMEE
2092;528;188;03/05/2026 19:33;CONFIRMEE
2093;265;188;12/05/2026 00:42;CONFIRMEE
2094;460;188;28/04/2026 23:56;CONFIRMEE
2095;543;188;10/05/2026 23:01;CONFIRMEE
2096;104;188;10/05/2026 19:32;ANNULEE
2097;299;188;16/04/2026 02:09;ANNULEE
2098;177;188;21/04/2026 19:12;ANNULEE
2099;145;189;18/06/2026 04:00;CONFIRMEE
2100;502;189;12/06/2026 12:42;CONFIRMEE
2101;429;189;21/06/2026 23:24;CONFIRMEE
2102;273;189;16/06/2026 10:40;CONFIRMEE
2103;118;189;30/06/2026 09:05;CONFIRMEE
2104;628;189;02/07/2026 14:45;CONFIRMEE
2105;655;189;26/06/2026 04:44;CONFIRMEE
2106;641;189;17/06/2026 15:19;CONFIRMEE
2107;55;189;13/06/2026 08:03;CONFIRMEE
2108;213;189;30/06/2026 12:37;CONFIRMEE
2109;49;189;23/06/2026 11:07;CONFIRMEE
2110;240;189;13/06/2026 04:43;CONFIRMEE
2111;384;189;05/06/2026 16:33;CONFIRMEE
2112;689;189;24/06/2026 21:17;CONFIRMEE
2113;662;189;10/06/2026 22:11;CONFIRMEE
2114;417;189;29/06/2026 06:21;ANNULEE
2115;42;189;28/06/2026 05:47;ANNULEE
2116;53;190;06/03/2026 09:28;CONFIRMEE
2117;494;190;26/03/2026 12:26;CONFIRMEE
2118;248;190;30/03/2026 10:53;CONFIRMEE
2119;142;190;31/03/2026 09:57;CONFIRMEE
2120;417;190;19/03/2026 04:27;CONFIRMEE
2121;305;190;23/03/2026 15:59;CONFIRMEE
2122;144;190;10/03/2026 11:57;CONFIRMEE
2123;647;190;31/03/2026 12:00;ANNULEE
2124;648;191;19/01/2026 05:12;CONFIRMEE
2125;235;191;20/01/2026 17:05;CONFIRMEE
2126;503;191;26/12/2025 20:10;CONFIRMEE
2127;398;191;30/12/2025 08:20;CONFIRMEE
2128;177;191;03/01/2026 13:46;CONFIRMEE
2129;210;191;10/01/2026 15:40;CONFIRMEE
2130;188;191;06/01/2026 06:13;CONFIRMEE
2131;509;191;15/01/2026 12:52;CONFIRMEE
2132;360;191;20/01/2026 12:41;CONFIRMEE
2133;469;191;10/01/2026 20:50;CONFIRMEE
2134;451;191;27/12/2025 10:13;CONFIRMEE
2135;385;191;21/01/2026 16:20;CONFIRMEE
2136;673;191;14/01/2026 00:23;CONFIRMEE
2137;748;191;06/01/2026 16:42;ANNULEE
2138;272;192;05/12/2026 18:26;CONFIRMEE
2139;427;192;03/12/2026 09:07;CONFIRMEE
2140;590;193;12/01/2026 03:50;CONFIRMEE
2141;107;193;05/02/2026 12:37;CONFIRMEE
2142;701;193;11/01/2026 21:21;CONFIRMEE
2143;94;193;02/02/2026 18:24;CONFIRMEE
2144;529;193;12/01/2026 07:41;CONFIRMEE
2145;345;193;27/01/2026 15:37;ANNULEE
2146;408;194;30/06/2026 23:49;CONFIRMEE
2147;641;194;11/07/2026 22:33;CONFIRMEE
2148;169;194;06/07/2026 02:36;CONFIRMEE
2149;531;194;15/07/2026 10:37;CONFIRMEE
2150;382;194;12/07/2026 22:24;CONFIRMEE
2151;683;194;04/07/2026 06:55;CONFIRMEE
2152;331;194;29/06/2026 20:13;CONFIRMEE
2153;1;194;07/07/2026 05:50;CONFIRMEE
2154;239;194;30/06/2026 09:37;CONFIRMEE
2155;275;194;10/07/2026 00:01;ANNULEE
2156;506;194;19/07/2026 20:28;ANNULEE
2157;487;195;06/04/2026 18:41;CONFIRMEE
2158;380;195;28/03/2026 16:43;CONFIRMEE
2159;447;195;16/03/2026 01:32;CONFIRMEE
2160;464;195;14/03/2026 12:42;CONFIRMEE
2161;54;195;24/03/2026 02:21;CONFIRMEE
2162;438;195;07/04/2026 22:41;CONFIRMEE
2163;58;195;19/03/2026 18:00;CONFIRMEE
2164;43;195;13/03/2026 01:33;CONFIRMEE
2165;461;195;18/03/2026 16:28;CONFIRMEE
2166;64;195;22/03/2026 12:06;CONFIRMEE
2167;579;195;02/04/2026 08:23;CONFIRMEE
2168;100;195;16/03/2026 19:29;ANNULEE
2169;734;195;13/03/2026 22:27;ANNULEE
2170;176;196;11/06/2026 14:14;CONFIRMEE
2171;655;196;01/07/2026 18:28;CONFIRMEE
2172;146;196;15/06/2026 17:35;CONFIRMEE
2173;248;196;19/06/2026 15:21;CONFIRMEE
2174;327;196;10/06/2026 11:05;CONFIRMEE
2175;256;196;09/06/2026 13:38;CONFIRMEE
2176;119;196;02/07/2026 01:11;CONFIRMEE
2177;246;196;26/06/2026 19:20;CONFIRMEE
2178;290;196;02/07/2026 23:19;ANNULEE
2179;76;197;15/03/2026 19:00;CONFIRMEE
2180;247;197;06/04/2026 20:37;CONFIRMEE
2181;602;197;30/03/2026 00:57;CONFIRMEE
2182;34;197;03/04/2026 21:00;ANNULEE
2183;370;198;26/09/2026 12:45;CONFIRMEE
2184;609;198;03/10/2026 19:15;CONFIRMEE
2185;70;198;04/10/2026 19:31;CONFIRMEE
2186;239;198;15/09/2026 04:20;CONFIRMEE
2187;77;198;24/09/2026 14:51;CONFIRMEE
2188;271;199;20/01/2026 22:49;CONFIRMEE
2189;729;199;29/01/2026 15:04;CONFIRMEE
2190;405;199;07/02/2026 17:45;CONFIRMEE
2191;256;199;30/01/2026 03:14;CONFIRMEE
2192;474;199;01/02/2026 02:52;CONFIRMEE
2193;128;199;21/01/2026 19:55;CONFIRMEE
2194;449;199;13/01/2026 19:58;CONFIRMEE
2195;187;199;05/02/2026 09:28;ANNULEE
2196;685;200;12/03/2026 20:35;CONFIRMEE
2197;516;200;12/03/2026 03:23;CONFIRMEE
2198;90;200;05/04/2026 09:57;CONFIRMEE
2199;467;201;21/03/2026 17:43;CONFIRMEE
2200;68;201;17/03/2026 10:44;CONFIRMEE
2201;242;201;12/03/2026 22:08;CONFIRMEE
2202;204;201;08/03/2026 22:20;CONFIRMEE
2203;306;201;27/02/2026 07:45;CONFIRMEE
2204;590;201;06/03/2026 10:36;CONFIRMEE
2205;355;201;08/03/2026 15:38;ANNULEE
2206;342;202;07/04/2026 13:32;CONFIRMEE
2207;352;203;25/03/2026 11:22;CONFIRMEE
2208;65;203;16/03/2026 14:50;CONFIRMEE
2209;385;203;07/03/2026 17:11;CONFIRMEE
2210;454;203;05/03/2026 17:38;CONFIRMEE
2211;281;203;17/03/2026 05:32;ANNULEE
2212;665;204;01/04/2026 21:10;CONFIRMEE
2213;700;204;16/04/2026 23:19;CONFIRMEE
2214;44;204;22/04/2026 17:13;CONFIRMEE
2215;74;204;17/04/2026 13:47;CONFIRMEE
2216;640;204;24/04/2026 22:17;CONFIRMEE
2217;181;204;10/04/2026 20:31;CONFIRMEE
2218;67;204;27/03/2026 12:47;CONFIRMEE
2219;516;204;11/04/2026 17:16;ANNULEE
2220;111;205;10/06/2026 13:12;CONFIRMEE
2221;114;205;19/06/2026 00:22;CONFIRMEE
2222;731;205;13/06/2026 14:25;CONFIRMEE
2223;216;205;02/06/2026 22:17;CONFIRMEE
2224;159;205;05/06/2026 01:17;CONFIRMEE
2225;430;205;28/05/2026 17:00;CONFIRMEE
2226;58;205;17/06/2026 06:53;CONFIRMEE
2227;590;205;17/06/2026 20:56;CONFIRMEE
2228;588;205;24/06/2026 04:08;CONFIRMEE
2229;323;205;11/06/2026 15:52;CONFIRMEE
2230;729;205;07/06/2026 00:52;CONFIRMEE
2231;497;205;05/06/2026 01:00;CONFIRMEE
2232;251;205;31/05/2026 01:26;CONFIRMEE
2233;279;205;17/06/2026 19:06;CONFIRMEE
2234;584;205;07/06/2026 19:28;ANNULEE
2235;329;206;19/10/2026 15:27;CONFIRMEE
2236;602;206;22/10/2026 19:34;CONFIRMEE
2237;413;206;31/10/2026 19:15;CONFIRMEE
2238;645;206;17/10/2026 04:16;CONFIRMEE
2239;37;206;19/10/2026 00:22;CONFIRMEE
2240;280;206;09/10/2026 21:10;CONFIRMEE
2241;332;206;16/10/2026 23:14;CONFIRMEE
2242;744;206;07/10/2026 12:47;CONFIRMEE
2243;342;206;08/10/2026 11:54;CONFIRMEE
2244;99;206;04/10/2026 18:17;ANNULEE
2245;384;207;16/04/2026 19:48;CONFIRMEE
2246;160;207;12/04/2026 16:05;CONFIRMEE
2247;200;207;01/04/2026 18:10;CONFIRMEE
2248;539;207;27/04/2026 02:09;CONFIRMEE
2249;732;207;02/04/2026 18:19;CONFIRMEE
2250;276;207;17/04/2026 19:06;CONFIRMEE
2251;412;207;28/03/2026 23:16;CONFIRMEE
2252;326;207;15/04/2026 01:00;CONFIRMEE
2253;141;207;27/04/2026 03:41;CONFIRMEE
2254;115;207;25/04/2026 02:56;CONFIRMEE
2255;528;207;13/04/2026 13:31;CONFIRMEE
2256;225;207;15/04/2026 05:57;CONFIRMEE
2257;311;207;21/04/2026 17:05;CONFIRMEE
2258;740;207;01/04/2026 04:06;CONFIRMEE
2259;109;207;10/04/2026 13:27;CONFIRMEE
2260;127;207;09/04/2026 08:39;CONFIRMEE
2261;627;207;13/04/2026 22:33;CONFIRMEE
2262;358;207;25/04/2026 07:29;CONFIRMEE
2263;144;207;31/03/2026 21:07;CONFIRMEE
2264;128;207;06/04/2026 01:15;ANNULEE
2265;331;208;03/09/2026 22:45;CONFIRMEE
2266;233;208;09/08/2026 05:10;CONFIRMEE
2267;269;208;13/08/2026 08:20;CONFIRMEE
2268;379;208;29/08/2026 21:29;CONFIRMEE
2269;266;208;28/08/2026 12:34;CONFIRMEE
2270;725;208;24/08/2026 08:30;CONFIRMEE
2271;640;208;07/09/2026 03:33;CONFIRMEE
2272;501;208;22/08/2026 23:08;CONFIRMEE
2273;75;208;26/08/2026 19:24;CONFIRMEE
2274;246;208;21/08/2026 23:27;CONFIRMEE
2275;683;208;10/08/2026 14:18;CONFIRMEE
2276;707;208;18/08/2026 22:38;CONFIRMEE
2277;258;208;05/09/2026 00:47;CONFIRMEE
2278;569;208;02/09/2026 08:48;ANNULEE
2279;313;209;19/04/2026 05:46;CONFIRMEE
2280;517;209;21/04/2026 08:33;CONFIRMEE
2281;53;209;18/04/2026 21:44;CONFIRMEE
2282;508;209;01/05/2026 02:28;CONFIRMEE
2283;438;209;05/05/2026 22:45;CONFIRMEE
2284;738;209;28/04/2026 22:32;CONFIRMEE
2285;696;209;20/04/2026 15:51;CONFIRMEE
2286;453;210;04/05/2026 20:59;CONFIRMEE
2287;162;210;17/04/2026 13:32;CONFIRMEE
2288;177;210;25/04/2026 06:21;CONFIRMEE
2289;121;210;23/04/2026 15:58;CONFIRMEE
2290;411;210;22/04/2026 14:46;CONFIRMEE
2291;277;210;27/04/2026 18:42;CONFIRMEE
2292;58;210;03/05/2026 23:38;ANNULEE
2293;165;211;19/05/2026 06:54;CONFIRMEE
2294;672;211;09/06/2026 22:39;CONFIRMEE
2295;264;211;21/05/2026 00:54;CONFIRMEE
2296;331;211;15/05/2026 23:50;CONFIRMEE
2297;302;211;28/05/2026 18:00;CONFIRMEE
2298;328;211;25/05/2026 08:06;CONFIRMEE
2299;106;211;25/05/2026 00:11;CONFIRMEE
2300;176;211;17/05/2026 03:25;CONFIRMEE
2301;702;211;24/05/2026 02:05;CONFIRMEE
2302;81;211;29/05/2026 21:42;ANNULEE
2303;599;212;28/06/2026 01:22;CONFIRMEE
2304;491;212;20/06/2026 06:13;CONFIRMEE
2305;707;212;04/07/2026 09:02;CONFIRMEE
2306;251;212;13/07/2026 23:01;CONFIRMEE
2307;448;212;14/07/2026 04:26;CONFIRMEE
2308;339;212;26/06/2026 18:50;CONFIRMEE
2309;742;212;07/07/2026 13:58;CONFIRMEE
2310;265;212;12/07/2026 11:17;CONFIRMEE
2311;715;212;28/06/2026 02:53;CONFIRMEE
2312;263;212;22/06/2026 06:17;CONFIRMEE
2313;170;212;20/06/2026 08:16;CONFIRMEE
2314;231;212;29/06/2026 18:31;ANNULEE
2315;438;212;22/06/2026 09:03;ANNULEE
2316;275;213;20/07/2026 17:49;CONFIRMEE
2317;279;213;26/07/2026 00:09;CONFIRMEE
2318;446;213;01/08/2026 16:49;CONFIRMEE
2319;494;213;08/08/2026 20:21;CONFIRMEE
2320;437;213;08/08/2026 07:18;CONFIRMEE
2321;717;213;23/07/2026 01:13;ANNULEE
2322;327;214;14/08/2026 21:09;CONFIRMEE
2323;169;214;27/08/2026 05:43;CONFIRMEE
2324;55;214;23/08/2026 03:41;CONFIRMEE
2325;442;214;23/08/2026 01:35;CONFIRMEE
2326;680;214;25/08/2026 01:50;CONFIRMEE
2327;177;214;18/08/2026 08:24;CONFIRMEE
2328;126;214;03/09/2026 02:45;CONFIRMEE
2329;710;214;06/09/2026 17:30;CONFIRMEE
2330;534;214;31/08/2026 20:07;CONFIRMEE
2331;216;214;20/08/2026 11:40;CONFIRMEE
2332;746;214;15/08/2026 08:01;CONFIRMEE
2333;488;214;18/08/2026 11:42;CONFIRMEE
2334;556;214;17/08/2026 19:48;CONFIRMEE
2335;207;214;25/08/2026 06:40;CONFIRMEE
2336;730;214;15/08/2026 12:58;CONFIRMEE
2337;464;214;08/09/2026 05:02;CONFIRMEE
2338;460;214;27/08/2026 15:11;CONFIRMEE
2339;583;214;24/08/2026 10:28;CONFIRMEE
2340;517;214;12/08/2026 14:52;CONFIRMEE
2341;473;214;27/08/2026 17:12;ANNULEE
2342;341;214;05/09/2026 19:55;ANNULEE
2343;84;214;31/08/2026 11:30;ANNULEE
2344;713;215;14/10/2026 20:29;CONFIRMEE
2345;709;215;15/10/2026 05:36;CONFIRMEE
2346;648;215;15/10/2026 00:42;CONFIRMEE
2347;443;215;08/11/2026 00:22;CONFIRMEE
2348;303;215;29/10/2026 23:09;CONFIRMEE
2349;692;215;03/11/2026 11:56;CONFIRMEE
2350;517;215;16/10/2026 07:42;CONFIRMEE
2351;624;215;30/10/2026 08:31;CONFIRMEE
2352;506;215;05/11/2026 04:04;CONFIRMEE
2353;661;215;28/10/2026 19:10;CONFIRMEE
2354;94;215;17/10/2026 04:00;CONFIRMEE
2355;552;215;31/10/2026 23:32;CONFIRMEE
2356;32;215;15/10/2026 09:18;CONFIRMEE
2357;344;215;17/10/2026 09:32;CONFIRMEE
2358;125;215;22/10/2026 18:45;ANNULEE
2359;463;216;27/02/2026 00:23;CONFIRMEE
2360;447;216;20/03/2026 15:10;CONFIRMEE
2361;73;216;10/03/2026 22:20;CONFIRMEE
2362;252;216;21/03/2026 17:01;CONFIRMEE
2363;313;216;21/03/2026 03:50;CONFIRMEE
2364;110;216;08/03/2026 14:28;CONFIRMEE
2365;334;216;09/03/2026 00:08;CONFIRMEE
2366;191;216;03/03/2026 15:18;CONFIRMEE
2367;736;216;07/03/2026 05:09;CONFIRMEE
2368;121;216;06/03/2026 14:22;CONFIRMEE
2369;385;216;26/02/2026 15:33;CONFIRMEE
2370;341;216;24/03/2026 06:59;ANNULEE
2371;134;217;11/03/2026 03:29;CONFIRMEE
2372;384;217;23/03/2026 22:09;CONFIRMEE
2373;248;217;27/02/2026 20:57;CONFIRMEE
2374;696;217;24/02/2026 00:02;CONFIRMEE
2375;196;217;21/03/2026 09:11;CONFIRMEE
2376;49;217;03/03/2026 05:46;ANNULEE
2377;336;218;27/08/2026 21:19;CONFIRMEE
2378;277;218;26/08/2026 09:36;CONFIRMEE
2379;280;218;10/08/2026 23:52;CONFIRMEE
2380;100;218;07/09/2026 13:21;CONFIRMEE
2381;244;218;13/08/2026 20:09;CONFIRMEE
2382;390;218;13/08/2026 01:38;CONFIRMEE
2383;735;218;24/08/2026 13:26;CONFIRMEE
2384;563;218;01/09/2026 11:58;CONFIRMEE
2385;106;218;24/08/2026 12:06;CONFIRMEE
2386;622;218;05/09/2026 18:08;CONFIRMEE
2387;660;218;31/08/2026 05:56;CONFIRMEE
2388;461;218;21/08/2026 14:47;CONFIRMEE
2389;207;218;07/09/2026 17:12;CONFIRMEE
2390;96;218;11/08/2026 03:36;CONFIRMEE
2391;37;218;17/08/2026 19:39;CONFIRMEE
2392;42;218;17/08/2026 15:35;CONFIRMEE
2393;264;218;27/08/2026 18:44;ANNULEE
2394;228;218;08/09/2026 13:48;ANNULEE
2395;602;218;17/08/2026 13:00;ANNULEE
2396;183;219;02/03/2026 20:09;CONFIRMEE
2397;368;219;09/03/2026 04:59;CONFIRMEE
2398;581;219;09/03/2026 09:38;CONFIRMEE
2399;363;219;13/02/2026 01:51;CONFIRMEE
2400;179;219;13/02/2026 00:55;CONFIRMEE
2401;626;219;18/02/2026 03:23;CONFIRMEE
2402;531;219;04/03/2026 16:49;CONFIRMEE
2403;279;219;08/02/2026 13:41;CONFIRMEE
2404;281;219;05/03/2026 07:26;CONFIRMEE
2405;248;219;01/03/2026 23:25;CONFIRMEE
2406;178;219;10/02/2026 15:10;CONFIRMEE
2407;458;219;15/02/2026 06:23;ANNULEE
2408;650;220;29/05/2026 17:39;CONFIRMEE
2409;199;220;17/05/2026 11:10;CONFIRMEE
2410;497;220;26/05/2026 21:05;CONFIRMEE
2411;559;220;31/05/2026 02:03;CONFIRMEE
2412;641;220;31/05/2026 12:45;CONFIRMEE
2413;28;220;08/05/2026 12:28;CONFIRMEE
2414;591;220;18/05/2026 22:20;CONFIRMEE
2415;341;220;27/05/2026 08:45;CONFIRMEE
2416;525;220;01/06/2026 00:17;CONFIRMEE
2417;384;220;07/05/2026 10:06;ANNULEE
2418;61;221;22/12/2025 06:49;CONFIRMEE
2419;252;221;30/12/2025 19:21;CONFIRMEE
2420;276;221;02/01/2026 09:19;CONFIRMEE
2421;204;221;09/01/2026 05:05;CONFIRMEE
2422;636;221;25/12/2025 19:21;CONFIRMEE
2423;675;221;16/01/2026 03:05;ANNULEE
2424;706;222;30/10/2026 21:55;CONFIRMEE
2425;391;222;05/11/2026 11:15;CONFIRMEE
2426;702;222;21/10/2026 15:40;CONFIRMEE
2427;292;222;04/11/2026 00:31;CONFIRMEE
2428;248;222;25/10/2026 12:48;CONFIRMEE
2429;625;222;20/10/2026 15:16;CONFIRMEE
2430;215;222;24/10/2026 20:41;CONFIRMEE
2431;227;222;03/11/2026 20:59;CONFIRMEE
2432;257;222;26/10/2026 23:47;CONFIRMEE
2433;707;222;08/11/2026 11:46;CONFIRMEE
2434;150;222;15/11/2026 12:16;CONFIRMEE
2435;260;222;26/10/2026 11:59;CONFIRMEE
2436;555;222;19/10/2026 05:03;CONFIRMEE
2437;669;222;10/11/2026 07:34;CONFIRMEE
2438;163;222;05/11/2026 22:17;CONFIRMEE
2439;642;222;22/10/2026 09:51;CONFIRMEE
2440;82;222;31/10/2026 22:12;CONFIRMEE
2441;601;222;13/11/2026 18:06;CONFIRMEE
2442;165;222;08/11/2026 00:24;CONFIRMEE
2443;404;222;31/10/2026 20:19;CONFIRMEE
2444;683;222;23/10/2026 11:39;CONFIRMEE
2445;212;222;13/11/2026 19:17;ANNULEE
2446;425;222;20/10/2026 13:50;ANNULEE
2447;140;222;31/10/2026 03:32;ANNULEE
2448;692;223;20/06/2026 00:47;CONFIRMEE
2449;77;223;22/06/2026 07:25;CONFIRMEE
2450;43;223;11/07/2026 14:06;CONFIRMEE
2451;637;223;19/07/2026 03:16;CONFIRMEE
2452;415;223;28/06/2026 03:39;CONFIRMEE
2453;640;223;20/06/2026 21:06;CONFIRMEE
2454;410;223;01/07/2026 15:20;CONFIRMEE
2455;42;223;19/07/2026 08:11;CONFIRMEE
2456;539;223;15/07/2026 22:24;CONFIRMEE
2457;380;223;28/06/2026 18:10;CONFIRMEE
2458;610;223;12/07/2026 02:46;CONFIRMEE
2459;445;223;24/06/2026 18:20;CONFIRMEE
2460;172;223;02/07/2026 13:08;CONFIRMEE
2461;643;223;24/06/2026 16:43;CONFIRMEE
2462;392;223;12/07/2026 03:30;CONFIRMEE
2463;546;223;23/06/2026 04:20;ANNULEE
2464;714;224;20/05/2026 18:13;CONFIRMEE
2465;361;224;16/05/2026 22:16;CONFIRMEE
2466;170;224;20/05/2026 23:06;CONFIRMEE
2467;741;224;22/05/2026 14:46;CONFIRMEE
2468;166;224;05/06/2026 22:06;CONFIRMEE
2469;57;224;29/05/2026 13:59;CONFIRMEE
2470;146;224;24/05/2026 11:55;CONFIRMEE
2471;424;224;02/06/2026 16:11;CONFIRMEE
2472;657;224;29/05/2026 06:56;CONFIRMEE
2473;116;224;21/05/2026 16:23;CONFIRMEE
2474;389;224;11/05/2026 20:01;CONFIRMEE
2475;228;224;31/05/2026 20:20;ANNULEE
2476;324;224;02/06/2026 06:36;ANNULEE
2477;743;225;16/01/2026 06:19;CONFIRMEE
2478;692;225;23/12/2025 19:34;CONFIRMEE
2479;296;225;09/01/2026 19:39;CONFIRMEE
2480;533;225;09/01/2026 07:19;CONFIRMEE
2481;493;225;05/01/2026 14:08;CONFIRMEE
2482;121;225;17/01/2026 06:08;CONFIRMEE
2483;176;225;15/01/2026 21:50;CONFIRMEE
2484;149;225;05/01/2026 03:53;CONFIRMEE
2485;353;225;04/01/2026 03:57;CONFIRMEE
2486;192;225;11/01/2026 16:28;CONFIRMEE
2487;352;225;24/12/2025 02:06;CONFIRMEE
2488;230;225;10/01/2026 22:08;CONFIRMEE
2489;523;225;02/01/2026 14:43;CONFIRMEE
2490;628;225;18/01/2026 07:57;CONFIRMEE
2491;147;225;11/01/2026 14:55;ANNULEE
2492;67;225;04/01/2026 01:42;ANNULEE
2493;120;225;15/01/2026 12:42;ANNULEE
2494;710;226;24/10/2026 01:38;CONFIRMEE
2495;303;226;14/10/2026 18:11;CONFIRMEE
2496;301;226;07/11/2026 19:32;CONFIRMEE
2497;306;226;09/11/2026 09:04;CONFIRMEE
2498;255;226;24/10/2026 18:04;CONFIRMEE
2499;246;226;08/11/2026 00:08;CONFIRMEE
2500;553;226;25/10/2026 05:44;CONFIRMEE
2501;590;226;25/10/2026 07:23;CONFIRMEE
2502;45;226;06/11/2026 09:16;CONFIRMEE
2503;648;226;04/11/2026 16:05;CONFIRMEE
2504;114;226;08/11/2026 05:04;ANNULEE
2505;241;226;09/11/2026 21:49;ANNULEE
2506;240;227;26/01/2026 15:23;CONFIRMEE
2507;447;227;21/02/2026 01:11;CONFIRMEE
2508;355;227;05/02/2026 08:34;CONFIRMEE
2509;437;227;19/02/2026 07:48;CONFIRMEE
2510;117;227;22/02/2026 00:05;CONFIRMEE
2511;51;227;18/02/2026 02:12;CONFIRMEE
2512;245;227;07/02/2026 05:15;CONFIRMEE
2513;636;227;11/02/2026 18:16;CONFIRMEE
2514;494;227;06/02/2026 08:24;ANNULEE
2515;247;228;08/01/2026 12:06;CONFIRMEE
2516;175;228;12/12/2025 17:03;CONFIRMEE
2517;275;228;24/12/2025 20:59;CONFIRMEE
2518;706;228;11/12/2025 09:25;CONFIRMEE
2519;716;228;25/12/2025 15:01;CONFIRMEE
2520;250;228;30/12/2025 10:10;CONFIRMEE
2521;452;228;14/12/2025 07:09;CONFIRMEE
2522;518;228;18/12/2025 20:31;ANNULEE
2523;94;229;10/08/2026 03:36;CONFIRMEE
2524;713;229;07/08/2026 09:52;CONFIRMEE
2525;70;229;29/07/2026 20:34;CONFIRMEE
2526;252;229;27/07/2026 22:01;CONFIRMEE
2527;157;229;06/08/2026 01:59;CONFIRMEE
2528;725;229;10/08/2026 03:58;CONFIRMEE
2529;416;229;04/08/2026 03:45;CONFIRMEE
2530;213;229;29/07/2026 09:19;CONFIRMEE
2531;543;229;23/08/2026 03:54;CONFIRMEE
2532;616;229;06/08/2026 04:18;CONFIRMEE
2533;277;229;03/08/2026 15:09;CONFIRMEE
2534;593;229;24/07/2026 21:35;CONFIRMEE
2535;47;229;06/08/2026 14:24;CONFIRMEE
2536;630;229;17/08/2026 21:31;CONFIRMEE
2537;185;229;14/08/2026 21:09;CONFIRMEE
2538;732;229;30/07/2026 00:38;CONFIRMEE
2539;316;229;24/07/2026 18:50;CONFIRMEE
2540;243;229;19/08/2026 01:17;ANNULEE
2541;1;229;01/08/2026 17:57;ANNULEE
2542;60;230;16/09/2026 12:22;CONFIRMEE
2543;679;230;21/09/2026 14:18;CONFIRMEE
2544;127;230;28/09/2026 04:47;CONFIRMEE
2545;219;230;16/09/2026 07:41;CONFIRMEE
2546;708;230;17/09/2026 05:06;CONFIRMEE
2547;225;230;08/09/2026 06:46;CONFIRMEE
2548;427;230;29/09/2026 04:40;CONFIRMEE
2549;480;230;12/09/2026 14:03;CONFIRMEE
2550;357;230;26/09/2026 00:04;CONFIRMEE
2551;63;230;23/09/2026 23:29;CONFIRMEE
2552;603;230;19/09/2026 01:37;CONFIRMEE
2553;379;230;12/09/2026 17:15;CONFIRMEE
2554;537;230;02/10/2026 19:10;CONFIRMEE
2555;561;230;17/09/2026 21:27;CONFIRMEE
2556;74;230;07/09/2026 08:44;CONFIRMEE
2557;355;230;04/10/2026 11:46;CONFIRMEE
2558;218;230;24/09/2026 09:36;CONFIRMEE
2559;706;230;29/09/2026 00:25;ANNULEE
2560;115;230;26/09/2026 21:05;ANNULEE
2561;711;230;24/09/2026 02:26;ANNULEE
2562;241;231;26/05/2026 04:55;CONFIRMEE
2563;702;231;23/05/2026 22:43;CONFIRMEE
2564;78;231;24/05/2026 22:14;CONFIRMEE
2565;528;231;19/05/2026 18:00;CONFIRMEE
2566;463;231;06/05/2026 14:15;CONFIRMEE
2567;317;231;02/06/2026 02:32;CONFIRMEE
2568;554;231;02/06/2026 17:52;CONFIRMEE
2569;32;231;24/05/2026 04:57;CONFIRMEE
2570;537;231;25/05/2026 02:30;CONFIRMEE
2571;712;231;24/05/2026 16:31;CONFIRMEE
2572;613;231;30/05/2026 03:52;CONFIRMEE
2573;304;231;28/05/2026 15:18;ANNULEE
2574;284;232;19/08/2026 23:55;CONFIRMEE
2575;126;232;27/08/2026 21:34;CONFIRMEE
2576;93;232;31/08/2026 14:09;CONFIRMEE
2577;407;232;02/09/2026 19:12;CONFIRMEE
2578;215;232;22/08/2026 19:20;CONFIRMEE
2579;128;232;29/08/2026 15:48;CONFIRMEE
2580;260;232;06/09/2026 04:52;CONFIRMEE
2581;259;232;04/09/2026 05:55;CONFIRMEE
2582;577;232;12/08/2026 22:08;CONFIRMEE
2583;78;232;20/08/2026 02:33;CONFIRMEE
2584;393;232;30/08/2026 13:40;CONFIRMEE
2585;240;232;15/08/2026 20:59;CONFIRMEE
2586;658;232;23/08/2026 17:00;ANNULEE
2587;660;232;20/08/2026 19:44;ANNULEE
2588;279;233;27/03/2026 18:06;CONFIRMEE
2589;405;233;08/04/2026 12:38;CONFIRMEE
2590;415;233;02/04/2026 11:51;CONFIRMEE
2591;531;233;19/03/2026 03:41;CONFIRMEE
2592;482;233;17/03/2026 11:53;CONFIRMEE
2593;655;233;14/04/2026 01:48;CONFIRMEE
2594;552;233;13/04/2026 05:54;ANNULEE
2595;261;234;11/07/2026 16:33;CONFIRMEE
2596;38;234;17/07/2026 20:26;CONFIRMEE
2597;331;234;24/07/2026 12:50;CONFIRMEE
2598;187;234;06/08/2026 10:46;CONFIRMEE
2599;742;234;10/07/2026 12:46;CONFIRMEE
2600;506;234;17/07/2026 20:50;CONFIRMEE
2601;389;234;31/07/2026 20:20;CONFIRMEE
2602;170;234;06/08/2026 14:06;CONFIRMEE
2603;460;234;28/07/2026 20:45;CONFIRMEE
2604;432;235;22/11/2026 07:21;CONFIRMEE
2605;680;235;17/11/2026 20:42;CONFIRMEE
2606;682;235;09/11/2026 16:14;CONFIRMEE
2607;668;235;22/11/2026 14:15;CONFIRMEE
2608;33;235;01/12/2026 07:57;CONFIRMEE
2609;63;235;12/11/2026 06:08;CONFIRMEE
2610;460;235;29/11/2026 14:31;CONFIRMEE
2611;180;235;12/11/2026 07:21;ANNULEE
2612;83;236;12/06/2026 04:23;CONFIRMEE
2613;352;236;26/05/2026 21:18;CONFIRMEE
2614;228;236;14/06/2026 03:45;CONFIRMEE
2615;650;236;15/06/2026 19:31;CONFIRMEE
2616;50;236;28/05/2026 16:49;CONFIRMEE
2617;142;236;12/06/2026 03:26;CONFIRMEE
2618;408;236;03/06/2026 12:52;CONFIRMEE
2619;60;236;28/05/2026 01:39;CONFIRMEE
2620;75;236;01/06/2026 15:47;CONFIRMEE
2621;469;236;05/06/2026 18:16;CONFIRMEE
2622;302;236;11/06/2026 06:51;CONFIRMEE
2623;368;236;02/06/2026 16:20;CONFIRMEE
2624;459;236;20/05/2026 04:06;CONFIRMEE
2625;639;236;07/06/2026 13:04;CONFIRMEE
2626;271;236;21/05/2026 21:34;CONFIRMEE
2627;73;236;31/05/2026 17:29;ANNULEE
2628;107;236;22/05/2026 01:21;ANNULEE
2629;414;237;26/09/2026 05:50;CONFIRMEE
2630;562;237;13/10/2026 06:54;CONFIRMEE
2631;693;237;08/10/2026 07:41;CONFIRMEE
2632;330;237;12/10/2026 10:06;CONFIRMEE
2633;722;237;29/09/2026 01:46;CONFIRMEE
2634;404;237;24/09/2026 03:32;CONFIRMEE
2635;434;237;01/10/2026 09:54;ANNULEE
2636;141;238;14/02/2026 03:33;CONFIRMEE
2637;535;238;07/03/2026 02:02;CONFIRMEE
2638;564;238;21/02/2026 08:53;CONFIRMEE
2639;163;238;11/02/2026 04:20;CONFIRMEE
2640;174;238;27/02/2026 15:50;CONFIRMEE
2641;266;238;22/02/2026 03:41;CONFIRMEE
2642;86;238;24/02/2026 08:03;CONFIRMEE
2643;239;238;04/03/2026 01:17;CONFIRMEE
2644;408;238;28/02/2026 06:28;CONFIRMEE
2645;495;238;02/03/2026 12:17;CONFIRMEE
2646;136;238;12/02/2026 09:53;CONFIRMEE
2647;739;238;04/03/2026 14:38;CONFIRMEE
2648;115;238;17/02/2026 22:37;CONFIRMEE
2649;628;238;10/02/2026 23:48;CONFIRMEE
2650;453;238;23/02/2026 04:18;CONFIRMEE
2651;30;238;25/02/2026 16:36;CONFIRMEE
2652;167;238;17/02/2026 21:38;CONFIRMEE
2653;121;238;24/02/2026 15:10;CONFIRMEE
2654;381;238;21/02/2026 03:26;ANNULEE
2655;316;239;02/10/2026 02:17;CONFIRMEE
2656;145;239;26/10/2026 23:01;CONFIRMEE
2657;653;239;23/10/2026 10:55;CONFIRMEE
2658;349;239;06/10/2026 05:03;CONFIRMEE
2659;63;239;29/10/2026 14:44;CONFIRMEE
2660;731;239;13/10/2026 19:13;CONFIRMEE
2661;675;239;20/10/2026 18:46;CONFIRMEE
2662;404;239;03/10/2026 16:11;CONFIRMEE
2663;176;239;28/10/2026 12:08;CONFIRMEE
2664;544;239;21/10/2026 09:39;CONFIRMEE
2665;100;239;13/10/2026 04:39;ANNULEE
2666;38;240;20/02/2026 22:51;CONFIRMEE
2667;198;240;22/02/2026 15:28;CONFIRMEE
2668;496;240;19/02/2026 21:35;CONFIRMEE
2669;746;240;06/03/2026 14:38;CONFIRMEE
2670;82;240;21/02/2026 00:41;CONFIRMEE
2671;656;240;28/02/2026 02:04;CONFIRMEE
2672;244;240;05/03/2026 19:02;CONFIRMEE
2673;90;240;06/03/2026 21:20;CONFIRMEE
2674;516;240;17/02/2026 15:04;CONFIRMEE
2675;558;240;25/02/2026 23:04;CONFIRMEE
2676;204;240;18/02/2026 13:03;CONFIRMEE
2677;195;240;08/03/2026 03:00;CONFIRMEE
2678;52;240;12/02/2026 18:45;CONFIRMEE
2679;79;240;03/03/2026 07:05;CONFIRMEE
2680;433;240;28/02/2026 01:11;CONFIRMEE
2681;595;240;24/02/2026 14:37;CONFIRMEE
2682;732;240;17/02/2026 11:27;ANNULEE
2683;711;240;08/03/2026 00:37;ANNULEE
2684;229;241;25/03/2026 03:31;CONFIRMEE
2685;630;241;27/02/2026 06:55;CONFIRMEE
2686;166;241;16/03/2026 10:49;CONFIRMEE
2687;90;241;24/03/2026 23:57;CONFIRMEE
2688;652;242;09/08/2026 03:41;CONFIRMEE
2689;299;242;16/07/2026 22:50;CONFIRMEE
2690;390;242;30/07/2026 13:50;CONFIRMEE
2691;431;242;26/07/2026 07:25;CONFIRMEE
2692;71;242;27/07/2026 05:11;CONFIRMEE
2693;361;242;01/08/2026 14:49;CONFIRMEE
2694;455;242;12/07/2026 03:40;CONFIRMEE
2695;665;242;27/07/2026 10:16;CONFIRMEE
2696;252;242;13/07/2026 22:49;ANNULEE
2697;303;243;31/10/2026 05:46;CONFIRMEE
2698;350;243;16/11/2026 10:33;CONFIRMEE
2699;451;243;03/11/2026 09:57;CONFIRMEE
2700;280;243;20/11/2026 18:33;CONFIRMEE
2701;512;243;23/11/2026 02:15;CONFIRMEE
2702;690;243;20/11/2026 08:39;CONFIRMEE
2703;708;243;04/11/2026 16:29;CONFIRMEE
2704;569;243;03/11/2026 17:13;ANNULEE
2705;142;244;07/01/2026 09:50;CONFIRMEE
2706;614;244;13/01/2026 10:28;CONFIRMEE
2707;484;244;28/12/2025 09:26;CONFIRMEE
2708;251;244;08/01/2026 10:32;CONFIRMEE
2709;691;244;10/01/2026 09:17;ANNULEE
2710;269;245;07/11/2026 17:19;CONFIRMEE
2711;488;245;24/10/2026 15:04;CONFIRMEE
2712;336;245;25/10/2026 09:52;CONFIRMEE
2713;261;245;06/11/2026 15:16;CONFIRMEE
2714;452;245;01/11/2026 21:15;CONFIRMEE
2715;31;245;23/10/2026 07:48;CONFIRMEE
2716;379;245;20/11/2026 13:09;ANNULEE
2717;111;246;01/10/2026 09:17;CONFIRMEE
2718;104;246;22/09/2026 01:02;CONFIRMEE
2719;85;246;18/09/2026 13:49;CONFIRMEE
2720;552;246;28/09/2026 21:39;CONFIRMEE
2721;337;246;03/10/2026 15:20;CONFIRMEE
2722;497;246;19/09/2026 03:36;CONFIRMEE
2723;706;246;11/10/2026 16:48;CONFIRMEE
2724;150;246;08/10/2026 19:27;CONFIRMEE
2725;272;246;10/10/2026 17:06;ANNULEE
2726;128;247;05/07/2026 18:08;CONFIRMEE
2727;122;247;11/07/2026 22:13;CONFIRMEE
2728;724;247;03/07/2026 21:32;CONFIRMEE
2729;519;247;27/06/2026 06:36;CONFIRMEE
2730;459;247;19/06/2026 05:41;CONFIRMEE
2731;54;247;11/07/2026 14:18;CONFIRMEE
2732;452;247;23/06/2026 10:17;ANNULEE
2733;85;248;10/11/2026 18:51;CONFIRMEE
2734;537;248;27/10/2026 13:29;CONFIRMEE
2735;565;248;06/11/2026 06:15;CONFIRMEE
2736;246;248;14/11/2026 14:15;CONFIRMEE
2737;290;248;28/10/2026 17:13;CONFIRMEE
2738;725;248;06/11/2026 17:03;CONFIRMEE
2739;742;248;13/11/2026 06:55;CONFIRMEE
2740;144;248;22/11/2026 07:51;CONFIRMEE
2741;368;248;31/10/2026 02:52;ANNULEE
2742;265;249;16/02/2026 17:06;CONFIRMEE
2743;69;249;20/02/2026 16:46;CONFIRMEE
2744;702;249;18/02/2026 14:46;CONFIRMEE
2745;253;249;25/02/2026 12:58;CONFIRMEE
2746;213;249;05/03/2026 08:46;CONFIRMEE
2747;464;249;08/02/2026 02:23;CONFIRMEE
2748;225;249;08/03/2026 21:38;CONFIRMEE
2749;204;249;01/03/2026 16:48;CONFIRMEE
2750;721;249;23/02/2026 02:23;CONFIRMEE
2751;73;249;12/02/2026 13:53;CONFIRMEE
2752;644;249;01/03/2026 00:35;CONFIRMEE
2753;218;249;05/03/2026 10:34;CONFIRMEE
2754;412;249;01/03/2026 16:03;CONFIRMEE
2755;122;249;04/03/2026 06:41;CONFIRMEE
2756;169;249;18/02/2026 15:00;ANNULEE
2757;593;250;18/04/2026 06:37;CONFIRMEE
2758;423;250;18/04/2026 05:35;CONFIRMEE
2759;247;250;19/04/2026 22:01;CONFIRMEE
2760;354;250;03/04/2026 16:41;CONFIRMEE
2761;175;250;16/04/2026 17:04;CONFIRMEE
2762;135;250;12/04/2026 04:15;CONFIRMEE
2763;316;250;02/04/2026 17:41;CONFIRMEE
2764;299;250;07/04/2026 16:11;CONFIRMEE
2765;734;250;22/04/2026 22:33;CONFIRMEE
2766;236;251;23/11/2026 10:00;CONFIRMEE
2767;408;251;07/11/2026 07:30;CONFIRMEE
2768;290;251;09/11/2026 09:29;CONFIRMEE
2769;560;251;28/10/2026 21:00;CONFIRMEE
2770;679;251;23/11/2026 04:41;CONFIRMEE
2771;332;251;21/11/2026 00:15;ANNULEE
2772;632;252;29/12/2025 11:08;CONFIRMEE
2773;216;252;26/12/2025 07:11;CONFIRMEE
2774;33;252;03/01/2026 06:08;CONFIRMEE
2775;505;252;20/12/2025 09:13;CONFIRMEE
2776;69;252;31/12/2025 02:06;CONFIRMEE
2777;67;252;23/12/2025 14:19;CONFIRMEE
2778;104;252;05/01/2026 19:25;CONFIRMEE
2779;253;252;28/12/2025 22:33;CONFIRMEE
2780;322;252;20/12/2025 08:58;CONFIRMEE
2781;316;252;10/12/2025 11:43;ANNULEE
2782;145;253;23/04/2026 06:30;CONFIRMEE
2783;660;253;19/04/2026 21:11;CONFIRMEE
2784;732;253;04/05/2026 23:34;CONFIRMEE
2785;686;253;17/05/2026 22:28;CONFIRMEE
2786;641;253;02/05/2026 07:16;CONFIRMEE
2787;295;253;28/04/2026 02:28;CONFIRMEE
2788;692;253;19/05/2026 05:09;CONFIRMEE
2789;264;253;16/05/2026 05:35;CONFIRMEE
2790;80;253;13/05/2026 18:28;ANNULEE
2791;207;254;13/02/2026 07:04;CONFIRMEE
2792;431;254;27/01/2026 03:21;CONFIRMEE
2793;741;254;19/02/2026 02:03;CONFIRMEE
2794;195;255;24/01/2026 17:58;CONFIRMEE
2795;571;255;31/01/2026 05:14;CONFIRMEE
2796;696;255;26/01/2026 09:50;CONFIRMEE
2797;415;255;16/01/2026 00:15;CONFIRMEE
2798;59;255;14/01/2026 04:21;CONFIRMEE
2799;554;255;27/01/2026 15:11;CONFIRMEE
2800;209;255;27/01/2026 22:31;CONFIRMEE
2801;423;255;16/01/2026 09:08;CONFIRMEE
2802;647;255;26/01/2026 09:36;ANNULEE
2803;303;255;06/01/2026 20:56;ANNULEE
2804;452;256;08/01/2026 11:18;CONFIRMEE
2805;651;256;15/12/2025 19:49;CONFIRMEE
2806;109;256;17/12/2025 06:14;CONFIRMEE
2807;528;256;25/12/2025 20:18;CONFIRMEE
2808;519;256;12/12/2025 23:20;CONFIRMEE
2809;469;256;17/12/2025 00:33;CONFIRMEE
2810;668;256;03/01/2026 08:24;CONFIRMEE
2811;692;256;16/12/2025 01:21;CONFIRMEE
2812;190;256;07/01/2026 06:18;CONFIRMEE
2813;155;256;09/01/2026 23:05;CONFIRMEE
2814;311;256;21/12/2025 17:19;CONFIRMEE
2815;471;256;30/12/2025 04:06;CONFIRMEE
2816;562;256;28/12/2025 20:15;CONFIRMEE
2817;607;256;25/12/2025 03:10;ANNULEE
2818;567;256;29/12/2025 12:26;ANNULEE
2819;228;257;17/11/2026 05:15;CONFIRMEE
2820;347;257;09/12/2026 21:05;CONFIRMEE
2821;701;257;05/12/2026 02:44;CONFIRMEE
2822;704;257;15/11/2026 21:25;CONFIRMEE
2823;492;257;18/11/2026 06:20;CONFIRMEE
2824;382;257;04/12/2026 18:33;CONFIRMEE
2825;490;257;04/12/2026 12:25;CONFIRMEE
2826;434;257;07/12/2026 16:32;CONFIRMEE
2827;249;257;01/12/2026 06:10;CONFIRMEE
2828;614;257;23/11/2026 11:33;ANNULEE
2829;638;258;23/08/2026 13:10;CONFIRMEE
2830;438;258;31/08/2026 02:32;CONFIRMEE
2831;660;258;11/09/2026 04:12;CONFIRMEE
2832;184;258;05/09/2026 14:58;CONFIRMEE
2833;85;258;23/08/2026 17:37;CONFIRMEE
2834;115;258;16/09/2026 18:01;CONFIRMEE
2835;125;258;27/08/2026 00:10;ANNULEE
2836;737;259;28/04/2026 16:53;CONFIRMEE
2837;418;259;02/05/2026 04:07;CONFIRMEE
2838;277;259;21/04/2026 13:41;CONFIRMEE
2839;323;259;03/05/2026 09:25;CONFIRMEE
2840;411;259;23/04/2026 15:34;CONFIRMEE
2841;721;259;07/05/2026 14:57;CONFIRMEE
2842;647;259;25/04/2026 17:52;CONFIRMEE
2843;264;259;14/04/2026 18:25;CONFIRMEE
2844;266;259;08/05/2026 11:47;ANNULEE
2845;565;260;23/09/2026 19:29;CONFIRMEE
2846;125;260;22/09/2026 08:53;CONFIRMEE
2847;321;260;25/09/2026 05:33;CONFIRMEE
2848;191;260;28/09/2026 17:16;CONFIRMEE
2849;227;260;16/09/2026 15:49;CONFIRMEE
2850;316;260;25/09/2026 19:48;CONFIRMEE
2851;44;260;16/09/2026 13:19;CONFIRMEE
2852;579;260;04/10/2026 02:01;ANNULEE
2853;77;261;29/06/2026 03:23;CONFIRMEE
2854;454;261;09/06/2026 04:27;CONFIRMEE
2855;558;261;29/06/2026 11:34;CONFIRMEE
2856;30;261;25/06/2026 14:01;CONFIRMEE
2857;66;261;22/06/2026 08:52;CONFIRMEE
2858;731;261;28/06/2026 08:52;CONFIRMEE
2859;275;261;01/07/2026 15:03;CONFIRMEE
2860;128;261;01/07/2026 06:56;CONFIRMEE
2861;458;261;10/06/2026 15:32;CONFIRMEE
2862;656;262;23/05/2026 08:54;CONFIRMEE
2863;182;262;15/05/2026 02:01;CONFIRMEE
2864;242;262;08/05/2026 05:59;CONFIRMEE
2865;229;262;01/05/2026 00:22;CONFIRMEE
2866;446;262;21/05/2026 10:19;CONFIRMEE
2867;272;262;23/05/2026 04:53;CONFIRMEE
2868;109;262;13/05/2026 22:30;CONFIRMEE
2869;291;262;24/05/2026 23:37;CONFIRMEE
2870;368;262;28/04/2026 05:31;CONFIRMEE
2871;689;262;13/05/2026 04:23;CONFIRMEE
2872;641;262;08/05/2026 03:34;CONFIRMEE
2873;286;262;15/05/2026 03:41;CONFIRMEE
2874;342;262;23/05/2026 14:15;CONFIRMEE
2875;365;262;30/04/2026 22:19;CONFIRMEE
2876;319;262;04/05/2026 11:31;CONFIRMEE
2877;276;262;08/05/2026 22:50;CONFIRMEE
2878;741;262;01/05/2026 09:53;CONFIRMEE
2879;350;262;05/05/2026 01:34;CONFIRMEE
2880;723;262;18/05/2026 22:16;ANNULEE
2881;692;263;22/07/2026 00:30;CONFIRMEE
2882;332;263;01/08/2026 11:15;CONFIRMEE
2883;219;263;11/07/2026 12:18;CONFIRMEE
2884;643;263;07/08/2026 17:41;CONFIRMEE
2885;159;263;27/07/2026 19:06;CONFIRMEE
2886;535;263;21/07/2026 18:44;CONFIRMEE
2887;635;263;05/08/2026 01:23;CONFIRMEE
2888;58;263;09/08/2026 12:04;CONFIRMEE
2889;492;263;21/07/2026 16:47;CONFIRMEE
2890;202;263;04/08/2026 21:28;CONFIRMEE
2891;203;263;29/07/2026 20:17;CONFIRMEE
2892;516;263;19/07/2026 16:55;CONFIRMEE
2893;590;263;09/08/2026 05:58;CONFIRMEE
2894;50;263;03/08/2026 01:29;ANNULEE
2895;83;263;17/07/2026 16:33;ANNULEE
2896;37;264;12/12/2025 03:25;CONFIRMEE
2897;93;264;17/12/2025 20:33;CONFIRMEE
2898;479;264;15/12/2025 23:28;CONFIRMEE
2899;347;264;25/12/2025 22:00;ANNULEE
2900;427;265;16/06/2026 02:15;CONFIRMEE
2901;720;265;08/06/2026 19:07;CONFIRMEE
2902;689;265;12/06/2026 19:07;CONFIRMEE
2903;668;265;06/06/2026 21:31;CONFIRMEE
2904;704;265;03/06/2026 00:56;CONFIRMEE
2905;566;265;30/05/2026 19:01;CONFIRMEE
2906;494;265;20/05/2026 18:22;ANNULEE
2907;742;266;29/06/2026 03:10;CONFIRMEE
2908;508;266;28/06/2026 11:53;CONFIRMEE
2909;210;266;09/06/2026 20:25;CONFIRMEE
2910;269;266;17/06/2026 20:08;CONFIRMEE
2911;410;266;20/06/2026 21:08;CONFIRMEE
2912;292;266;11/06/2026 08:15;CONFIRMEE
2913;409;267;28/10/2026 03:27;CONFIRMEE
2914;163;267;13/11/2026 04:03;CONFIRMEE
2915;247;267;26/10/2026 14:07;CONFIRMEE
2916;72;268;17/11/2026 07:20;CONFIRMEE
2917;396;268;09/11/2026 07:16;CONFIRMEE
2918;83;268;05/11/2026 19:59;CONFIRMEE
2919;238;268;20/10/2026 01:49;CONFIRMEE
2920;27;268;15/11/2026 13:30;ANNULEE
2921;308;269;05/05/2026 10:19;CONFIRMEE
2922;85;269;20/04/2026 13:29;CONFIRMEE
2923;526;269;04/05/2026 12:13;CONFIRMEE
2924;284;269;12/04/2026 18:41;CONFIRMEE
2925;587;269;26/04/2026 09:21;CONFIRMEE
2926;453;269;07/04/2026 17:01;CONFIRMEE
2927;723;269;09/04/2026 03:23;CONFIRMEE
2928;228;269;25/04/2026 07:21;CONFIRMEE
2929;77;269;04/05/2026 18:38;CONFIRMEE
2930;187;269;07/04/2026 04:11;CONFIRMEE
2931;499;269;14/04/2026 11:39;CONFIRMEE
2932;162;269;29/04/2026 04:09;CONFIRMEE
2933;51;269;01/05/2026 14:46;CONFIRMEE
2934;342;269;24/04/2026 04:41;CONFIRMEE
2935;374;269;02/05/2026 11:00;CONFIRMEE
2936;445;269;01/05/2026 20:20;CONFIRMEE
2937;425;269;03/05/2026 14:05;ANNULEE
2938;37;269;18/04/2026 02:07;ANNULEE
2939;676;269;22/04/2026 22:52;ANNULEE
2940;702;270;12/05/2026 04:37;CONFIRMEE
2941;239;270;27/04/2026 15:12;CONFIRMEE
2942;701;270;04/05/2026 18:56;CONFIRMEE
2943;29;270;20/05/2026 04:02;CONFIRMEE
2944;129;270;04/05/2026 06:58;CONFIRMEE
2945;367;270;15/05/2026 17:12;ANNULEE
2946;342;271;28/03/2026 07:48;CONFIRMEE
2947;250;271;25/03/2026 21:49;CONFIRMEE
2948;599;271;19/03/2026 15:39;CONFIRMEE
2949;659;271;28/03/2026 06:35;CONFIRMEE
2950;337;271;08/04/2026 12:11;CONFIRMEE
2951;251;271;09/04/2026 04:51;CONFIRMEE
2952;720;271;03/04/2026 23:54;CONFIRMEE
2953;743;271;24/03/2026 12:48;CONFIRMEE
2954;686;271;25/03/2026 08:26;CONFIRMEE
2955;700;271;09/04/2026 02:57;CONFIRMEE
2956;192;271;04/04/2026 20:22;ANNULEE
2957;699;271;26/03/2026 11:01;ANNULEE
2958;253;272;15/02/2026 03:24;CONFIRMEE
2959;353;272;01/03/2026 01:45;CONFIRMEE
2960;468;272;22/02/2026 01:33;CONFIRMEE
2961;661;272;02/03/2026 19:48;CONFIRMEE
2962;243;272;24/02/2026 00:38;CONFIRMEE
2963;339;272;12/03/2026 23:59;CONFIRMEE
2964;742;272;22/02/2026 18:08;CONFIRMEE
2965;741;272;05/03/2026 22:53;CONFIRMEE
2966;673;272;13/03/2026 06:31;CONFIRMEE
2967;749;272;11/03/2026 18:58;CONFIRMEE
2968;403;272;07/03/2026 22:24;CONFIRMEE
2969;544;272;28/02/2026 23:23;CONFIRMEE
2970;82;272;21/02/2026 18:37;CONFIRMEE
2971;676;272;06/03/2026 09:01;CONFIRMEE
2972;114;272;10/03/2026 04:01;CONFIRMEE
2973;343;272;08/03/2026 15:31;CONFIRMEE
2974;708;272;23/02/2026 12:24;CONFIRMEE
2975;691;272;01/03/2026 01:56;CONFIRMEE
2976;69;272;17/02/2026 03:12;ANNULEE
2977;323;272;27/02/2026 15:35;ANNULEE
2978;547;272;17/02/2026 03:58;ANNULEE
2979;728;273;22/01/2026 00:25;CONFIRMEE
2980;487;273;15/02/2026 21:15;CONFIRMEE
2981;461;273;09/02/2026 21:33;CONFIRMEE
2982;545;273;11/02/2026 14:08;CONFIRMEE
2983;746;273;23/01/2026 11:17;CONFIRMEE
2984;323;273;09/02/2026 05:33;CONFIRMEE
2985;170;273;21/01/2026 03:47;CONFIRMEE
2986;124;273;09/02/2026 10:21;CONFIRMEE
2987;678;273;31/01/2026 20:09;CONFIRMEE
2988;529;273;10/02/2026 07:46;ANNULEE
2989;399;274;13/06/2026 20:31;CONFIRMEE
2990;302;274;16/06/2026 15:34;CONFIRMEE
2991;356;275;06/11/2026 10:39;CONFIRMEE
2992;122;275;23/11/2026 01:24;CONFIRMEE
2993;293;276;09/08/2026 22:20;CONFIRMEE
2994;286;276;24/08/2026 20:26;CONFIRMEE
2995;730;276;17/08/2026 15:00;CONFIRMEE
2996;408;276;10/08/2026 13:53;CONFIRMEE
2997;410;276;11/08/2026 13:21;CONFIRMEE
2998;638;276;09/08/2026 05:14;CONFIRMEE
2999;406;276;02/09/2026 01:24;CONFIRMEE
3000;711;276;16/08/2026 12:23;CONFIRMEE
3001;82;276;29/08/2026 16:58;CONFIRMEE
3002;732;276;20/08/2026 22:05;CONFIRMEE
3003;413;276;26/08/2026 12:26;CONFIRMEE
3004;434;276;02/09/2026 17:40;ANNULEE
3005;704;276;18/08/2026 21:20;ANNULEE
3006;674;277;07/03/2026 16:24;CONFIRMEE
3007;562;277;27/03/2026 19:03;CONFIRMEE
3008;735;277;27/03/2026 17:59;CONFIRMEE
3009;156;277;03/04/2026 03:16;CONFIRMEE
3010;614;277;11/03/2026 16:20;CONFIRMEE
3011;273;277;31/03/2026 19:20;CONFIRMEE
3012;678;277;11/03/2026 20:08;CONFIRMEE
3013;458;277;25/03/2026 03:45;CONFIRMEE
3014;567;277;08/03/2026 21:53;ANNULEE
3015;556;277;04/04/2026 04:32;ANNULEE
3016;224;278;26/09/2026 06:47;CONFIRMEE
3017;240;278;22/09/2026 08:02;CONFIRMEE
3018;312;278;11/09/2026 22:44;CONFIRMEE
3019;556;278;24/09/2026 17:02;CONFIRMEE
3020;433;278;24/09/2026 03:21;CONFIRMEE
3021;590;278;17/09/2026 22:53;CONFIRMEE
3022;214;278;12/09/2026 18:57;CONFIRMEE
3023;144;278;27/09/2026 04:23;CONFIRMEE
3024;402;278;19/09/2026 06:07;CONFIRMEE
3025;519;278;06/09/2026 07:49;CONFIRMEE
3026;697;278;27/09/2026 06:20;CONFIRMEE
3027;381;278;26/09/2026 05:48;CONFIRMEE
3028;452;278;19/09/2026 23:36;CONFIRMEE
3029;392;278;04/09/2026 00:56;CONFIRMEE
3030;107;278;09/09/2026 18:08;CONFIRMEE
3031;61;278;15/09/2026 23:29;CONFIRMEE
3032;148;278;19/09/2026 12:59;ANNULEE
3033;553;278;24/09/2026 20:35;ANNULEE
3034;174;278;14/09/2026 11:58;ANNULEE
3035;672;279;02/06/2026 02:32;CONFIRMEE
3036;351;279;28/05/2026 05:02;CONFIRMEE
3037;509;279;30/05/2026 10:25;CONFIRMEE
3038;691;279;18/05/2026 22:08;CONFIRMEE
3039;242;279;15/05/2026 20:04;CONFIRMEE
3040;559;279;06/06/2026 07:33;CONFIRMEE
3041;464;279;11/06/2026 08:37;CONFIRMEE
3042;141;279;06/06/2026 07:59;CONFIRMEE
3043;662;279;10/06/2026 06:03;CONFIRMEE
3044;420;279;11/06/2026 16:40;CONFIRMEE
3045;692;279;12/06/2026 22:17;CONFIRMEE
3046;427;279;13/06/2026 19:11;CONFIRMEE
3047;60;279;07/06/2026 08:08;CONFIRMEE
3048;717;279;17/05/2026 18:43;CONFIRMEE
3049;85;279;10/06/2026 15:34;CONFIRMEE
3050;709;279;11/06/2026 09:07;CONFIRMEE
3051;511;279;13/06/2026 12:05;CONFIRMEE
3052;79;279;25/05/2026 17:49;CONFIRMEE
3053;729;279;10/06/2026 03:59;ANNULEE
3054;474;279;31/05/2026 15:20;ANNULEE
3055;302;280;25/05/2026 07:37;CONFIRMEE
3056;51;280;19/05/2026 06:55;CONFIRMEE
3057;379;280;16/05/2026 12:19;CONFIRMEE
3058;181;280;10/05/2026 21:01;CONFIRMEE
3059;684;280;27/05/2026 19:40;CONFIRMEE
3060;547;280;13/05/2026 22:13;CONFIRMEE
3061;389;280;11/05/2026 14:05;CONFIRMEE
3062;190;280;01/06/2026 08:31;CONFIRMEE
3063;62;280;26/05/2026 12:05;ANNULEE
3064;446;281;10/09/2026 15:26;CONFIRMEE
3065;729;281;23/08/2026 22:16;CONFIRMEE
3066;29;281;11/09/2026 19:17;CONFIRMEE
3067;748;281;07/09/2026 11:35;CONFIRMEE
3068;532;281;16/09/2026 01:42;ANNULEE
3069;596;282;02/08/2026 08:56;CONFIRMEE
3070;539;282;20/07/2026 18:24;CONFIRMEE
3071;586;282;06/07/2026 19:18;CONFIRMEE
3072;58;282;26/07/2026 18:15;CONFIRMEE
3073;332;282;27/07/2026 16:15;CONFIRMEE
3074;692;282;09/07/2026 13:10;CONFIRMEE
3075;719;282;06/07/2026 05:17;CONFIRMEE
3076;613;282;23/07/2026 16:02;CONFIRMEE
3077;70;282;31/07/2026 00:36;CONFIRMEE
3078;263;282;21/07/2026 05:28;CONFIRMEE
3079;601;282;30/07/2026 11:29;ANNULEE
3080;98;283;26/09/2026 07:54;CONFIRMEE
3081;442;283;14/09/2026 08:15;CONFIRMEE
3082;62;283;22/09/2026 16:43;CONFIRMEE
3083;419;283;23/09/2026 16:48;CONFIRMEE
3084;266;283;30/09/2026 02:08;ANNULEE
3085;415;284;23/01/2026 23:09;CONFIRMEE
3086;80;284;08/01/2026 12:21;CONFIRMEE
3087;524;284;09/01/2026 14:08;CONFIRMEE
3088;80;285;02/05/2026 03:48;CONFIRMEE
3089;127;285;04/05/2026 08:59;CONFIRMEE
3090;419;285;12/05/2026 22:47;CONFIRMEE
3091;401;285;13/05/2026 18:03;CONFIRMEE
3092;701;285;20/04/2026 04:38;CONFIRMEE
3093;637;285;16/04/2026 21:43;CONFIRMEE
3094;213;285;14/05/2026 04:30;CONFIRMEE
3095;350;285;18/04/2026 07:05;CONFIRMEE
3096;485;285;12/05/2026 11:34;CONFIRMEE
3097;68;285;04/05/2026 17:30;ANNULEE
3098;488;286;20/12/2025 19:00;CONFIRMEE
3099;607;286;09/12/2025 13:45;CONFIRMEE
3100;546;286;05/01/2026 03:20;CONFIRMEE
3101;516;286;27/12/2025 02:08;CONFIRMEE
3102;357;286;11/12/2025 04:04;CONFIRMEE
3103;722;286;06/01/2026 11:14;CONFIRMEE
3104;181;286;17/12/2025 09:11;CONFIRMEE
3105;225;286;18/12/2025 03:29;CONFIRMEE
3106;196;286;16/12/2025 07:16;CONFIRMEE
3107;432;286;14/12/2025 11:33;CONFIRMEE
3108;500;286;13/12/2025 01:59;CONFIRMEE
3109;594;286;09/12/2025 09:38;ANNULEE
3110;586;286;15/12/2025 01:12;ANNULEE
3111;458;287;01/12/2026 01:40;CONFIRMEE
3112;487;287;19/11/2026 11:14;CONFIRMEE
3113;420;287;03/12/2026 02:07;CONFIRMEE
3114;114;287;10/12/2026 15:47;CONFIRMEE
3115;104;287;22/11/2026 13:43;CONFIRMEE
3116;260;287;01/12/2026 09:55;CONFIRMEE
3117;650;287;12/12/2026 00:02;ANNULEE
3118;70;288;16/01/2026 05:47;CONFIRMEE
3119;691;288;04/02/2026 17:56;CONFIRMEE
3120;433;288;21/01/2026 02:02;CONFIRMEE
3121;688;288;20/01/2026 05:04;CONFIRMEE
3122;426;288;13/01/2026 08:30;CONFIRMEE
3123;728;288;09/01/2026 15:50;CONFIRMEE
3124;155;288;19/01/2026 01:35;CONFIRMEE
3125;661;288;20/01/2026 14:18;CONFIRMEE
3126;273;288;24/01/2026 03:04;CONFIRMEE
3127;438;288;27/01/2026 13:17;CONFIRMEE
3128;256;288;26/01/2026 00:40;CONFIRMEE
3129;684;288;04/02/2026 17:23;CONFIRMEE
3130;313;288;09/01/2026 14:21;CONFIRMEE
3131;748;288;04/02/2026 18:42;CONFIRMEE
3132;662;288;04/02/2026 13:25;ANNULEE
3133;367;288;01/02/2026 13:35;ANNULEE
3134;339;289;27/12/2025 20:26;CONFIRMEE
3135;425;290;10/05/2026 10:52;CONFIRMEE
3136;33;290;14/05/2026 06:42;CONFIRMEE
3137;736;290;02/05/2026 21:06;CONFIRMEE
3138;414;290;02/05/2026 22:54;CONFIRMEE
3139;73;290;26/04/2026 20:17;CONFIRMEE
3140;510;290;13/05/2026 11:18;CONFIRMEE
3141;709;290;10/05/2026 08:53;CONFIRMEE
3142;563;290;11/05/2026 04:00;CONFIRMEE
3143;265;290;17/04/2026 06:32;CONFIRMEE
3144;531;290;17/04/2026 17:43;CONFIRMEE
3145;156;290;09/05/2026 19:29;ANNULEE
3146;662;290;14/05/2026 01:25;ANNULEE
3147;627;291;16/11/2026 23:10;CONFIRMEE
3148;115;291;12/11/2026 02:14;CONFIRMEE
3149;620;291;23/11/2026 12:16;CONFIRMEE
3150;301;291;05/11/2026 00:58;CONFIRMEE
3151;745;291;09/11/2026 02:16;CONFIRMEE
3152;675;291;23/11/2026 14:37;CONFIRMEE
3153;484;291;21/11/2026 16:00;CONFIRMEE
3154;424;291;26/11/2026 10:51;CONFIRMEE
3155;225;291;15/11/2026 13:23;CONFIRMEE
3156;737;291;26/11/2026 17:36;CONFIRMEE
3157;491;291;09/11/2026 08:07;CONFIRMEE
3158;558;291;11/11/2026 09:22;CONFIRMEE
3159;45;291;23/11/2026 17:48;CONFIRMEE
3160;84;291;18/11/2026 10:55;CONFIRMEE
3161;736;291;27/11/2026 23:57;ANNULEE
3162;446;291;16/11/2026 03:55;ANNULEE
3163;44;292;03/06/2026 09:31;CONFIRMEE
3164;739;292;10/06/2026 21:13;CONFIRMEE
3165;58;292;15/06/2026 17:58;CONFIRMEE
3166;403;292;05/06/2026 03:51;CONFIRMEE
3167;242;292;21/06/2026 12:55;CONFIRMEE
3168;544;292;14/06/2026 04:42;CONFIRMEE
3169;210;292;07/06/2026 22:34;CONFIRMEE
3170;175;292;17/06/2026 06:48;CONFIRMEE
3171;722;292;19/06/2026 03:42;ANNULEE
3172;256;293;20/10/2026 12:29;CONFIRMEE
3173;169;293;26/10/2026 06:59;CONFIRMEE
3174;312;293;13/10/2026 03:54;CONFIRMEE
3175;255;293;20/10/2026 07:07;CONFIRMEE
3176;302;293;10/10/2026 10:21;CONFIRMEE
3177;611;293;05/10/2026 23:09;CONFIRMEE
3178;496;293;15/10/2026 07:42;CONFIRMEE
3179;703;293;03/10/2026 12:05;CONFIRMEE
3180;453;293;24/10/2026 11:42;CONFIRMEE
3181;704;293;13/10/2026 21:27;CONFIRMEE
3182;79;293;22/10/2026 16:54;ANNULEE
3183;608;294;03/01/2026 23:05;CONFIRMEE
3184;685;294;17/12/2025 07:36;CONFIRMEE
3185;253;294;20/12/2025 21:43;CONFIRMEE
3186;74;294;23/12/2025 23:43;CONFIRMEE
3187;244;294;17/12/2025 05:35;CONFIRMEE
3188;690;294;21/12/2025 09:41;CONFIRMEE
3189;741;294;13/12/2025 16:31;CONFIRMEE
3190;519;294;10/12/2025 07:13;ANNULEE
3191;95;295;19/03/2026 18:57;CONFIRMEE
3192;244;295;07/04/2026 07:08;CONFIRMEE
3193;540;295;31/03/2026 13:25;CONFIRMEE
3194;144;295;09/04/2026 12:22;CONFIRMEE
3195;687;295;02/04/2026 21:12;CONFIRMEE
3196;428;295;11/04/2026 16:52;CONFIRMEE
3197;342;295;20/03/2026 17:29;CONFIRMEE
3198;275;295;31/03/2026 15:47;CONFIRMEE
3199;145;295;11/04/2026 01:00;CONFIRMEE
3200;719;295;01/04/2026 00:03;CONFIRMEE
3201;316;295;25/03/2026 03:06;CONFIRMEE
3202;501;295;02/04/2026 04:26;CONFIRMEE
3203;743;295;23/03/2026 16:50;CONFIRMEE
3204;77;295;07/04/2026 22:19;CONFIRMEE
3205;641;295;09/04/2026 00:30;ANNULEE
3206;670;295;26/03/2026 06:21;ANNULEE
3207;426;296;18/06/2026 13:27;CONFIRMEE
3208;452;296;29/05/2026 19:19;CONFIRMEE
3209;122;296;05/06/2026 20:21;CONFIRMEE
3210;526;296;10/06/2026 07:50;CONFIRMEE
3211;422;296;04/06/2026 11:51;ANNULEE
3212;263;297;26/07/2026 21:06;CONFIRMEE
3213;30;297;16/08/2026 14:45;CONFIRMEE
3214;600;297;31/07/2026 04:27;CONFIRMEE
3215;634;297;16/08/2026 13:25;CONFIRMEE
3216;628;297;18/07/2026 08:58;CONFIRMEE
3217;484;298;09/02/2026 20:24;CONFIRMEE
3218;644;298;28/01/2026 02:00;CONFIRMEE
3219;403;298;23/01/2026 03:53;CONFIRMEE
3220;86;298;01/02/2026 07:12;CONFIRMEE
3221;160;298;22/01/2026 04:35;CONFIRMEE
3222;28;298;08/02/2026 09:11;CONFIRMEE
3223;743;298;16/01/2026 10:44;CONFIRMEE
3224;127;298;30/01/2026 01:50;CONFIRMEE
3225;469;298;24/01/2026 23:24;CONFIRMEE
3226;322;298;02/02/2026 16:29;CONFIRMEE
3227;551;298;22/01/2026 04:56;CONFIRMEE
3228;723;298;28/01/2026 06:10;CONFIRMEE
3229;586;298;07/02/2026 19:36;CONFIRMEE
3230;67;298;09/02/2026 20:40;CONFIRMEE
3231;343;298;22/01/2026 07:35;CONFIRMEE
3232;64;298;08/02/2026 03:01;CONFIRMEE
3233;177;298;23/01/2026 17:51;CONFIRMEE
3234;494;298;12/01/2026 06:41;CONFIRMEE
3235;167;298;15/01/2026 02:30;ANNULEE
3236;562;298;12/01/2026 22:08;ANNULEE
3237;120;298;08/02/2026 22:41;ANNULEE
3238;519;298;14/01/2026 19:46;ANNULEE
3239;562;299;01/03/2026 00:19;CONFIRMEE
3240;331;299;13/02/2026 15:46;CONFIRMEE
3241;689;299;27/02/2026 14:53;CONFIRMEE
3242;306;299;07/03/2026 20:54;CONFIRMEE
3243;563;299;24/02/2026 05:34;CONFIRMEE
3244;107;299;08/03/2026 05:25;CONFIRMEE
3245;658;299;11/02/2026 20:52;CONFIRMEE
3246;131;299;08/03/2026 03:14;CONFIRMEE
3247;411;299;19/02/2026 21:35;CONFIRMEE
3248;682;299;12/02/2026 14:03;CONFIRMEE
3249;218;299;01/03/2026 04:22;CONFIRMEE
3250;571;299;16/02/2026 05:39;ANNULEE
3251;112;300;22/08/2026 21:13;CONFIRMEE
3252;631;300;07/09/2026 14:51;CONFIRMEE
3253;102;300;28/08/2026 11:53;CONFIRMEE
3254;63;300;07/09/2026 20:18;CONFIRMEE
3255;413;300;09/09/2026 23:57;CONFIRMEE
3256;239;300;21/08/2026 19:41;CONFIRMEE
3257;126;300;14/08/2026 21:48;CONFIRMEE
3258;708;300;05/09/2026 04:45;CONFIRMEE
3259;295;300;10/09/2026 08:23;CONFIRMEE
3260;402;300;01/09/2026 01:34;CONFIRMEE
3261;647;300;16/08/2026 06:33;CONFIRMEE
3262;460;300;22/08/2026 13:42;CONFIRMEE
3263;714;300;01/09/2026 23:49;CONFIRMEE
3264;154;300;21/08/2026 22:56;CONFIRMEE
3265;429;300;30/08/2026 14:35;CONFIRMEE
3266;579;300;31/08/2026 04:51;ANNULEE
3267;397;300;27/08/2026 21:20;ANNULEE
3268;53;301;18/01/2026 06:55;CONFIRMEE
3269;732;301;08/01/2026 06:09;CONFIRMEE
3270;30;301;07/01/2026 16:40;CONFIRMEE
3271;693;301;02/01/2026 00:50;CONFIRMEE
3272;295;301;07/01/2026 21:53;CONFIRMEE
3273;298;301;12/01/2026 15:53;CONFIRMEE
3274;659;301;05/01/2026 18:58;CONFIRMEE
3275;465;301;28/01/2026 11:43;ANNULEE
3276;650;302;05/07/2026 02:14;CONFIRMEE
3277;647;302;25/07/2026 01:01;CONFIRMEE
3278;214;302;16/07/2026 18:09;CONFIRMEE
3279;48;302;12/07/2026 23:52;CONFIRMEE
3280;394;302;27/06/2026 18:33;CONFIRMEE
3281;658;302;13/07/2026 21:56;CONFIRMEE
3282;280;302;22/07/2026 11:26;CONFIRMEE
3283;656;302;26/06/2026 15:12;ANNULEE
3284;264;303;07/01/2026 05:22;CONFIRMEE
3285;225;303;02/01/2026 15:39;CONFIRMEE
3286;700;303;05/01/2026 13:55;CONFIRMEE
3287;382;303;08/01/2026 07:20;CONFIRMEE
3288;467;303;28/12/2025 01:16;CONFIRMEE
3289;488;303;27/12/2025 01:36;CONFIRMEE
3290;291;303;14/01/2026 03:13;CONFIRMEE
3291;676;303;12/01/2026 01:12;CONFIRMEE
3292;610;303;30/12/2025 13:14;CONFIRMEE
3293;653;303;10/01/2026 16:12;CONFIRMEE
3294;89;303;16/12/2025 01:38;CONFIRMEE
3295;106;303;23/12/2025 09:53;CONFIRMEE
3296;650;303;05/01/2026 22:50;CONFIRMEE
3297;214;303;31/12/2025 07:09;CONFIRMEE
3298;51;303;14/01/2026 17:25;CONFIRMEE
3299;286;303;28/12/2025 03:15;CONFIRMEE
3300;219;303;17/12/2025 19:38;ANNULEE
3301;447;303;19/12/2025 22:17;ANNULEE
3302;183;303;07/01/2026 05:24;ANNULEE
3303;138;304;19/06/2026 13:33;CONFIRMEE
3304;331;304;05/07/2026 05:25;CONFIRMEE
3305;109;304;10/07/2026 14:24;CONFIRMEE
3306;252;304;08/07/2026 21:46;CONFIRMEE
3307;586;304;27/06/2026 16:49;CONFIRMEE
3308;595;304;20/06/2026 16:49;CONFIRMEE
3309;175;304;13/06/2026 00:37;CONFIRMEE
3310;614;304;10/06/2026 21:29;CONFIRMEE
3311;704;304;12/06/2026 18:35;CONFIRMEE
3312;365;304;05/07/2026 08:55;CONFIRMEE
3313;730;304;20/06/2026 06:15;CONFIRMEE
3314;145;304;22/06/2026 17:08;ANNULEE
3315;707;304;27/06/2026 21:52;ANNULEE
3316;240;305;12/05/2026 02:16;CONFIRMEE
3317;103;305;12/05/2026 20:44;CONFIRMEE
3318;198;305;12/05/2026 13:56;CONFIRMEE
3319;347;305;12/05/2026 20:17;CONFIRMEE
3320;85;305;23/05/2026 01:26;CONFIRMEE
3321;302;305;19/05/2026 17:37;CONFIRMEE
3322;214;305;03/05/2026 19:21;CONFIRMEE
3323;599;305;08/05/2026 20:34;CONFIRMEE
3324;723;305;30/05/2026 19:32;CONFIRMEE
3325;428;305;18/05/2026 17:33;ANNULEE
3326;429;306;21/05/2026 17:30;CONFIRMEE
3327;181;306;31/05/2026 11:44;CONFIRMEE
3328;68;306;25/05/2026 21:26;CONFIRMEE
3329;349;306;05/05/2026 19:18;CONFIRMEE
3330;331;306;11/05/2026 12:34;CONFIRMEE
3331;691;306;11/05/2026 05:28;CONFIRMEE
3332;565;306;01/06/2026 06:22;CONFIRMEE
3333;385;306;17/05/2026 05:17;CONFIRMEE
3334;345;306;31/05/2026 19:50;CONFIRMEE
3335;106;306;29/05/2026 16:34;CONFIRMEE
3336;422;306;01/06/2026 10:53;CONFIRMEE
3337;28;306;17/05/2026 04:56;CONFIRMEE
3338;61;306;11/05/2026 23:10;CONFIRMEE
3339;497;306;01/06/2026 21:59;CONFIRMEE
3340;609;306;24/05/2026 22:47;CONFIRMEE
3341;305;306;16/05/2026 08:38;ANNULEE
3342;706;306;31/05/2026 15:01;ANNULEE
3343;625;307;27/04/2026 12:08;CONFIRMEE
3344;353;307;13/04/2026 18:32;CONFIRMEE
3345;172;307;08/04/2026 08:04;CONFIRMEE
3346;181;307;02/05/2026 05:53;CONFIRMEE
3347;72;307;06/05/2026 05:38;CONFIRMEE
3348;368;307;22/04/2026 21:57;CONFIRMEE
3349;616;307;08/05/2026 01:40;CONFIRMEE
3350;170;307;06/05/2026 20:13;CONFIRMEE
3351;741;307;15/04/2026 22:26;CONFIRMEE
3352;424;307;29/04/2026 01:05;ANNULEE
3353;53;307;19/04/2026 13:56;ANNULEE
3354;252;308;20/10/2026 14:03;CONFIRMEE
3355;185;308;18/10/2026 02:19;CONFIRMEE
3356;200;308;17/10/2026 12:29;CONFIRMEE
3357;413;308;26/09/2026 17:25;CONFIRMEE
3358;458;308;15/10/2026 19:29;CONFIRMEE
3359;162;308;10/10/2026 10:58;CONFIRMEE
3360;588;308;21/09/2026 04:58;CONFIRMEE
3361;491;308;04/10/2026 15:51;CONFIRMEE
3362;201;308;26/09/2026 09:02;CONFIRMEE
3363;202;308;07/10/2026 21:55;CONFIRMEE
3364;409;308;30/09/2026 14:46;ANNULEE
3365;515;308;03/10/2026 19:22;ANNULEE
3366;529;309;15/07/2026 23:41;CONFIRMEE
3367;304;309;21/07/2026 21:54;CONFIRMEE
3368;299;309;25/06/2026 02:40;CONFIRMEE
3369;515;309;11/07/2026 14:43;CONFIRMEE
3370;172;309;07/07/2026 05:37;CONFIRMEE
3371;704;309;09/07/2026 05:29;CONFIRMEE
3372;639;309;13/07/2026 11:54;CONFIRMEE
3373;734;309;25/06/2026 16:40;CONFIRMEE
3374;47;309;13/07/2026 02:49;CONFIRMEE
3375;525;309;03/07/2026 21:52;ANNULEE
3376;748;310;25/03/2026 11:51;CONFIRMEE
3377;86;310;16/04/2026 11:15;CONFIRMEE
3378;730;310;17/04/2026 08:24;CONFIRMEE
3379;706;310;31/03/2026 17:51;CONFIRMEE
3380;319;310;03/04/2026 14:39;CONFIRMEE
3381;181;310;21/03/2026 03:36;CONFIRMEE
3382;481;310;17/04/2026 02:24;CONFIRMEE
3383;276;310;03/04/2026 04:54;CONFIRMEE
3384;623;310;27/03/2026 22:53;CONFIRMEE
3385;130;310;31/03/2026 15:59;ANNULEE
3386;311;311;03/04/2026 13:00;CONFIRMEE
3387;659;311;12/03/2026 10:45;CONFIRMEE
3388;184;311;24/03/2026 12:36;CONFIRMEE
3389;91;311;22/03/2026 16:09;CONFIRMEE
3390;369;311;31/03/2026 16:55;CONFIRMEE
3391;27;311;07/04/2026 22:00;CONFIRMEE
3392;52;311;18/03/2026 18:45;CONFIRMEE
3393;211;311;04/04/2026 06:00;CONFIRMEE
3394;711;311;31/03/2026 07:16;CONFIRMEE
3395;192;311;19/03/2026 06:15;ANNULEE
3396;707;312;12/01/2026 06:36;CONFIRMEE
3397;323;312;30/01/2026 05:08;CONFIRMEE
3398;651;312;04/02/2026 00:40;CONFIRMEE
3399;723;312;22/01/2026 16:36;CONFIRMEE
3400;580;312;07/01/2026 11:59;CONFIRMEE
3401;750;312;25/01/2026 10:14;CONFIRMEE
3402;128;312;28/01/2026 03:48;CONFIRMEE
3403;699;312;08/01/2026 15:39;CONFIRMEE
3404;102;312;04/02/2026 03:11;CONFIRMEE
3405;656;312;27/01/2026 19:42;CONFIRMEE
3406;748;312;03/02/2026 00:51;CONFIRMEE
3407;214;312;16/01/2026 22:55;CONFIRMEE
3408;609;312;16/01/2026 19:40;CONFIRMEE
3409;93;312;26/01/2026 00:32;CONFIRMEE
3410;665;312;09/01/2026 20:17;CONFIRMEE
3411;409;312;08/01/2026 17:02;CONFIRMEE
3412;294;312;03/02/2026 11:33;CONFIRMEE
3413;90;312;13/01/2026 02:35;CONFIRMEE
3414;411;312;23/01/2026 02:22;CONFIRMEE
3415;554;312;04/02/2026 19:37;CONFIRMEE
3416;361;312;29/01/2026 12:51;CONFIRMEE
3417;482;312;05/02/2026 02:52;CONFIRMEE
3418;484;312;19/01/2026 20:43;ANNULEE
3419;64;312;01/02/2026 06:25;ANNULEE
3420;331;313;15/07/2026 05:25;CONFIRMEE
3421;127;313;02/08/2026 05:25;CONFIRMEE
3422;543;313;15/07/2026 20:43;CONFIRMEE
3423;330;313;20/07/2026 07:09;ANNULEE
3424;129;314;13/03/2026 11:51;CONFIRMEE
3425;54;314;28/02/2026 13:24;CONFIRMEE
3426;721;314;19/03/2026 02:52;CONFIRMEE
3427;521;314;13/03/2026 17:47;CONFIRMEE
3428;676;314;25/02/2026 15:13;CONFIRMEE
3429;483;314;13/03/2026 06:26;CONFIRMEE
3430;409;314;07/03/2026 21:07;CONFIRMEE
3431;454;314;04/03/2026 13:53;CONFIRMEE
3432;428;314;23/02/2026 06:57;CONFIRMEE
3433;402;314;13/03/2026 22:27;CONFIRMEE
3434;468;314;18/03/2026 21:00;CONFIRMEE
3435;396;314;09/03/2026 05:15;CONFIRMEE
3436;245;314;16/03/2026 04:26;CONFIRMEE
3437;91;314;23/02/2026 15:42;CONFIRMEE
3438;311;314;14/03/2026 23:02;CONFIRMEE
3439;736;314;06/03/2026 23:16;ANNULEE
3440;330;314;14/03/2026 20:06;ANNULEE
3441;389;314;08/03/2026 18:22;ANNULEE
3442;145;315;21/06/2026 20:04;CONFIRMEE
3443;481;315;13/06/2026 15:03;CONFIRMEE
3444;398;316;28/02/2026 12:20;CONFIRMEE
3445;691;316;05/02/2026 15:10;CONFIRMEE
3446;496;316;02/02/2026 19:08;CONFIRMEE
3447;590;316;08/02/2026 15:16;CONFIRMEE
3448;651;316;02/03/2026 16:34;CONFIRMEE
3449;240;316;02/02/2026 15:22;CONFIRMEE
3450;632;316;01/03/2026 11:04;CONFIRMEE
3451;392;316;07/02/2026 10:18;CONFIRMEE
3452;157;316;15/02/2026 09:51;CONFIRMEE
3453;461;316;09/02/2026 16:20;CONFIRMEE
3454;451;316;03/02/2026 08:07;ANNULEE
3455;380;316;14/02/2026 14:01;ANNULEE
3456;163;317;25/12/2025 09:55;CONFIRMEE
3457;738;317;08/01/2026 02:29;CONFIRMEE
3458;271;317;14/12/2025 18:27;CONFIRMEE
3459;277;317;31/12/2025 10:48;CONFIRMEE
3460;595;317;01/01/2026 04:12;CONFIRMEE
3461;543;317;05/01/2026 00:15;CONFIRMEE
3462;748;317;09/01/2026 01:08;CONFIRMEE
3463;34;317;02/01/2026 06:56;CONFIRMEE
3464;723;317;11/01/2026 15:38;CONFIRMEE
3465;546;317;06/01/2026 03:04;ANNULEE
3466;124;318;11/10/2026 18:33;CONFIRMEE
3467;581;318;26/10/2026 20:46;CONFIRMEE
3468;747;318;14/10/2026 17:52;CONFIRMEE
3469;54;319;23/04/2026 16:00;CONFIRMEE
3470;575;319;13/05/2026 20:37;CONFIRMEE
3471;74;319;16/05/2026 20:32;CONFIRMEE
3472;384;319;23/04/2026 16:18;CONFIRMEE
3473;59;319;20/05/2026 03:18;CONFIRMEE
3474;735;319;17/05/2026 00:05;CONFIRMEE
3475;660;319;02/05/2026 22:35;CONFIRMEE
3476;169;319;15/05/2026 19:43;CONFIRMEE
3477;225;319;15/05/2026 04:27;CONFIRMEE
3478;391;319;15/05/2026 01:00;CONFIRMEE
3479;175;319;08/05/2026 04:25;ANNULEE
3480;184;320;05/08/2026 17:33;CONFIRMEE
3481;60;320;25/07/2026 05:36;CONFIRMEE
3482;36;320;24/07/2026 15:23;CONFIRMEE
3483;506;320;19/07/2026 17:07;CONFIRMEE
3484;308;320;15/08/2026 04:07;CONFIRMEE
3485;622;320;17/08/2026 09:15;CONFIRMEE
3486;632;320;07/08/2026 02:51;CONFIRMEE
3487;51;320;31/07/2026 09:27;CONFIRMEE
3488;708;320;09/08/2026 20:19;CONFIRMEE
3489;262;320;15/08/2026 18:06;CONFIRMEE
3490;119;320;21/07/2026 20:15;CONFIRMEE
3491;155;320;24/07/2026 02:13;CONFIRMEE
3492;116;320;24/07/2026 22:06;CONFIRMEE
3493;282;320;16/08/2026 02:06;ANNULEE
3494;78;321;01/07/2026 06:26;CONFIRMEE
3495;64;321;05/07/2026 04:38;CONFIRMEE
3496;414;321;18/07/2026 05:01;CONFIRMEE
3497;668;321;12/07/2026 03:03;CONFIRMEE
3498;50;321;30/06/2026 15:13;CONFIRMEE
3499;449;321;13/07/2026 13:01;CONFIRMEE
3500;339;321;27/06/2026 22:16;ANNULEE
3501;161;322;20/11/2026 12:53;CONFIRMEE
3502;573;322;22/11/2026 01:04;CONFIRMEE
3503;642;322;18/11/2026 12:57;CONFIRMEE
3504;379;322;16/11/2026 18:48;CONFIRMEE
3505;747;322;08/12/2026 20:13;CONFIRMEE
3506;62;322;19/11/2026 22:28;CONFIRMEE
3507;737;322;10/12/2026 07:43;ANNULEE
3508;699;323;14/04/2026 15:06;CONFIRMEE
3509;80;323;02/05/2026 01:03;CONFIRMEE
3510;714;323;28/04/2026 01:33;CONFIRMEE
3511;45;323;08/05/2026 11:46;CONFIRMEE
3512;425;323;13/05/2026 07:53;CONFIRMEE
3513;653;323;03/05/2026 06:22;CONFIRMEE
3514;518;323;18/04/2026 14:32;CONFIRMEE
3515;100;323;27/04/2026 12:21;CONFIRMEE
3516;176;323;10/05/2026 13:20;ANNULEE
3517;335;324;01/08/2026 02:08;CONFIRMEE
3518;216;324;19/08/2026 06:32;CONFIRMEE
3519;460;324;13/08/2026 14:16;CONFIRMEE
3520;238;324;24/08/2026 06:52;CONFIRMEE
3521;269;324;07/08/2026 06:07;CONFIRMEE
3522;616;324;20/08/2026 09:13;CONFIRMEE
3523;610;324;29/07/2026 10:43;CONFIRMEE
3524;106;324;12/08/2026 14:44;CONFIRMEE
3525;205;324;10/08/2026 13:39;CONFIRMEE
3526;256;324;07/08/2026 01:40;CONFIRMEE
3527;547;324;27/07/2026 00:02;ANNULEE
3528;94;324;27/07/2026 11:12;ANNULEE
3529;342;325;08/01/2026 23:45;CONFIRMEE
3530;135;325;05/01/2026 23:34;CONFIRMEE
3531;665;325;16/01/2026 15:19;CONFIRMEE
3532;252;325;15/01/2026 05:09;CONFIRMEE
3533;608;325;12/01/2026 12:35;CONFIRMEE
3534;171;325;27/12/2025 22:23;CONFIRMEE
3535;546;325;19/01/2026 21:37;CONFIRMEE
3536;374;326;19/02/2026 16:02;CONFIRMEE
3537;529;326;16/02/2026 15:57;CONFIRMEE
3538;656;326;21/02/2026 16:54;CONFIRMEE
3539;430;326;18/02/2026 23:53;CONFIRMEE
3540;321;326;21/02/2026 03:37;CONFIRMEE
3541;455;326;09/02/2026 19:05;CONFIRMEE
3542;424;326;27/02/2026 07:52;CONFIRMEE
3543;673;326;18/02/2026 03:34;CONFIRMEE
3544;290;326;22/02/2026 02:40;CONFIRMEE
3545;523;326;25/02/2026 11:16;CONFIRMEE
3546;635;326;19/02/2026 02:29;CONFIRMEE
3547;218;326;24/02/2026 07:07;CONFIRMEE
3548;322;326;27/02/2026 14:25;CONFIRMEE
3549;399;326;10/02/2026 01:54;CONFIRMEE
3550;637;326;11/02/2026 01:37;ANNULEE
3551;60;326;10/02/2026 02:24;ANNULEE
3552;255;327;23/08/2026 07:16;CONFIRMEE
3553;739;327;11/09/2026 01:31;CONFIRMEE
3554;449;327;23/08/2026 10:40;CONFIRMEE
3555;564;327;25/08/2026 11:47;CONFIRMEE
3556;155;327;10/09/2026 10:57;CONFIRMEE
3557;702;327;23/08/2026 15:47;CONFIRMEE
3558;409;327;10/09/2026 05:55;CONFIRMEE
3559;745;327;26/08/2026 20:36;CONFIRMEE
3560;326;327;25/08/2026 13:32;CONFIRMEE
3561;603;327;01/09/2026 13:31;ANNULEE
3562;69;328;07/03/2026 02:40;CONFIRMEE
3563;343;328;26/02/2026 00:59;CONFIRMEE
3564;674;328;08/03/2026 06:31;CONFIRMEE
3565;104;328;24/02/2026 12:52;CONFIRMEE
3566;311;328;13/02/2026 22:23;ANNULEE
3567;95;329;12/03/2026 14:22;CONFIRMEE
3568;670;329;17/03/2026 02:29;CONFIRMEE
3569;725;329;13/03/2026 13:47;CONFIRMEE
3570;581;329;22/02/2026 09:49;CONFIRMEE
3571;345;329;04/03/2026 23:13;CONFIRMEE
3572;308;329;08/03/2026 02:59;CONFIRMEE
3573;339;329;20/03/2026 15:18;CONFIRMEE
3574;481;329;04/03/2026 03:21;CONFIRMEE
3575;241;329;07/03/2026 02:13;CONFIRMEE
3576;106;329;10/03/2026 19:10;CONFIRMEE
3577;732;329;18/03/2026 17:23;ANNULEE
3578;626;329;01/03/2026 07:39;ANNULEE
3579;112;330;04/02/2026 13:25;CONFIRMEE
3580;520;330;28/01/2026 09:11;CONFIRMEE
3581;672;330;13/02/2026 15:19;CONFIRMEE
3582;453;330;28/01/2026 20:17;CONFIRMEE
3583;210;330;01/02/2026 18:35;CONFIRMEE
3584;523;330;13/02/2026 07:08;CONFIRMEE
3585;323;330;12/02/2026 23:01;CONFIRMEE
3586;66;330;12/02/2026 03:41;CONFIRMEE
3587;240;330;26/01/2026 21:36;CONFIRMEE
3588;482;330;30/01/2026 08:30;CONFIRMEE
3589;415;330;25/01/2026 18:13;ANNULEE
3590;161;331;20/02/2026 04:49;CONFIRMEE
3591;174;331;25/02/2026 08:07;CONFIRMEE
3592;74;331;06/03/2026 02:36;CONFIRMEE
3593;365;331;13/02/2026 08:00;CONFIRMEE
3594;678;331;27/02/2026 04:16;CONFIRMEE
3595;216;331;07/03/2026 02:55;CONFIRMEE
3596;168;331;23/02/2026 17:26;ANNULEE
3597;602;332;21/06/2026 00:04;CONFIRMEE
3598;379;332;15/06/2026 01:41;CONFIRMEE
3599;292;332;23/06/2026 21:08;CONFIRMEE
3600;329;332;09/07/2026 13:39;CONFIRMEE
3601;603;332;07/07/2026 16:29;CONFIRMEE
3602;96;332;30/06/2026 08:56;CONFIRMEE
3603;746;332;25/06/2026 00:10;CONFIRMEE
3604;374;332;06/07/2026 23:35;CONFIRMEE
3605;369;332;23/06/2026 20:31;CONFIRMEE
3606;432;332;17/06/2026 08:24;CONFIRMEE
3607;332;332;06/07/2026 19:25;CONFIRMEE
3608;625;332;18/06/2026 15:55;CONFIRMEE
3609;124;332;13/06/2026 01:29;CONFIRMEE
3610;273;332;10/07/2026 04:07;CONFIRMEE
3611;495;332;21/06/2026 18:24;CONFIRMEE
3612;414;332;21/06/2026 00:26;CONFIRMEE
3613;233;332;27/06/2026 15:52;CONFIRMEE
3614;77;332;29/06/2026 21:53;CONFIRMEE
3615;177;332;11/07/2026 21:45;CONFIRMEE
3616;248;332;04/07/2026 07:12;ANNULEE
3617;130;332;09/07/2026 06:28;ANNULEE
3618;653;333;16/03/2026 23:40;CONFIRMEE
3619;323;333;13/04/2026 03:43;CONFIRMEE
3620;228;333;29/03/2026 02:54;CONFIRMEE
3621;537;333;08/04/2026 01:08;CONFIRMEE
3622;346;333;14/04/2026 14:49;CONFIRMEE
3623;663;333;25/03/2026 23:40;CONFIRMEE
3624;409;333;21/03/2026 18:59;ANNULEE
3625;665;334;13/10/2026 20:22;CONFIRMEE
3626;283;334;04/10/2026 01:44;CONFIRMEE
3627;178;334;12/10/2026 05:54;CONFIRMEE
3628;341;334;10/10/2026 10:01;CONFIRMEE
3629;692;334;01/10/2026 09:11;CONFIRMEE
3630;723;334;09/10/2026 12:22;ANNULEE
3631;666;335;22/07/2026 15:15;CONFIRMEE
3632;506;335;25/07/2026 15:37;CONFIRMEE
3633;679;335;13/07/2026 14:55;CONFIRMEE
3634;535;335;10/07/2026 20:15;CONFIRMEE
3635;140;335;05/08/2026 22:20;CONFIRMEE
3636;216;335;01/08/2026 21:33;CONFIRMEE
3637;474;335;28/07/2026 15:56;CONFIRMEE
3638;260;335;19/07/2026 05:11;CONFIRMEE
3639;337;335;29/07/2026 14:07;CONFIRMEE
3640;42;335;15/07/2026 13:48;CONFIRMEE
3641;374;335;04/08/2026 16:22;CONFIRMEE
3642;65;335;08/07/2026 00:07;CONFIRMEE
3643;27;335;27/07/2026 10:44;CONFIRMEE
3644;324;335;09/07/2026 13:08;CONFIRMEE
3645;613;335;20/07/2026 19:19;CONFIRMEE
3646;655;335;29/07/2026 02:05;CONFIRMEE
3647;718;335;10/07/2026 19:27;CONFIRMEE
3648;354;335;06/08/2026 02:51;CONFIRMEE
3649;744;335;09/07/2026 13:09;ANNULEE
3650;62;335;05/08/2026 09:26;ANNULEE
3651;138;336;02/03/2026 17:17;CONFIRMEE
3652;673;336;17/03/2026 21:51;CONFIRMEE
3653;623;336;19/02/2026 04:30;CONFIRMEE
3654;639;336;11/03/2026 02:25;CONFIRMEE
3655;425;336;13/03/2026 11:26;CONFIRMEE
3656;182;336;12/03/2026 03:06;CONFIRMEE
3657;287;336;28/02/2026 21:44;CONFIRMEE
3658;314;336;19/03/2026 17:07;CONFIRMEE
3659;56;336;16/03/2026 20:17;CONFIRMEE
3660;53;336;26/02/2026 01:43;CONFIRMEE
3661;607;336;16/03/2026 02:05;CONFIRMEE
3662;263;336;14/03/2026 21:51;CONFIRMEE
3663;600;336;24/02/2026 14:05;CONFIRMEE
3664;44;336;10/03/2026 13:37;CONFIRMEE
3665;423;336;20/03/2026 03:53;CONFIRMEE
3666;171;336;06/03/2026 22:50;CONFIRMEE
3667;657;336;10/03/2026 17:57;CONFIRMEE
3668;419;336;21/02/2026 09:35;CONFIRMEE
3669;134;336;17/03/2026 16:05;CONFIRMEE
3670;393;336;17/03/2026 08:48;ANNULEE
3671;177;337;07/03/2026 06:09;CONFIRMEE
3672;199;337;27/02/2026 03:11;CONFIRMEE
3673;708;337;14/02/2026 21:11;CONFIRMEE
3674;388;337;13/02/2026 08:42;CONFIRMEE
3675;265;337;12/03/2026 00:19;CONFIRMEE
3676;740;338;27/03/2026 09:32;CONFIRMEE
3677;188;338;06/04/2026 21:34;CONFIRMEE
3678;481;338;07/04/2026 23:18;CONFIRMEE
3679;228;338;24/03/2026 20:43;CONFIRMEE
3680;467;338;29/03/2026 10:47;CONFIRMEE
3681;452;338;22/03/2026 06:53;CONFIRMEE
3682;735;338;05/04/2026 08:54;CONFIRMEE
3683;63;339;18/11/2026 23:38;CONFIRMEE
3684;628;339;06/12/2026 02:42;CONFIRMEE
3685;246;339;18/11/2026 00:34;CONFIRMEE
3686;243;339;05/12/2026 18:55;CONFIRMEE
3687;154;339;27/11/2026 12:16;CONFIRMEE
3688;401;339;24/11/2026 15:31;CONFIRMEE
3689;480;339;30/11/2026 22:02;CONFIRMEE
3690;515;339;04/12/2026 13:06;CONFIRMEE
3691;210;339;23/11/2026 10:57;ANNULEE
3692;693;340;13/09/2026 12:05;CONFIRMEE
3693;158;340;14/09/2026 11:22;CONFIRMEE
3694;471;340;01/09/2026 12:38;CONFIRMEE
3695;76;340;18/09/2026 04:36;CONFIRMEE
3696;181;340;09/09/2026 12:58;CONFIRMEE
3697;60;340;31/08/2026 07:35;CONFIRMEE
3698;119;340;03/09/2026 13:26;CONFIRMEE
3699;567;340;18/09/2026 07:37;CONFIRMEE
3700;273;340;01/09/2026 22:14;CONFIRMEE
3701;52;340;04/09/2026 16:55;CONFIRMEE
3702;648;340;09/09/2026 15:19;CONFIRMEE
3703;358;340;16/09/2026 09:58;CONFIRMEE
3704;96;340;09/09/2026 08:06;CONFIRMEE
3705;177;340;13/09/2026 15:42;CONFIRMEE
3706;373;340;10/09/2026 19:39;CONFIRMEE
3707;226;340;11/09/2026 02:43;ANNULEE
3708;552;340;31/08/2026 17:32;ANNULEE
3709;489;341;29/12/2025 23:43;CONFIRMEE
3710;515;341;31/12/2025 09:31;CONFIRMEE
3711;234;341;08/01/2026 21:15;CONFIRMEE
3712;644;341;06/01/2026 16:38;CONFIRMEE
3713;599;341;04/01/2026 02:42;CONFIRMEE
3714;103;341;30/12/2025 18:26;CONFIRMEE
3715;404;341;20/12/2025 05:32;CONFIRMEE
3716;687;341;01/01/2026 09:39;CONFIRMEE
3717;352;341;04/01/2026 21:31;CONFIRMEE
3718;574;341;14/12/2025 20:27;CONFIRMEE
3719;112;341;31/12/2025 01:49;CONFIRMEE
3720;262;341;15/12/2025 06:22;CONFIRMEE
3721;184;341;20/12/2025 13:08;ANNULEE
3722;378;341;24/12/2025 08:39;ANNULEE
3723;68;342;07/03/2026 18:58;CONFIRMEE
3724;529;342;20/02/2026 07:35;CONFIRMEE
3725;224;342;04/03/2026 10:01;CONFIRMEE
3726;665;342;18/02/2026 11:23;CONFIRMEE
3727;667;342;02/03/2026 12:03;CONFIRMEE
3728;676;343;11/02/2026 18:53;CONFIRMEE
3729;97;343;27/02/2026 01:58;CONFIRMEE
3730;553;343;28/02/2026 22:47;CONFIRMEE
3731;610;343;13/02/2026 15:29;CONFIRMEE
3732;424;343;19/02/2026 23:13;CONFIRMEE
3733;104;343;02/03/2026 19:08;CONFIRMEE
3734;38;343;07/03/2026 04:16;CONFIRMEE
3735;471;343;19/02/2026 04:43;CONFIRMEE
3736;240;343;06/02/2026 06:24;CONFIRMEE
3737;719;343;05/03/2026 04:18;CONFIRMEE
3738;175;343;20/02/2026 23:15;ANNULEE
3739;59;343;26/02/2026 18:09;ANNULEE
3740;230;344;29/01/2026 00:37;CONFIRMEE
3741;323;344;24/01/2026 08:57;CONFIRMEE
3742;621;344;18/01/2026 19:34;CONFIRMEE
3743;298;344;31/01/2026 15:48;CONFIRMEE
3744;43;344;26/01/2026 20:57;ANNULEE
3745;119;345;15/11/2026 03:58;CONFIRMEE
3746;471;345;07/12/2026 06:27;CONFIRMEE
3747;48;345;25/11/2026 23:09;CONFIRMEE
3748;205;345;20/11/2026 17:51;CONFIRMEE
3749;460;345;22/11/2026 23:54;CONFIRMEE
3750;313;345;04/12/2026 18:36;CONFIRMEE
3751;603;345;09/12/2026 05:05;CONFIRMEE
3752;161;345;09/12/2026 01:25;CONFIRMEE
3753;331;345;08/12/2026 14:04;CONFIRMEE
3754;410;345;15/11/2026 07:24;ANNULEE
3755;104;346;17/05/2026 01:05;CONFIRMEE
3756;334;346;04/06/2026 01:30;CONFIRMEE
3757;324;346;26/05/2026 08:01;CONFIRMEE
3758;445;346;07/06/2026 21:08;CONFIRMEE
3759;744;346;18/05/2026 10:47;CONFIRMEE
3760;494;346;06/06/2026 01:52;CONFIRMEE
3761;303;346;28/05/2026 13:50;CONFIRMEE
3762;471;346;04/06/2026 11:22;ANNULEE
3763;580;347;13/02/2026 01:10;CONFIRMEE
3764;512;347;16/02/2026 00:26;CONFIRMEE
3765;171;347;15/02/2026 07:55;CONFIRMEE
3766;511;347;12/02/2026 10:35;CONFIRMEE
3767;403;347;03/03/2026 15:26;CONFIRMEE
3768;77;347;02/03/2026 03:10;CONFIRMEE
3769;528;347;16/02/2026 21:11;CONFIRMEE
3770;355;347;24/02/2026 18:08;CONFIRMEE
3771;575;347;17/02/2026 20:48;CONFIRMEE
3772;334;347;21/02/2026 19:07;CONFIRMEE
3773;619;347;03/03/2026 10:04;CONFIRMEE
3774;49;347;22/02/2026 08:12;CONFIRMEE
3775;484;347;06/03/2026 03:40;CONFIRMEE
3776;537;347;05/02/2026 01:03;CONFIRMEE
3777;742;347;06/03/2026 07:50;CONFIRMEE
3778;394;347;09/02/2026 22:16;CONFIRMEE
3779;264;347;06/03/2026 04:36;CONFIRMEE
3780;524;347;16/02/2026 19:45;CONFIRMEE
3781;379;347;25/02/2026 06:28;CONFIRMEE
3782;644;347;12/02/2026 21:45;CONFIRMEE
3783;501;347;10/02/2026 11:05;CONFIRMEE
3784;599;347;03/03/2026 02:26;CONFIRMEE
3785;183;347;03/03/2026 19:28;ANNULEE
3786;641;348;23/04/2026 18:08;CONFIRMEE
3787;46;348;12/04/2026 08:26;CONFIRMEE
3788;85;348;17/04/2026 22:58;CONFIRMEE
3789;685;348;27/04/2026 15:03;CONFIRMEE
3790;69;348;08/04/2026 20:15;CONFIRMEE
3791;491;348;21/04/2026 11:05;CONFIRMEE
3792;248;348;28/04/2026 20:20;CONFIRMEE
3793;352;348;05/04/2026 12:29;CONFIRMEE
3794;84;348;17/04/2026 13:29;CONFIRMEE
3795;719;348;26/04/2026 11:12;CONFIRMEE
3796;61;348;14/04/2026 03:35;ANNULEE
3797;306;348;29/04/2026 09:27;ANNULEE
3798;602;349;12/02/2026 08:12;CONFIRMEE
3799;590;349;07/02/2026 04:00;CONFIRMEE
3800;130;349;04/02/2026 06:33;CONFIRMEE
3801;622;349;21/01/2026 11:07;CONFIRMEE
3802;455;349;15/02/2026 21:28;CONFIRMEE
3803;676;349;20/01/2026 07:00;CONFIRMEE
3804;286;349;14/02/2026 15:55;CONFIRMEE
3805;332;349;13/02/2026 02:32;CONFIRMEE
3806;644;349;26/01/2026 17:44;CONFIRMEE
3807;425;349;13/02/2026 10:04;CONFIRMEE
3808;408;349;14/02/2026 05:58;ANNULEE
3809;461;350;25/12/2025 12:50;CONFIRMEE
3810;223;350;16/01/2026 05:17;CONFIRMEE
3811;242;350;13/01/2026 23:40;CONFIRMEE
3812;57;350;07/01/2026 23:59;CONFIRMEE
3813;740;350;28/12/2025 10:20;CONFIRMEE
3814;174;350;24/12/2025 02:58;CONFIRMEE
3815;513;350;05/01/2026 13:32;CONFIRMEE
3816;110;350;28/12/2025 16:44;CONFIRMEE
3817;303;350;13/01/2026 19:12;CONFIRMEE
3818;640;350;13/01/2026 09:36;CONFIRMEE
3819;523;350;31/12/2025 07:34;ANNULEE
3820;623;351;16/04/2026 18:52;CONFIRMEE
3821;500;351;24/04/2026 06:20;CONFIRMEE
3822;670;351;02/04/2026 19:47;CONFIRMEE
3823;433;351;20/04/2026 05:09;CONFIRMEE
3824;545;351;13/04/2026 00:17;CONFIRMEE
3825;57;351;08/04/2026 06:45;CONFIRMEE
3826;713;351;13/04/2026 01:10;CONFIRMEE
3827;62;351;23/04/2026 21:06;CONFIRMEE
3828;517;351;30/03/2026 18:06;CONFIRMEE
3829;188;351;23/04/2026 02:56;CONFIRMEE
3830;106;351;19/04/2026 01:16;CONFIRMEE
3831;169;351;14/04/2026 19:24;CONFIRMEE
3832;714;351;20/04/2026 06:38;CONFIRMEE
3833;85;351;27/04/2026 13:48;CONFIRMEE
3834;272;351;03/04/2026 01:54;CONFIRMEE
3835;103;351;22/04/2026 21:46;ANNULEE
3836;446;352;03/09/2026 09:54;CONFIRMEE
3837;409;352;03/09/2026 12:34;CONFIRMEE
3838;83;352;22/08/2026 05:48;CONFIRMEE
3839;405;352;08/09/2026 07:07;CONFIRMEE
3840;645;352;21/08/2026 13:36;CONFIRMEE
3841;74;352;23/08/2026 02:43;CONFIRMEE
3842;216;352;10/09/2026 22:29;CONFIRMEE
3843;263;352;02/09/2026 17:31;CONFIRMEE
3844;173;352;04/09/2026 01:59;CONFIRMEE
3845;432;352;13/09/2026 19:18;CONFIRMEE
3846;516;352;07/09/2026 21:58;CONFIRMEE
3847;45;352;26/08/2026 19:59;CONFIRMEE
3848;540;352;26/08/2026 01:29;CONFIRMEE
3849;231;352;21/08/2026 16:03;ANNULEE
3850;236;352;24/08/2026 19:26;ANNULEE
3851;415;353;01/02/2026 01:45;CONFIRMEE
3852;131;353;16/01/2026 14:23;CONFIRMEE
3853;711;353;06/02/2026 19:26;CONFIRMEE
3854;486;353;17/01/2026 20:33;CONFIRMEE
3855;449;353;18/01/2026 02:13;CONFIRMEE
3856;608;353;22/01/2026 00:20;CONFIRMEE
3857;287;353;17/01/2026 13:47;CONFIRMEE
3858;275;353;06/02/2026 14:21;CONFIRMEE
3859;305;353;20/01/2026 06:19;CONFIRMEE
3860;1;353;10/01/2026 03:33;ANNULEE
3861;368;354;20/03/2026 13:10;CONFIRMEE
3862;685;354;08/03/2026 05:36;CONFIRMEE
3863;461;354;09/03/2026 06:30;CONFIRMEE
3864;467;354;15/03/2026 16:09;CONFIRMEE
3865;563;354;07/03/2026 08:34;CONFIRMEE
3866;204;354;15/03/2026 19:54;CONFIRMEE
3867;82;354;26/02/2026 06:06;CONFIRMEE
3868;58;354;06/03/2026 17:36;CONFIRMEE
3869;37;354;11/03/2026 18:05;CONFIRMEE
3870;650;354;07/03/2026 03:48;CONFIRMEE
3871;442;354;08/03/2026 14:35;CONFIRMEE
3872;131;354;04/03/2026 22:40;CONFIRMEE
3873;518;354;26/03/2026 02:16;CONFIRMEE
3874;146;354;22/03/2026 09:36;CONFIRMEE
3875;144;354;19/03/2026 09:20;ANNULEE
3876;561;355;14/02/2026 03:06;CONFIRMEE
3877;404;355;22/01/2026 08:27;CONFIRMEE
3878;159;355;15/02/2026 00:33;CONFIRMEE
3879;94;355;09/02/2026 19:40;CONFIRMEE
3880;628;355;29/01/2026 16:21;CONFIRMEE
3881;131;355;11/02/2026 06:48;CONFIRMEE
3882;643;355;05/02/2026 13:15;CONFIRMEE
3883;399;355;03/02/2026 17:41;ANNULEE
3884;241;356;29/05/2026 01:34;CONFIRMEE
3885;225;356;18/06/2026 15:34;CONFIRMEE
3886;717;356;02/06/2026 11:46;CONFIRMEE
3887;214;356;10/06/2026 09:03;CONFIRMEE
3888;62;356;02/06/2026 05:00;CONFIRMEE
3889;542;356;09/06/2026 01:14;CONFIRMEE
3890;634;357;18/09/2026 13:40;CONFIRMEE
3891;38;357;25/09/2026 03:42;CONFIRMEE
3892;213;357;09/09/2026 19:53;CONFIRMEE
3893;286;357;26/09/2026 03:15;CONFIRMEE
3894;701;357;24/09/2026 04:22;CONFIRMEE
3895;575;357;14/09/2026 15:32;CONFIRMEE
3896;607;357;12/09/2026 07:57;CONFIRMEE
3897;437;357;21/09/2026 18:31;CONFIRMEE
3898;648;357;01/10/2026 10:21;CONFIRMEE
3899;412;357;21/09/2026 04:22;CONFIRMEE
3900;66;357;24/09/2026 08:54;CONFIRMEE
3901;515;357;01/10/2026 12:25;ANNULEE
3902;372;358;13/12/2026 11:46;CONFIRMEE
3903;719;358;21/11/2026 03:17;CONFIRMEE
3904;648;358;08/12/2026 15:17;CONFIRMEE
3905;535;358;17/11/2026 14:44;CONFIRMEE
3906;37;358;21/11/2026 08:49;CONFIRMEE
3907;593;358;15/12/2026 12:26;CONFIRMEE
3908;246;358;02/12/2026 20:46;CONFIRMEE
3909;399;358;02/12/2026 11:42;CONFIRMEE
3910;556;358;15/11/2026 23:23;CONFIRMEE
3911;54;358;24/11/2026 06:13;ANNULEE
3912;717;359;19/04/2026 04:12;CONFIRMEE
3913;379;359;17/04/2026 10:55;CONFIRMEE
3914;584;359;22/04/2026 08:51;CONFIRMEE
3915;335;359;16/04/2026 13:10;CONFIRMEE
3916;496;359;04/05/2026 08:54;CONFIRMEE
3917;482;359;10/04/2026 03:00;CONFIRMEE
3918;714;359;08/05/2026 03:06;CONFIRMEE
3919;558;359;20/04/2026 14:44;ANNULEE
3920;281;360;04/01/2026 16:27;CONFIRMEE
3921;262;360;23/01/2026 05:45;CONFIRMEE
3922;159;360;07/01/2026 13:16;CONFIRMEE
3923;187;360;01/01/2026 13:08;CONFIRMEE
3924;625;360;08/01/2026 23:29;ANNULEE
3925;61;361;06/11/2026 11:03;CONFIRMEE
3926;166;361;10/10/2026 21:41;CONFIRMEE
3927;543;361;21/10/2026 19:06;CONFIRMEE
3928;661;361;05/11/2026 11:36;CONFIRMEE
3929;138;361;31/10/2026 01:52;CONFIRMEE
3930;95;361;26/10/2026 16:53;CONFIRMEE
3931;317;361;04/11/2026 13:51;CONFIRMEE
3932;515;361;23/10/2026 03:24;CONFIRMEE
3933;602;361;01/11/2026 14:21;CONFIRMEE
3934;218;361;26/10/2026 02:59;CONFIRMEE
3935;749;361;25/10/2026 03:36;CONFIRMEE
3936;342;361;14/10/2026 09:44;ANNULEE
3937;307;361;30/10/2026 00:20;ANNULEE
3938;148;362;27/05/2026 08:04;CONFIRMEE
3939;689;362;02/06/2026 02:09;CONFIRMEE
3940;98;362;27/05/2026 21:12;CONFIRMEE
3941;291;362;30/05/2026 08:15;CONFIRMEE
3942;210;362;19/05/2026 19:50;CONFIRMEE
3943;391;362;17/05/2026 18:56;CONFIRMEE
3944;178;362;20/05/2026 04:52;CONFIRMEE
3945;603;362;10/06/2026 14:52;CONFIRMEE
3946;590;362;11/06/2026 07:21;CONFIRMEE
3947;273;362;11/06/2026 18:10;CONFIRMEE
3948;644;362;08/06/2026 08:47;CONFIRMEE
3949;193;362;14/06/2026 05:30;CONFIRMEE
3950;85;362;24/05/2026 15:20;CONFIRMEE
3951;415;362;20/05/2026 13:41;CONFIRMEE
3952;509;362;18/05/2026 06:40;CONFIRMEE
3953;584;362;11/06/2026 05:50;ANNULEE
3954;449;363;29/07/2026 14:58;CONFIRMEE
3955;407;363;26/07/2026 16:46;CONFIRMEE
3956;401;363;09/08/2026 15:25;CONFIRMEE
3957;162;363;26/07/2026 06:47;CONFIRMEE
3958;446;363;22/08/2026 01:15;CONFIRMEE
3959;558;363;19/08/2026 05:56;CONFIRMEE
3960;389;363;03/08/2026 04:29;CONFIRMEE
3961;653;363;13/08/2026 03:40;ANNULEE
3962;722;364;25/11/2026 00:47;CONFIRMEE
3963;622;364;10/11/2026 02:58;CONFIRMEE
3964;425;364;29/11/2026 18:24;CONFIRMEE
3965;741;364;28/11/2026 02:40;CONFIRMEE
3966;553;364;10/11/2026 19:30;CONFIRMEE
3967;660;364;17/11/2026 15:27;CONFIRMEE
3968;594;364;29/11/2026 10:07;CONFIRMEE
3969;159;364;24/11/2026 06:23;CONFIRMEE
3970;121;364;03/12/2026 01:58;CONFIRMEE
3971;76;364;14/11/2026 08:52;ANNULEE
3972;282;364;29/11/2026 19:14;ANNULEE
3973;609;365;03/05/2026 08:52;CONFIRMEE
3974;349;365;12/05/2026 23:01;CONFIRMEE
3975;578;365;16/05/2026 23:15;CONFIRMEE
3976;702;365;03/05/2026 17:39;CONFIRMEE
3977;384;365;02/05/2026 17:31;CONFIRMEE
3978;632;365;16/05/2026 05:22;CONFIRMEE
3979;305;365;13/05/2026 12:51;CONFIRMEE
3980;181;365;29/04/2026 04:42;CONFIRMEE
3981;212;365;08/05/2026 23:09;ANNULEE
3982;253;366;16/01/2026 06:43;CONFIRMEE
3983;275;366;24/01/2026 01:51;CONFIRMEE
3984;648;366;21/01/2026 02:02;CONFIRMEE
3985;240;366;11/01/2026 18:03;CONFIRMEE
3986;183;366;21/01/2026 19:52;CONFIRMEE
3987;252;366;09/01/2026 16:51;CONFIRMEE
3988;316;366;13/01/2026 17:14;CONFIRMEE
3989;575;367;24/02/2026 21:12;CONFIRMEE
3990;330;367;01/03/2026 11:44;CONFIRMEE
3991;118;367;23/02/2026 23:28;CONFIRMEE
3992;616;367;01/03/2026 03:18;CONFIRMEE
3993;46;367;23/02/2026 17:47;CONFIRMEE
3994;550;367;28/02/2026 11:13;CONFIRMEE
3995;497;367;04/03/2026 16:10;ANNULEE
3996;209;368;05/11/2026 07:11;CONFIRMEE
3997;67;368;04/11/2026 13:21;CONFIRMEE
3998;535;368;08/11/2026 17:10;CONFIRMEE
3999;665;368;31/10/2026 17:04;CONFIRMEE
4000;178;368;09/11/2026 20:13;CONFIRMEE
4001;381;368;08/11/2026 08:20;CONFIRMEE
4002;534;368;11/11/2026 01:51;CONFIRMEE
4003;632;368;23/10/2026 16:35;CONFIRMEE
4004;66;368;16/11/2026 00:00;CONFIRMEE
4005;638;368;04/11/2026 18:14;ANNULEE
4006;506;368;24/10/2026 20:06;ANNULEE
4007;675;369;03/03/2026 05:58;CONFIRMEE
4008;590;369;04/03/2026 07:51;CONFIRMEE
4009;84;369;05/03/2026 05:29;CONFIRMEE
4010;293;369;07/03/2026 23:26;CONFIRMEE
4011;317;369;09/03/2026 03:08;CONFIRMEE
4012;37;369;12/02/2026 03:13;CONFIRMEE
4013;169;369;24/02/2026 12:37;CONFIRMEE
4014;136;369;14/02/2026 07:26;CONFIRMEE
4015;419;369;16/02/2026 02:20;CONFIRMEE
4016;107;369;19/02/2026 17:49;CONFIRMEE
4017;347;369;01/03/2026 20:45;CONFIRMEE
4018;657;369;24/02/2026 05:38;CONFIRMEE
4019;172;369;15/02/2026 13:32;CONFIRMEE
4020;550;369;19/02/2026 17:39;CONFIRMEE
4021;72;369;04/03/2026 13:58;CONFIRMEE
4022;734;369;25/02/2026 23:13;CONFIRMEE
4023;405;369;26/02/2026 03:38;ANNULEE
4024;331;370;26/11/2026 04:46;CONFIRMEE
4025;455;370;08/12/2026 03:38;CONFIRMEE
4026;714;370;28/11/2026 18:01;CONFIRMEE
4027;170;370;06/12/2026 11:59;CONFIRMEE
4028;396;370;01/12/2026 18:13;CONFIRMEE
4029;205;370;11/12/2026 19:05;CONFIRMEE
4030;138;370;10/12/2026 06:37;ANNULEE
4031;469;371;10/07/2026 21:21;CONFIRMEE
4032;239;371;23/07/2026 12:38;CONFIRMEE
4033;184;371;22/07/2026 13:01;CONFIRMEE
4034;683;371;15/07/2026 11:52;CONFIRMEE
4035;531;371;16/07/2026 14:41;CONFIRMEE
4036;419;371;12/07/2026 15:25;CONFIRMEE
4037;503;371;24/07/2026 12:48;CONFIRMEE
4038;86;371;07/07/2026 13:11;CONFIRMEE
4039;452;371;07/07/2026 09:36;CONFIRMEE
4040;707;371;14/07/2026 15:15;CONFIRMEE
4041;312;371;26/07/2026 13:18;CONFIRMEE
4042;156;371;23/07/2026 13:28;CONFIRMEE
4043;161;371;21/07/2026 02:35;CONFIRMEE
4044;358;371;12/07/2026 04:13;CONFIRMEE
4045;159;371;09/07/2026 18:14;CONFIRMEE
4046;103;371;21/07/2026 11:27;ANNULEE
4047;215;371;03/07/2026 13:32;ANNULEE
4048;464;372;24/05/2026 14:03;CONFIRMEE
4049;581;372;04/06/2026 23:21;CONFIRMEE
4050;55;372;29/05/2026 06:03;CONFIRMEE
4051;684;372;20/05/2026 17:08;CONFIRMEE
4052;129;372;10/06/2026 11:07;CONFIRMEE
4053;452;372;23/05/2026 02:19;CONFIRMEE
4054;210;372;01/06/2026 18:12;CONFIRMEE
4055;104;372;13/06/2026 11:47;CONFIRMEE
4056;352;372;13/06/2026 04:38;CONFIRMEE
4057;181;372;14/06/2026 07:44;CONFIRMEE
4058;84;372;14/06/2026 03:09;CONFIRMEE
4059;631;372;07/06/2026 09:05;CONFIRMEE
4060;558;372;12/06/2026 02:07;CONFIRMEE
4061;367;372;23/05/2026 16:55;CONFIRMEE
4062;82;372;11/06/2026 18:27;CONFIRMEE
4063;213;372;31/05/2026 14:31;CONFIRMEE
4064;344;372;12/06/2026 06:04;CONFIRMEE
4065;145;372;20/05/2026 13:48;CONFIRMEE
4066;304;372;14/06/2026 16:57;CONFIRMEE
4067;215;372;21/05/2026 10:47;CONFIRMEE
4068;511;372;19/05/2026 08:25;CONFIRMEE
4069;327;372;20/05/2026 05:14;CONFIRMEE
4070;492;372;06/06/2026 10:47;CONFIRMEE
4071;155;372;13/06/2026 10:04;CONFIRMEE
4072;499;372;06/06/2026 18:43;CONFIRMEE
4073;496;372;16/05/2026 17:02;ANNULEE
4074;519;372;28/05/2026 17:11;ANNULEE
4075;454;372;05/06/2026 08:15;ANNULEE
4076;271;372;21/05/2026 21:07;ANNULEE
4077;488;373;20/01/2026 19:15;CONFIRMEE
4078;204;373;05/02/2026 16:46;CONFIRMEE
4079;141;373;14/01/2026 23:17;CONFIRMEE
4080;271;373;12/01/2026 08:12;CONFIRMEE
4081;659;373;10/01/2026 00:22;CONFIRMEE
4082;131;373;17/01/2026 21:26;CONFIRMEE
4083;729;373;23/01/2026 23:13;CONFIRMEE
4084;424;373;26/01/2026 07:25;CONFIRMEE
4085;484;373;30/01/2026 22:27;CONFIRMEE
4086;143;373;31/01/2026 10:23;CONFIRMEE
4087;437;373;22/01/2026 04:42;CONFIRMEE
4088;519;373;02/02/2026 16:16;CONFIRMEE
4089;76;373;15/01/2026 08:14;CONFIRMEE
4090;170;373;31/01/2026 19:57;CONFIRMEE
4091;248;373;01/02/2026 06:10;CONFIRMEE
4092;346;373;23/01/2026 06:49;CONFIRMEE
4093;169;373;23/01/2026 15:26;CONFIRMEE
4094;356;373;14/01/2026 22:21;CONFIRMEE
4095;313;373;02/02/2026 10:49;CONFIRMEE
4096;30;373;28/01/2026 21:03;CONFIRMEE
4097;60;373;11/01/2026 17:27;CONFIRMEE
4098;353;373;03/02/2026 11:03;CONFIRMEE
4099;194;373;05/02/2026 22:47;CONFIRMEE
4100;200;373;02/02/2026 15:14;CONFIRMEE
4101;606;373;03/02/2026 05:00;ANNULEE
4102;185;373;26/01/2026 01:21;ANNULEE
4103;245;373;10/01/2026 00:16;ANNULEE
4104;686;373;19/01/2026 17:25;ANNULEE
4105;446;374;22/06/2026 20:19;CONFIRMEE
4106;579;374;07/07/2026 01:33;CONFIRMEE
4107;445;374;30/06/2026 04:34;CONFIRMEE
4108;379;374;21/06/2026 11:18;CONFIRMEE
4109;45;374;18/06/2026 04:34;CONFIRMEE
4110;134;374;06/07/2026 14:26;CONFIRMEE
4111;148;374;20/06/2026 02:50;CONFIRMEE
4112;122;374;02/07/2026 15:49;CONFIRMEE
4113;374;374;18/06/2026 02:32;CONFIRMEE
4114;484;374;12/07/2026 11:33;CONFIRMEE
4115;288;374;06/07/2026 13:27;CONFIRMEE
4116;252;374;26/06/2026 07:56;CONFIRMEE
4117;47;374;17/06/2026 12:40;CONFIRMEE
4118;301;374;28/06/2026 19:32;ANNULEE
4119;262;374;17/06/2026 03:47;ANNULEE
4120;213;375;23/04/2026 04:07;CONFIRMEE
4121;501;375;31/03/2026 21:27;CONFIRMEE
4122;317;375;08/04/2026 06:19;CONFIRMEE
4123;337;375;12/04/2026 13:12;CONFIRMEE
4124;601;375;16/04/2026 19:17;CONFIRMEE
4125;722;375;09/04/2026 20:43;CONFIRMEE
4126;111;375;20/04/2026 11:10;CONFIRMEE
4127;260;375;29/04/2026 00:17;CONFIRMEE
4128;658;375;14/04/2026 21:34;CONFIRMEE
4129;280;375;14/04/2026 17:37;CONFIRMEE
4130;659;375;10/04/2026 02:45;CONFIRMEE
4131;384;375;25/04/2026 06:20;CONFIRMEE
4132;693;375;26/04/2026 12:24;ANNULEE
4133;709;376;21/06/2026 15:14;CONFIRMEE
4134;170;376;14/06/2026 07:17;CONFIRMEE
4135;39;376;08/06/2026 04:37;CONFIRMEE
4136;564;376;29/05/2026 13:25;CONFIRMEE
4137;141;376;17/06/2026 15:54;CONFIRMEE
4138;327;376;04/06/2026 13:39;CONFIRMEE
4139;558;376;31/05/2026 04:29;CONFIRMEE
4140;145;376;04/06/2026 19:11;CONFIRMEE
4141;165;376;14/06/2026 13:38;ANNULEE
4142;240;376;14/06/2026 10:56;ANNULEE
4143;57;377;29/01/2026 13:08;CONFIRMEE
4144;120;377;07/02/2026 13:49;CONFIRMEE
4145;699;377;28/01/2026 20:11;CONFIRMEE
4146;453;377;06/02/2026 15:43;CONFIRMEE
4147;651;377;28/01/2026 09:11;CONFIRMEE
4148;264;377;15/01/2026 23:22;CONFIRMEE
4149;498;377;01/02/2026 12:48;CONFIRMEE
4150;561;377;26/01/2026 02:54;ANNULEE
4151;181;378;16/07/2026 15:54;CONFIRMEE
4152;410;378;29/07/2026 19:51;CONFIRMEE
4153;528;378;07/08/2026 13:52;CONFIRMEE
4154;390;378;27/07/2026 15:49;CONFIRMEE
4155;74;378;31/07/2026 16:42;CONFIRMEE
4156;616;378;10/08/2026 22:38;CONFIRMEE
4157;200;378;26/07/2026 13:29;ANNULEE
4158;512;379;13/01/2026 19:28;CONFIRMEE
4159;398;379;20/01/2026 11:29;CONFIRMEE
4160;245;379;08/01/2026 02:18;CONFIRMEE
4161;178;379;21/01/2026 08:25;CONFIRMEE
4162;317;379;17/01/2026 17:00;CONFIRMEE
4163;320;379;27/12/2025 08:32;CONFIRMEE
4164;505;379;02/01/2026 18:17;CONFIRMEE
4165;148;379;04/01/2026 20:18;CONFIRMEE
4166;305;379;20/01/2026 20:31;CONFIRMEE
4167;124;379;29/12/2025 21:40;CONFIRMEE
4168;691;379;26/12/2025 03:45;CONFIRMEE
4169;745;379;20/01/2026 17:12;ANNULEE
4170;260;379;04/01/2026 06:32;ANNULEE
4171;560;380;15/08/2026 20:17;CONFIRMEE
4172;225;380;26/07/2026 01:11;CONFIRMEE
4173;653;380;30/07/2026 23:25;CONFIRMEE
4174;1;380;05/08/2026 19:31;ANNULEE
4175;54;381;01/04/2026 07:01;CONFIRMEE
4176;528;381;18/03/2026 00:12;CONFIRMEE
4177;472;381;09/04/2026 14:53;CONFIRMEE
4178;332;381;22/03/2026 17:48;CONFIRMEE
4179;156;381;17/03/2026 23:56;CONFIRMEE
4180;512;381;13/03/2026 05:24;CONFIRMEE
4181;215;381;06/04/2026 09:00;CONFIRMEE
4182;674;381;15/03/2026 12:01;ANNULEE
4183;281;382;04/10/2026 04:17;CONFIRMEE
4184;194;382;11/10/2026 09:40;CONFIRMEE
4185;687;382;13/10/2026 11:14;CONFIRMEE
4186;42;382;10/10/2026 22:06;CONFIRMEE
4187;693;382;20/09/2026 05:50;CONFIRMEE
4188;575;382;11/10/2026 09:50;CONFIRMEE
4189;47;382;12/10/2026 15:55;CONFIRMEE
4190;234;382;05/10/2026 00:01;CONFIRMEE
4191;181;383;01/11/2026 13:59;CONFIRMEE
4192;703;383;04/11/2026 14:11;CONFIRMEE
4193;292;383;29/10/2026 17:16;CONFIRMEE
4194;495;383;16/11/2026 02:38;CONFIRMEE
4195;408;383;15/11/2026 11:25;CONFIRMEE
4196;430;383;31/10/2026 12:16;CONFIRMEE
4197;637;383;26/11/2026 23:30;CONFIRMEE
4198;691;383;12/11/2026 00:59;ANNULEE
4199;661;384;02/02/2026 00:19;CONFIRMEE
4200;571;384;18/02/2026 02:16;CONFIRMEE
4201;691;384;04/02/2026 06:03;CONFIRMEE
4202;578;384;29/01/2026 04:44;CONFIRMEE
4203;96;384;26/01/2026 00:27;CONFIRMEE
4204;584;384;12/02/2026 10:51;CONFIRMEE
4205;609;384;07/02/2026 04:06;CONFIRMEE
4206;647;384;03/02/2026 00:56;CONFIRMEE
4207;146;384;02/02/2026 10:16;CONFIRMEE
4208;327;384;31/01/2026 04:47;ANNULEE
4209;381;385;18/12/2025 21:41;CONFIRMEE
4210;146;385;19/12/2025 15:39;CONFIRMEE
4211;157;385;02/01/2026 01:11;CONFIRMEE
4212;609;385;06/12/2025 17:39;CONFIRMEE
4213;541;385;23/12/2025 11:04;CONFIRMEE
4214;122;385;23/12/2025 14:23;CONFIRMEE
4215;568;385;28/12/2025 16:23;CONFIRMEE
4216;144;385;06/12/2025 12:45;CONFIRMEE
4217;190;385;19/12/2025 19:43;CONFIRMEE
4218;177;385;30/12/2025 20:43;CONFIRMEE
4219;129;385;26/12/2025 22:34;CONFIRMEE
4220;303;385;24/12/2025 02:25;CONFIRMEE
4221;252;385;20/12/2025 09:37;CONFIRMEE
4222;275;385;26/12/2025 20:30;CONFIRMEE
4223;484;385;23/12/2025 20:45;ANNULEE
4224;266;385;04/12/2025 15:36;ANNULEE
4225;269;386;09/09/2026 18:19;CONFIRMEE
4226;303;386;13/09/2026 10:40;CONFIRMEE
4227;313;386;02/09/2026 02:35;CONFIRMEE
4228;27;387;22/04/2026 08:13;CONFIRMEE
4229;404;387;22/04/2026 21:41;CONFIRMEE
4230;728;387;15/04/2026 06:19;CONFIRMEE
4231;641;387;24/04/2026 20:29;CONFIRMEE
4232;689;387;16/04/2026 02:15;CONFIRMEE
4233;468;387;08/04/2026 04:28;CONFIRMEE
4234;91;387;17/04/2026 02:58;CONFIRMEE
4235;97;387;04/04/2026 15:25;CONFIRMEE
4236;262;387;30/03/2026 00:05;CONFIRMEE
4237;330;387;05/04/2026 00:53;CONFIRMEE
4238;187;387;26/04/2026 07:24;CONFIRMEE
4239;667;387;13/04/2026 22:57;ANNULEE
4240;708;388;04/11/2026 18:40;CONFIRMEE
4241;702;388;29/10/2026 16:46;CONFIRMEE
4242;279;388;15/11/2026 22:27;CONFIRMEE
4243;76;388;01/11/2026 15:26;CONFIRMEE
4244;50;388;14/11/2026 19:35;CONFIRMEE
4245;487;388;26/11/2026 07:53;CONFIRMEE
4246;498;388;02/11/2026 20:22;CONFIRMEE
4247;368;388;07/11/2026 00:21;CONFIRMEE
4248;112;388;02/11/2026 02:31;ANNULEE
4249;111;388;16/11/2026 12:10;ANNULEE
4250;213;389;27/06/2026 04:57;CONFIRMEE
4251;542;389;10/06/2026 18:22;CONFIRMEE
4252;277;389;15/06/2026 22:55;CONFIRMEE
4253;439;389;24/06/2026 14:31;CONFIRMEE
4254;291;389;03/07/2026 23:29;CONFIRMEE
4255;209;389;07/06/2026 16:28;CONFIRMEE
4256;276;389;17/06/2026 16:57;CONFIRMEE
4257;661;389;12/06/2026 02:50;CONFIRMEE
4258;503;389;03/07/2026 16:22;CONFIRMEE
4259;397;389;04/07/2026 00:49;ANNULEE
4260;676;390;21/04/2026 23:29;CONFIRMEE
4261;290;390;16/04/2026 04:18;CONFIRMEE
4262;683;390;11/04/2026 23:24;CONFIRMEE
4263;449;390;18/04/2026 01:29;CONFIRMEE
4264;87;390;10/04/2026 19:36;CONFIRMEE
4265;264;390;04/05/2026 15:01;CONFIRMEE
4266;57;390;17/04/2026 04:55;CONFIRMEE
4267;381;390;05/05/2026 19:44;CONFIRMEE
4268;497;390;21/04/2026 00:54;CONFIRMEE
4269;337;390;25/04/2026 16:33;ANNULEE
4270;307;390;06/05/2026 08:42;ANNULEE
4271;498;391;29/04/2026 19:19;CONFIRMEE
4272;394;391;14/04/2026 11:52;CONFIRMEE
4273;183;391;01/05/2026 23:19;CONFIRMEE
4274;712;391;20/04/2026 14:10;CONFIRMEE
4275;177;391;14/04/2026 15:47;CONFIRMEE
4276;621;391;26/04/2026 09:46;CONFIRMEE
4277;347;391;18/04/2026 00:29;CONFIRMEE
4278;658;391;16/04/2026 12:36;CONFIRMEE
4279;651;391;27/04/2026 02:09;CONFIRMEE
4280;242;391;20/04/2026 16:21;CONFIRMEE
4281;47;391;27/04/2026 07:12;CONFIRMEE
4282;570;391;27/04/2026 19:57;CONFIRMEE
4283;385;391;22/04/2026 04:54;CONFIRMEE
4284;241;391;15/04/2026 09:24;CONFIRMEE
4285;86;391;17/04/2026 16:49;CONFIRMEE
4286;500;391;20/04/2026 22:15;CONFIRMEE
4287;719;391;26/04/2026 18:26;CONFIRMEE
4288;284;391;03/04/2026 04:13;CONFIRMEE
4289;98;391;02/04/2026 16:33;CONFIRMEE
4290;599;391;23/04/2026 15:24;CONFIRMEE
4291;659;391;11/04/2026 09:49;CONFIRMEE
4292;44;391;17/04/2026 18:39;CONFIRMEE
4293;565;391;21/04/2026 00:06;ANNULEE
4294;271;391;06/04/2026 19:38;ANNULEE
4295;185;391;23/04/2026 14:15;ANNULEE
4296;28;392;29/04/2026 07:56;CONFIRMEE
4297;666;392;09/04/2026 23:23;CONFIRMEE
4298;556;392;07/04/2026 02:41;CONFIRMEE
4299;281;392;13/04/2026 02:03;CONFIRMEE
4300;389;392;01/05/2026 03:16;CONFIRMEE
4301;42;392;23/04/2026 20:58;CONFIRMEE
4302;533;392;11/04/2026 21:17;CONFIRMEE
4303;357;392;19/04/2026 04:17;CONFIRMEE
4304;474;392;14/04/2026 16:27;ANNULEE
4305;170;392;03/05/2026 06:06;ANNULEE
4306;73;393;12/08/2026 17:48;CONFIRMEE
4307;33;393;18/08/2026 07:27;CONFIRMEE
4308;43;393;13/08/2026 02:03;CONFIRMEE
4309;373;393;31/08/2026 16:36;CONFIRMEE
4310;384;393;05/09/2026 14:32;CONFIRMEE
4311;87;393;25/08/2026 22:27;CONFIRMEE
4312;140;393;28/08/2026 04:17;CONFIRMEE
4313;565;393;08/09/2026 10:10;CONFIRMEE
4314;433;393;19/08/2026 06:18;CONFIRMEE
4315;524;393;20/08/2026 18:52;CONFIRMEE
4316;172;393;16/08/2026 10:50;CONFIRMEE
4317;607;393;23/08/2026 17:51;CONFIRMEE
4318;215;393;18/08/2026 17:58;CONFIRMEE
4319;98;393;10/09/2026 12:15;CONFIRMEE
4320;514;393;06/09/2026 03:06;CONFIRMEE
4321;647;393;22/08/2026 14:42;CONFIRMEE
4322;298;393;24/08/2026 16:16;CONFIRMEE
4323;676;393;30/08/2026 18:13;CONFIRMEE
4324;737;393;23/08/2026 00:39;CONFIRMEE
4325;148;393;30/08/2026 06:58;CONFIRMEE
4326;438;393;16/08/2026 00:22;CONFIRMEE
4327;381;393;18/08/2026 22:41;CONFIRMEE
4328;398;393;16/08/2026 19:46;CONFIRMEE
4329;526;393;12/08/2026 20:59;CONFIRMEE
4330;393;393;08/09/2026 19:45;CONFIRMEE
4331;562;393;24/08/2026 21:15;ANNULEE
4332;178;393;30/08/2026 00:40;ANNULEE
4333;727;393;23/08/2026 06:14;ANNULEE
4334;576;393;10/09/2026 06:06;ANNULEE
4335;337;393;17/08/2026 15:38;ANNULEE
4336;321;394;28/06/2026 01:42;CONFIRMEE
4337;565;394;18/06/2026 03:37;CONFIRMEE
4338;554;394;09/07/2026 02:17;CONFIRMEE
4339;413;394;20/06/2026 07:42;CONFIRMEE
4340;563;394;30/06/2026 13:20;CONFIRMEE
4341;178;394;13/06/2026 23:31;CONFIRMEE
4342;97;394;01/07/2026 21:12;CONFIRMEE
4343;610;394;23/06/2026 15:40;CONFIRMEE
4344;451;394;18/06/2026 10:19;ANNULEE
4345;512;395;19/07/2026 08:49;CONFIRMEE
4346;562;395;14/08/2026 23:15;CONFIRMEE
4347;407;395;27/07/2026 04:03;CONFIRMEE
4348;159;395;11/08/2026 06:55;CONFIRMEE
4349;470;395;12/08/2026 03:41;CONFIRMEE
4350;687;395;09/08/2026 04:42;CONFIRMEE
4351;361;395;12/08/2026 18:09;CONFIRMEE
4352;228;395;14/08/2026 05:56;CONFIRMEE
4353;148;395;19/07/2026 06:22;CONFIRMEE
4354;488;395;15/08/2026 18:12;CONFIRMEE
4355;84;395;26/07/2026 18:14;CONFIRMEE
4356;50;395;21/07/2026 06:02;CONFIRMEE
4357;95;395;29/07/2026 08:08;CONFIRMEE
4358;219;395;12/08/2026 14:49;ANNULEE
4359;298;395;02/08/2026 08:54;ANNULEE
4360;658;395;21/07/2026 00:53;ANNULEE
4361;487;396;21/04/2026 13:35;CONFIRMEE
4362;156;396;13/04/2026 05:51;CONFIRMEE
4363;399;396;13/04/2026 09:37;CONFIRMEE
4364;49;396;29/04/2026 00:59;CONFIRMEE
4365;368;396;10/04/2026 21:55;CONFIRMEE
4366;190;396;03/05/2026 03:42;CONFIRMEE
4367;398;396;05/04/2026 17:42;CONFIRMEE
4368;500;396;22/04/2026 19:15;ANNULEE
4369;263;396;14/04/2026 21:34;ANNULEE
4370;414;397;27/11/2026 03:12;CONFIRMEE
4371;718;397;07/12/2026 19:17;CONFIRMEE
4372;85;397;16/11/2026 09:51;CONFIRMEE
4373;109;397;23/11/2026 12:17;CONFIRMEE
4374;148;397;11/12/2026 12:54;CONFIRMEE
4375;280;397;23/11/2026 05:19;CONFIRMEE
4376;269;397;01/12/2026 06:55;CONFIRMEE
4377;86;397;30/11/2026 05:34;CONFIRMEE
4378;684;397;24/11/2026 04:17;CONFIRMEE
4379;469;397;12/12/2026 02:50;CONFIRMEE
4380;555;397;15/11/2026 16:16;CONFIRMEE
4381;676;397;06/12/2026 17:20;CONFIRMEE
4382;650;397;27/11/2026 21:32;CONFIRMEE
4383;29;397;23/11/2026 11:40;CONFIRMEE
4384;122;397;13/11/2026 22:52;CONFIRMEE
4385;592;397;13/11/2026 13:34;ANNULEE
4386;99;398;17/09/2026 02:28;CONFIRMEE
4387;214;398;30/09/2026 20:18;CONFIRMEE
4388;384;398;13/09/2026 16:35;CONFIRMEE
4389;714;398;25/09/2026 09:21;CONFIRMEE
4390;640;398;23/09/2026 23:58;CONFIRMEE
4391;660;398;06/10/2026 15:30;CONFIRMEE
4392;531;398;16/09/2026 01:30;CONFIRMEE
4393;396;398;17/09/2026 18:12;CONFIRMEE
4394;323;398;25/09/2026 19:44;CONFIRMEE
4395;70;398;20/09/2026 22:08;ANNULEE
4396;319;398;15/09/2026 17:21;ANNULEE
4397;207;399;08/12/2025 04:11;CONFIRMEE
4398;468;399;26/12/2025 01:36;CONFIRMEE
4399;709;399;08/12/2025 21:44;CONFIRMEE
4400;651;399;19/12/2025 23:47;CONFIRMEE
4401;510;399;03/12/2025 16:47;CONFIRMEE
4402;94;399;11/12/2025 21:15;CONFIRMEE
4403;521;399;11/12/2025 09:34;CONFIRMEE
4404;404;399;28/12/2025 12:08;CONFIRMEE
4405;179;399;12/12/2025 07:04;ANNULEE
4406;85;399;22/12/2025 03:42;ANNULEE
4407;176;400;11/07/2026 20:36;CONFIRMEE
4408;442;400;27/07/2026 23:22;CONFIRMEE
4409;675;400;25/07/2026 04:57;CONFIRMEE
4410;337;400;06/07/2026 04:09;CONFIRMEE
4411;478;400;26/07/2026 04:15;CONFIRMEE
4412;627;400;18/07/2026 06:23;CONFIRMEE
4413;225;400;18/07/2026 02:40;CONFIRMEE
4414;745;400;14/07/2026 18:58;CONFIRMEE
4415;339;400;06/07/2026 03:10;CONFIRMEE
4416;685;400;21/07/2026 05:48;CONFIRMEE
4417;327;400;17/07/2026 07:05;CONFIRMEE
4418;693;400;07/07/2026 02:36;CONFIRMEE
4419;33;400;04/07/2026 00:24;CONFIRMEE
4420;67;400;05/07/2026 09:10;CONFIRMEE
4421;430;400;09/07/2026 16:27;ANNULEE
4422;684;401;12/01/2026 14:00;CONFIRMEE
4423;453;401;29/12/2025 15:06;CONFIRMEE
4424;369;401;14/01/2026 06:04;CONFIRMEE
4425;174;401;17/01/2026 03:37;CONFIRMEE
4426;294;401;23/01/2026 20:11;CONFIRMEE
4427;90;401;04/01/2026 00:50;CONFIRMEE
4428;614;401;17/01/2026 19:02;CONFIRMEE
4429;401;401;17/01/2026 16:28;CONFIRMEE
4430;231;401;13/01/2026 18:13;CONFIRMEE
4431;647;401;26/12/2025 00:22;CONFIRMEE
4432;128;401;08/01/2026 20:59;CONFIRMEE
4433;97;401;05/01/2026 02:43;CONFIRMEE
4434;49;401;22/01/2026 02:04;CONFIRMEE
4435;275;401;24/01/2026 05:06;CONFIRMEE
4436;370;401;20/01/2026 11:41;CONFIRMEE
4437;691;401;22/01/2026 20:10;CONFIRMEE
4438;499;401;01/01/2026 06:26;CONFIRMEE
4439;429;401;06/01/2026 00:44;CONFIRMEE
4440;302;401;23/01/2026 04:42;CONFIRMEE
4441;256;401;27/12/2025 15:58;ANNULEE
4442;748;402;20/04/2026 22:38;CONFIRMEE
4443;214;402;24/04/2026 19:06;CONFIRMEE
4444;91;402;27/04/2026 23:15;CONFIRMEE
4445;554;402;11/05/2026 04:54;CONFIRMEE
4446;260;402;09/05/2026 16:42;CONFIRMEE
4447;291;402;13/05/2026 03:05;CONFIRMEE
4448;609;402;17/04/2026 10:35;CONFIRMEE
4449;215;402;26/04/2026 10:22;ANNULEE
4450;748;403;02/06/2026 11:40;CONFIRMEE
4451;586;403;07/06/2026 17:09;CONFIRMEE
4452;163;403;14/06/2026 11:42;CONFIRMEE
4453;256;403;19/05/2026 23:11;CONFIRMEE
4454;717;403;29/05/2026 08:36;CONFIRMEE
4455;469;403;12/06/2026 20:22;CONFIRMEE
4456;718;403;21/05/2026 08:59;CONFIRMEE
4457;534;403;16/06/2026 11:46;CONFIRMEE
4458;112;403;29/05/2026 20:37;CONFIRMEE
4459;481;403;10/06/2026 04:34;CONFIRMEE
4460;725;403;14/06/2026 04:32;CONFIRMEE
4461;374;403;15/06/2026 04:57;CONFIRMEE
4462;496;403;24/05/2026 10:52;CONFIRMEE
4463;622;403;02/06/2026 23:51;ANNULEE
4464;118;403;25/05/2026 23:36;ANNULEE
4465;676;404;08/04/2026 11:02;CONFIRMEE
4466;730;404;14/04/2026 13:00;CONFIRMEE
4467;156;404;21/04/2026 03:25;CONFIRMEE
4468;433;404;20/04/2026 06:16;CONFIRMEE
4469;335;404;14/04/2026 19:07;CONFIRMEE
4470;80;404;10/04/2026 08:30;CONFIRMEE
4471;738;404;21/04/2026 13:24;CONFIRMEE
4472;59;404;25/04/2026 20:45;CONFIRMEE
4473;157;404;23/04/2026 00:42;ANNULEE
4474;176;405;04/09/2026 23:24;CONFIRMEE
4475;159;405;08/09/2026 12:22;CONFIRMEE
4476;448;405;24/08/2026 04:09;CONFIRMEE
4477;684;405;22/08/2026 15:49;CONFIRMEE
4478;449;405;16/08/2026 12:12;CONFIRMEE
4479;487;405;23/08/2026 00:45;CONFIRMEE
4480;234;405;16/08/2026 08:42;CONFIRMEE
4481;741;405;01/09/2026 19:54;ANNULEE
4482;280;405;17/08/2026 13:13;ANNULEE
4483;611;406;05/12/2026 10:17;CONFIRMEE
4484;104;406;29/11/2026 07:18;CONFIRMEE
4485;401;406;23/11/2026 05:42;CONFIRMEE
4486;661;406;07/12/2026 00:52;CONFIRMEE
4487;84;406;17/11/2026 15:56;CONFIRMEE
4488;641;406;22/11/2026 23:21;CONFIRMEE
4489;86;406;02/12/2026 12:15;CONFIRMEE
4490;87;406;12/11/2026 10:35;CONFIRMEE
4491;602;406;04/12/2026 21:30;CONFIRMEE
4492;582;406;05/12/2026 18:36;CONFIRMEE
4493;83;406;24/11/2026 05:06;CONFIRMEE
4494;198;406;19/11/2026 00:27;ANNULEE
4495;459;407;05/10/2026 02:38;CONFIRMEE
4496;263;407;02/10/2026 22:33;CONFIRMEE
4497;567;407;18/09/2026 19:05;CONFIRMEE
4498;675;407;30/09/2026 06:22;CONFIRMEE
4499;116;407;11/09/2026 06:40;CONFIRMEE
4500;506;407;04/10/2026 03:30;CONFIRMEE
4501;397;407;09/09/2026 17:03;CONFIRMEE
4502;452;407;19/09/2026 22:40;CONFIRMEE
4503;653;407;04/10/2026 17:55;ANNULEE
4504;630;408;24/09/2026 19:58;CONFIRMEE
4505;678;408;27/09/2026 03:44;CONFIRMEE
4506;677;408;19/09/2026 06:18;CONFIRMEE
4507;269;409;23/05/2026 19:48;CONFIRMEE
4508;660;409;13/05/2026 13:44;CONFIRMEE
4509;496;409;14/05/2026 23:21;CONFIRMEE
4510;732;409;05/06/2026 14:28;CONFIRMEE
4511;168;409;11/05/2026 02:45;CONFIRMEE
4512;192;409;04/06/2026 21:27;CONFIRMEE
4513;298;409;05/06/2026 13:48;CONFIRMEE
4514;713;409;15/05/2026 05:56;ANNULEE
4515;94;409;20/05/2026 07:29;ANNULEE
4516;660;410;05/05/2026 13:23;CONFIRMEE
4517;120;410;26/05/2026 13:04;CONFIRMEE
4518;231;410;29/05/2026 12:32;CONFIRMEE
4519;467;410;29/05/2026 22:53;CONFIRMEE
4520;66;410;19/05/2026 22:08;CONFIRMEE
4521;98;410;27/05/2026 01:55;CONFIRMEE
4522;529;410;28/05/2026 08:54;CONFIRMEE
4523;250;410;27/05/2026 06:30;CONFIRMEE
4524;630;410;10/05/2026 19:59;CONFIRMEE
4525;634;410;30/05/2026 06:00;CONFIRMEE
4526;702;410;10/05/2026 11:48;ANNULEE
4527;741;411;12/03/2026 22:04;CONFIRMEE
4528;469;411;25/02/2026 17:47;CONFIRMEE
4529;281;411;21/03/2026 11:23;CONFIRMEE
4530;248;412;19/08/2026 14:52;CONFIRMEE
4531;224;412;27/08/2026 01:48;CONFIRMEE
4532;398;412;18/08/2026 16:43;CONFIRMEE
4533;474;412;30/08/2026 15:21;CONFIRMEE
4534;430;412;17/08/2026 06:57;ANNULEE
4535;284;413;24/08/2026 16:38;CONFIRMEE
4536;244;413;20/08/2026 11:01;CONFIRMEE
4537;744;413;12/08/2026 05:01;CONFIRMEE
4538;148;413;23/08/2026 13:08;CONFIRMEE
4539;102;413;25/08/2026 20:47;ANNULEE
4540;684;414;14/10/2026 07:24;CONFIRMEE
4541;176;414;09/10/2026 14:10;CONFIRMEE
4542;580;414;15/10/2026 23:51;CONFIRMEE
4543;191;414;22/10/2026 21:13;CONFIRMEE
4544;725;414;18/10/2026 12:54;CONFIRMEE
4545;397;414;15/10/2026 19:50;CONFIRMEE
4546;487;414;09/10/2026 23:17;CONFIRMEE
4547;159;414;13/10/2026 13:39;CONFIRMEE
4548;180;414;26/10/2026 23:43;CONFIRMEE
4549;113;414;27/10/2026 01:48;CONFIRMEE
4550;67;414;07/11/2026 00:20;CONFIRMEE
4551;599;414;08/11/2026 02:13;ANNULEE
4552;207;415;19/07/2026 09:29;CONFIRMEE
4553;233;415;19/07/2026 23:24;CONFIRMEE
4554;316;415;01/07/2026 10:25;CONFIRMEE
4555;214;415;25/07/2026 03:15;CONFIRMEE
4556;512;415;21/07/2026 18:29;CONFIRMEE
4557;651;415;03/07/2026 10:55;CONFIRMEE
4558;283;415;20/07/2026 20:02;CONFIRMEE
4559;358;415;09/07/2026 03:23;CONFIRMEE
4560;427;415;23/07/2026 19:11;CONFIRMEE
4561;286;415;21/07/2026 20:44;ANNULEE
4562;391;415;15/07/2026 23:34;ANNULEE
4563;746;416;17/09/2026 19:45;CONFIRMEE
4564;104;416;21/08/2026 14:05;CONFIRMEE
4565;576;416;30/08/2026 01:40;CONFIRMEE
4566;147;416;10/09/2026 05:54;CONFIRMEE
4567;170;416;06/09/2026 08:00;CONFIRMEE
4568;651;416;03/09/2026 15:42;CONFIRMEE
4569;517;416;12/09/2026 13:52;CONFIRMEE
4570;32;416;15/09/2026 11:18;CONFIRMEE
4571;382;416;10/09/2026 01:43;CONFIRMEE
4572;526;416;20/08/2026 18:17;CONFIRMEE
4573;36;416;14/09/2026 06:17;ANNULEE
4574;431;416;01/09/2026 19:06;ANNULEE
4575;430;417;27/09/2026 04:26;CONFIRMEE
4576;624;417;19/10/2026 22:39;CONFIRMEE
4577;109;417;04/10/2026 06:20;CONFIRMEE
4578;113;417;28/09/2026 11:17;CONFIRMEE
4579;702;418;05/09/2026 10:11;CONFIRMEE
4580;442;418;06/09/2026 06:34;CONFIRMEE
4581;531;419;18/01/2026 12:43;CONFIRMEE
4582;184;419;28/01/2026 10:41;CONFIRMEE
4583;614;419;02/02/2026 02:37;CONFIRMEE
4584;552;420;21/11/2026 15:28;CONFIRMEE
4585;712;420;15/11/2026 17:11;CONFIRMEE
4586;163;420;03/11/2026 20:31;CONFIRMEE
4587;459;420;22/11/2026 18:05;CONFIRMEE
4588;198;420;08/11/2026 04:55;CONFIRMEE
4589;445;420;26/10/2026 10:09;CONFIRMEE
4590;721;420;19/11/2026 00:08;CONFIRMEE
4591;443;420;13/11/2026 21:47;CONFIRMEE
4592;614;420;30/10/2026 12:43;CONFIRMEE
4593;293;420;03/11/2026 13:12;CONFIRMEE
4594;699;420;04/11/2026 17:21;CONFIRMEE
4595;185;420;28/10/2026 17:30;CONFIRMEE
4596;84;420;25/10/2026 15:43;ANNULEE
4597;681;420;29/10/2026 03:28;ANNULEE
4598;398;421;08/02/2026 09:03;CONFIRMEE
4599;136;421;11/02/2026 04:41;CONFIRMEE
4600;62;421;11/02/2026 04:16;CONFIRMEE
4601;56;421;08/02/2026 04:28;CONFIRMEE
4602;496;421;24/01/2026 23:57;CONFIRMEE
4603;482;421;23/01/2026 06:29;CONFIRMEE
4604;643;421;25/01/2026 03:56;CONFIRMEE
4605;431;421;30/01/2026 08:20;CONFIRMEE
4606;466;421;24/01/2026 19:44;CONFIRMEE
4607;739;421;01/02/2026 17:55;CONFIRMEE
4608;661;421;25/01/2026 19:42;ANNULEE
4609;586;421;10/02/2026 02:19;ANNULEE
4610;174;422;06/12/2026 13:29;CONFIRMEE
4611;238;422;19/11/2026 09:41;CONFIRMEE
4612;402;422;09/11/2026 15:11;CONFIRMEE
4613;54;422;17/11/2026 05:13;CONFIRMEE
4614;711;422;10/11/2026 11:29;CONFIRMEE
4615;205;422;27/11/2026 09:12;CONFIRMEE
4616;614;422;07/12/2026 17:30;CONFIRMEE
4617;644;422;23/11/2026 23:38;CONFIRMEE
4618;407;422;04/12/2026 15:55;CONFIRMEE
4619;331;422;06/12/2026 04:57;CONFIRMEE
4620;724;422;20/11/2026 16:00;CONFIRMEE
4621;697;422;22/11/2026 10:44;CONFIRMEE
4622;594;422;12/11/2026 00:33;CONFIRMEE
4623;722;422;16/11/2026 01:42;ANNULEE
4624;590;422;12/11/2026 00:48;ANNULEE
4625;547;423;29/03/2026 18:56;CONFIRMEE
4626;683;423;24/03/2026 10:20;CONFIRMEE
4627;553;423;02/04/2026 04:34;CONFIRMEE
4628;252;423;21/03/2026 16:21;CONFIRMEE
4629;286;423;07/04/2026 14:40;CONFIRMEE
4630;503;423;22/03/2026 00:06;CONFIRMEE
4631;447;423;13/03/2026 15:35;CONFIRMEE
4632;525;423;29/03/2026 23:17;CONFIRMEE
4633;454;423;27/03/2026 12:04;ANNULEE
4634;718;424;05/03/2026 05:10;CONFIRMEE
4635;388;424;24/03/2026 14:10;CONFIRMEE
4636;320;424;26/03/2026 04:49;CONFIRMEE
4637;46;424;24/03/2026 14:42;CONFIRMEE
4638;261;424;20/03/2026 19:05;CONFIRMEE
4639;298;424;06/03/2026 00:13;CONFIRMEE
4640;587;424;17/03/2026 08:05;CONFIRMEE
4641;65;424;08/03/2026 20:56;ANNULEE
4642;399;424;15/03/2026 20:52;ANNULEE
4643;471;425;04/02/2026 13:05;CONFIRMEE
4644;498;425;07/01/2026 12:24;CONFIRMEE
4645;74;425;29/01/2026 15:16;CONFIRMEE
4646;102;425;16/01/2026 19:42;CONFIRMEE
4647;394;425;30/01/2026 13:16;CONFIRMEE
4648;98;425;14/01/2026 23:07;CONFIRMEE
4649;143;425;25/01/2026 21:52;CONFIRMEE
4650;350;425;30/01/2026 13:19;CONFIRMEE
4651;547;425;18/01/2026 18:36;CONFIRMEE
4652;562;425;28/01/2026 09:31;CONFIRMEE
4653;468;425;07/01/2026 14:23;ANNULEE
4654;112;426;11/08/2026 12:43;CONFIRMEE
4655;480;426;11/08/2026 13:07;CONFIRMEE
4656;728;426;16/08/2026 13:09;CONFIRMEE
4657;485;426;13/08/2026 15:32;CONFIRMEE
4658;86;426;05/08/2026 16:41;CONFIRMEE
4659;155;426;18/08/2026 04:02;CONFIRMEE
4660;303;426;29/07/2026 13:36;CONFIRMEE
4661;582;426;24/08/2026 23:57;CONFIRMEE
4662;181;426;26/07/2026 17:44;CONFIRMEE
4663;67;426;24/08/2026 01:32;ANNULEE
4664;46;427;17/05/2026 22:34;CONFIRMEE
4665;277;427;31/05/2026 14:43;CONFIRMEE
4666;155;427;10/06/2026 13:17;CONFIRMEE
4667;673;427;02/06/2026 15:18;CONFIRMEE
4668;537;427;16/05/2026 12:55;ANNULEE
4669;718;428;24/05/2026 03:05;CONFIRMEE
4670;79;428;28/05/2026 02:52;CONFIRMEE
4671;152;428;21/05/2026 09:47;CONFIRMEE
4672;482;428;09/05/2026 13:44;ANNULEE
4673;269;429;22/05/2026 22:49;CONFIRMEE
4674;380;429;08/05/2026 09:16;CONFIRMEE
4675;292;429;16/05/2026 19:24;CONFIRMEE
4676;67;429;17/05/2026 05:28;CONFIRMEE
4677;561;429;11/05/2026 20:18;CONFIRMEE
4678;730;429;14/05/2026 05:48;CONFIRMEE
4679;174;429;02/05/2026 07:52;CONFIRMEE
4680;570;429;21/05/2026 22:52;CONFIRMEE
4681;129;429;11/05/2026 05:23;CONFIRMEE
4682;54;429;07/05/2026 14:41;CONFIRMEE
4683;673;429;08/05/2026 00:38;ANNULEE
4684;547;429;02/05/2026 13:51;ANNULEE
4685;277;430;13/05/2026 07:24;CONFIRMEE
4686;394;430;03/05/2026 19:58;CONFIRMEE
4687;64;430;21/05/2026 06:24;CONFIRMEE
4688;91;430;24/04/2026 13:19;CONFIRMEE
4689;178;430;07/05/2026 22:52;CONFIRMEE
4690;692;430;18/05/2026 08:37;CONFIRMEE
4691;452;430;13/05/2026 08:10;CONFIRMEE
4692;204;430;13/05/2026 04:17;CONFIRMEE
4693;464;430;29/04/2026 14:52;CONFIRMEE
4694;144;430;26/04/2026 12:58;CONFIRMEE
4695;656;430;07/05/2026 15:20;CONFIRMEE
4696;433;430;10/05/2026 23:54;CONFIRMEE
4697;558;430;07/05/2026 09:11;CONFIRMEE
4698;219;430;04/05/2026 17:23;CONFIRMEE
4699;357;430;04/05/2026 21:23;CONFIRMEE
4700;165;430;04/05/2026 00:25;CONFIRMEE
4701;621;430;06/05/2026 23:13;CONFIRMEE
4702;193;430;05/05/2026 12:23;CONFIRMEE
4703;244;430;02/05/2026 14:15;CONFIRMEE
4704;720;430;09/05/2026 10:19;CONFIRMEE
4705;526;430;16/05/2026 20:49;CONFIRMEE
4706;657;430;19/05/2026 03:26;CONFIRMEE
4707;47;430;20/05/2026 13:03;CONFIRMEE
4708;155;430;14/05/2026 01:11;CONFIRMEE
4709;124;430;19/05/2026 02:30;CONFIRMEE
4710;112;430;22/04/2026 20:33;ANNULEE
4711;50;430;07/05/2026 09:41;ANNULEE
4712;390;431;12/10/2026 14:04;CONFIRMEE
4713;679;431;22/10/2026 12:05;CONFIRMEE
4714;684;431;28/10/2026 09:02;CONFIRMEE
4715;547;431;21/10/2026 21:08;CONFIRMEE
4716;200;431;17/10/2026 18:42;CONFIRMEE
4717;678;431;18/10/2026 08:31;CONFIRMEE
4718;544;431;03/11/2026 09:07;CONFIRMEE
4719;109;431;02/11/2026 08:51;CONFIRMEE
4720;704;431;04/11/2026 17:50;CONFIRMEE
4721;399;431;01/11/2026 20:36;CONFIRMEE
4722;352;431;29/10/2026 07:57;CONFIRMEE
4723;263;431;31/10/2026 06:35;CONFIRMEE
4724;480;431;05/11/2026 10:22;CONFIRMEE
4725;335;431;21/10/2026 17:57;CONFIRMEE
4726;181;431;09/11/2026 20:19;CONFIRMEE
4727;632;431;15/10/2026 20:01;CONFIRMEE
4728;204;431;20/10/2026 11:16;CONFIRMEE
4729;249;431;14/10/2026 11:48;CONFIRMEE
4730;409;431;05/11/2026 22:05;CONFIRMEE
4731;344;431;31/10/2026 18:17;CONFIRMEE
4732;697;431;23/10/2026 09:40;CONFIRMEE
4733;628;431;06/11/2026 17:31;ANNULEE
4734;599;431;09/11/2026 04:34;ANNULEE
4735;652;431;01/11/2026 08:48;ANNULEE
4736;706;431;07/11/2026 09:39;ANNULEE
4737;341;432;09/05/2026 16:33;CONFIRMEE
4738;735;432;10/05/2026 11:01;CONFIRMEE
4739;130;432;06/05/2026 03:59;CONFIRMEE
4740;740;432;15/05/2026 07:26;CONFIRMEE
4741;544;432;12/05/2026 14:58;ANNULEE
4742;165;433;27/06/2026 08:18;CONFIRMEE
4743;119;433;05/07/2026 09:36;CONFIRMEE
4744;341;433;06/07/2026 05:33;CONFIRMEE
4745;559;433;02/07/2026 08:43;CONFIRMEE
4746;114;433;07/07/2026 14:08;CONFIRMEE
4747;627;433;17/07/2026 23:37;CONFIRMEE
4748;671;433;06/07/2026 06:13;CONFIRMEE
4749;490;433;01/07/2026 14:00;CONFIRMEE
4750;68;433;16/07/2026 20:49;CONFIRMEE
4751;191;433;07/07/2026 05:26;ANNULEE
4752;548;434;21/03/2026 19:35;CONFIRMEE
4753;251;434;11/04/2026 12:29;CONFIRMEE
4754;117;434;02/04/2026 05:53;CONFIRMEE
4755;42;434;08/04/2026 20:38;CONFIRMEE
4756;243;434;29/03/2026 10:35;CONFIRMEE
4757;488;434;04/04/2026 02:59;CONFIRMEE
4758;404;434;06/04/2026 00:13;CONFIRMEE
4759;509;434;26/03/2026 11:32;CONFIRMEE
4760;442;434;21/03/2026 10:33;CONFIRMEE
4761;425;434;20/03/2026 07:43;CONFIRMEE
4762;449;434;25/03/2026 08:46;CONFIRMEE
4763;393;434;01/04/2026 03:43;ANNULEE
4764;109;435;27/02/2026 13:30;CONFIRMEE
4765;106;435;14/02/2026 07:42;CONFIRMEE
4766;381;435;13/02/2026 07:34;CONFIRMEE
4767;110;435;15/02/2026 08:17;CONFIRMEE
4768;368;435;21/02/2026 11:33;CONFIRMEE
4769;551;435;26/02/2026 04:27;CONFIRMEE
4770;30;435;17/02/2026 21:54;CONFIRMEE
4771;519;435;02/03/2026 20:48;CONFIRMEE
4772;626;435;24/02/2026 10:03;CONFIRMEE
4773;517;435;02/03/2026 21:10;CONFIRMEE
4774;209;435;05/03/2026 23:43;CONFIRMEE
4775;429;435;14/02/2026 11:28;ANNULEE
4776;58;435;09/02/2026 03:10;ANNULEE
4777;143;436;14/02/2026 03:25;CONFIRMEE
4778;231;436;18/02/2026 05:47;CONFIRMEE
4779;687;436;26/02/2026 18:55;CONFIRMEE
4780;587;436;03/03/2026 07:17;CONFIRMEE
4781;708;436;07/03/2026 12:38;CONFIRMEE
4782;551;436;14/03/2026 09:24;CONFIRMEE
4783;43;436;22/02/2026 02:12;CONFIRMEE
4784;544;436;24/02/2026 18:02;CONFIRMEE
4785;286;436;13/03/2026 14:57;CONFIRMEE
4786;561;436;19/02/2026 16:19;CONFIRMEE
4787;60;436;06/03/2026 03:28;CONFIRMEE
4788;711;437;13/05/2026 21:27;CONFIRMEE
4789;666;437;16/05/2026 16:21;CONFIRMEE
4790;100;437;12/05/2026 23:12;CONFIRMEE
4791;98;437;28/04/2026 22:12;CONFIRMEE
4792;671;437;03/05/2026 03:20;CONFIRMEE
4793;124;437;16/05/2026 19:40;CONFIRMEE
4794;423;437;17/05/2026 04:30;CONFIRMEE
4795;389;437;19/04/2026 02:15;CONFIRMEE
4796;616;437;14/05/2026 09:05;CONFIRMEE
4797;177;437;19/04/2026 18:35;CONFIRMEE
4798;260;437;26/04/2026 11:32;CONFIRMEE
4799;350;437;24/04/2026 17:45;CONFIRMEE
4800;510;437;12/05/2026 09:11;ANNULEE
4801;320;438;31/07/2026 11:49;CONFIRMEE
4802;491;438;30/07/2026 21:35;CONFIRMEE
4803;241;438;13/07/2026 13:31;CONFIRMEE
4804;276;438;01/08/2026 22:38;CONFIRMEE
4805;627;438;24/07/2026 14:35;CONFIRMEE
4806;347;438;11/07/2026 17:49;CONFIRMEE
4807;500;438;02/08/2026 17:01;CONFIRMEE
4808;156;438;22/07/2026 20:23;CONFIRMEE
4809;265;438;03/08/2026 11:10;CONFIRMEE
4810;261;438;17/07/2026 09:05;CONFIRMEE
4811;42;438;02/08/2026 14:29;CONFIRMEE
4812;50;438;01/08/2026 04:49;ANNULEE
4813;159;439;30/11/2026 11:05;CONFIRMEE
4814;478;439;26/11/2026 08:28;CONFIRMEE
4815;228;439;04/12/2026 08:58;CONFIRMEE
4816;52;439;18/11/2026 07:27;CONFIRMEE
4817;144;439;26/11/2026 20:26;CONFIRMEE
4818;556;439;28/11/2026 00:13;CONFIRMEE
4819;274;439;29/11/2026 19:18;CONFIRMEE
4820;280;439;13/11/2026 10:29;CONFIRMEE
4821;136;439;14/11/2026 18:58;CONFIRMEE
4822;349;439;06/12/2026 08:09;CONFIRMEE
4823;145;439;24/11/2026 01:41;CONFIRMEE
4824;50;439;15/11/2026 06:34;CONFIRMEE
4825;199;439;30/11/2026 01:08;CONFIRMEE
4826;544;439;16/11/2026 03:44;CONFIRMEE
4827;423;439;07/12/2026 07:34;CONFIRMEE
4828;445;439;20/11/2026 03:42;CONFIRMEE
4829;594;439;25/11/2026 22:53;CONFIRMEE
4830;277;439;19/11/2026 20:08;CONFIRMEE
4831;448;439;04/12/2026 21:38;CONFIRMEE
4832;419;439;07/12/2026 09:33;CONFIRMEE
4833;87;439;17/11/2026 02:16;CONFIRMEE
4834;422;439;16/11/2026 17:32;CONFIRMEE
4835;391;439;26/11/2026 18:05;CONFIRMEE
4836;129;439;22/11/2026 14:54;CONFIRMEE
4837;260;439;20/11/2026 14:31;ANNULEE
4838;367;439;13/11/2026 12:23;ANNULEE
4839;110;439;19/11/2026 02:09;ANNULEE
4840;579;439;15/11/2026 05:26;ANNULEE
4841;563;439;02/12/2026 14:46;ANNULEE
4842;741;440;20/07/2026 13:57;CONFIRMEE
4843;103;440;22/07/2026 01:53;CONFIRMEE
4844;471;440;23/07/2026 06:07;CONFIRMEE
4845;730;440;10/07/2026 17:55;CONFIRMEE
4846;241;440;27/07/2026 07:33;CONFIRMEE
4847;575;440;14/07/2026 05:13;CONFIRMEE
4848;602;440;10/07/2026 23:49;CONFIRMEE
4849;504;440;16/07/2026 17:07;CONFIRMEE
4850;356;440;29/07/2026 07:20;CONFIRMEE
4851;627;440;26/07/2026 07:18;CONFIRMEE
4852;719;440;09/07/2026 02:43;CONFIRMEE
4853;332;440;15/07/2026 20:56;CONFIRMEE
4854;487;440;18/07/2026 08:54;CONFIRMEE
4855;724;440;09/07/2026 19:28;CONFIRMEE
4856;718;440;21/07/2026 04:15;CONFIRMEE
4857;587;440;21/07/2026 10:56;CONFIRMEE
4858;58;440;18/07/2026 00:33;CONFIRMEE
4859;162;440;02/08/2026 02:14;CONFIRMEE
4860;609;440;05/07/2026 00:32;ANNULEE
4861;233;440;29/07/2026 19:28;ANNULEE
4862;665;440;18/07/2026 19:53;ANNULEE
4863;482;441;16/09/2026 04:54;CONFIRMEE
4864;438;441;24/08/2026 21:39;CONFIRMEE
4865;569;441;22/09/2026 14:24;CONFIRMEE
4866;732;441;04/09/2026 13:29;ANNULEE
4867;34;442;24/09/2026 05:25;CONFIRMEE
4868;99;442;19/09/2026 00:37;CONFIRMEE
4869;292;442;23/09/2026 15:51;CONFIRMEE
4870;210;442;10/09/2026 22:55;CONFIRMEE
4871;714;442;05/09/2026 06:16;CONFIRMEE
4872;635;442;04/09/2026 19:34;CONFIRMEE
4873;304;442;01/10/2026 16:29;CONFIRMEE
4874;576;443;09/07/2026 23:41;CONFIRMEE
4875;205;443;15/07/2026 04:57;CONFIRMEE
4876;531;443;11/07/2026 22:24;CONFIRMEE
4877;211;443;06/07/2026 13:54;ANNULEE
4878;53;444;13/04/2026 19:05;CONFIRMEE
4879;656;444;12/04/2026 20:13;CONFIRMEE
4880;500;444;20/04/2026 09:50;CONFIRMEE
4881;542;444;03/04/2026 09:02;CONFIRMEE
4882;189;444;21/04/2026 10:22;CONFIRMEE
4883;144;444;18/04/2026 12:51;CONFIRMEE
4884;96;444;07/04/2026 17:34;CONFIRMEE
4885;47;444;28/03/2026 15:39;CONFIRMEE
4886;519;444;12/04/2026 18:42;CONFIRMEE
4887;743;444;28/03/2026 18:37;CONFIRMEE
4888;609;444;25/03/2026 08:36;CONFIRMEE
4889;265;444;16/04/2026 22:35;CONFIRMEE
4890;29;444;11/04/2026 18:07;CONFIRMEE
4891;363;444;31/03/2026 14:45;CONFIRMEE
4892;240;444;01/04/2026 19:17;ANNULEE
4893;737;444;01/04/2026 22:14;ANNULEE
4894;42;444;01/04/2026 04:53;ANNULEE
4895;603;445;02/04/2026 09:21;CONFIRMEE
4896;308;445;20/03/2026 21:27;CONFIRMEE
4897;675;445;28/03/2026 21:05;CONFIRMEE
4898;351;445;27/03/2026 19:04;CONFIRMEE
4899;198;445;13/03/2026 05:27;CONFIRMEE
4900;121;445;15/03/2026 10:52;CONFIRMEE
4901;108;445;20/03/2026 10:35;CONFIRMEE
4902;77;445;01/04/2026 09:52;CONFIRMEE
4903;393;445;26/03/2026 23:21;CONFIRMEE
4904;128;445;25/03/2026 03:12;CONFIRMEE
4905;512;445;18/03/2026 04:35;CONFIRMEE
4906;524;445;15/03/2026 18:42;CONFIRMEE
4907;644;445;22/03/2026 18:24;ANNULEE
4908;647;446;15/11/2026 09:08;CONFIRMEE
4909;602;446;24/11/2026 03:43;CONFIRMEE
4910;409;446;18/11/2026 12:01;CONFIRMEE
4911;113;446;05/12/2026 22:22;CONFIRMEE
4912;445;446;24/11/2026 22:55;CONFIRMEE
4913;650;446;18/11/2026 20:03;CONFIRMEE
4914;335;446;08/12/2026 07:49;CONFIRMEE
4915;185;446;19/11/2026 20:43;CONFIRMEE
4916;686;446;09/12/2026 10:24;CONFIRMEE
4917;50;446;30/11/2026 01:47;CONFIRMEE
4918;682;446;01/12/2026 10:57;CONFIRMEE
4919;711;446;12/12/2026 12:37;CONFIRMEE
4920;645;446;02/12/2026 08:14;CONFIRMEE
4921;184;446;05/12/2026 08:09;CONFIRMEE
4922;127;446;13/12/2026 08:50;CONFIRMEE
4923;616;446;17/11/2026 05:58;CONFIRMEE
4924;283;446;06/12/2026 17:04;CONFIRMEE
4925;79;446;03/12/2026 01:29;CONFIRMEE
4926;307;446;03/12/2026 12:16;CONFIRMEE
4927;558;446;22/11/2026 16:44;CONFIRMEE
4928;424;446;28/11/2026 06:47;CONFIRMEE
4929;514;446;24/11/2026 08:12;CONFIRMEE
4930;210;446;18/11/2026 23:49;ANNULEE
4931;294;446;30/11/2026 12:28;ANNULEE
4932;521;447;05/04/2026 02:51;CONFIRMEE
4933;706;447;23/03/2026 10:30;CONFIRMEE
4934;178;447;07/03/2026 19:02;CONFIRMEE
4935;666;447;27/03/2026 23:07;CONFIRMEE
4936;304;447;24/03/2026 23:45;CONFIRMEE
4937;321;447;05/04/2026 06:03;CONFIRMEE
4938;327;447;02/04/2026 17:01;ANNULEE
4939;77;448;16/03/2026 07:53;CONFIRMEE
4940;377;448;15/03/2026 10:42;CONFIRMEE
4941;426;448;25/02/2026 14:50;CONFIRMEE
4942;271;448;27/02/2026 20:13;CONFIRMEE
4943;184;448;09/03/2026 05:32;CONFIRMEE
4944;330;448;10/03/2026 22:38;CONFIRMEE
4945;657;448;25/02/2026 03:38;CONFIRMEE
4946;61;448;17/02/2026 10:07;CONFIRMEE
4947;424;448;12/03/2026 03:10;CONFIRMEE
4948;673;448;13/03/2026 08:17;CONFIRMEE
4949;291;448;26/02/2026 17:46;CONFIRMEE
4950;501;448;03/03/2026 07:05;CONFIRMEE
4951;260;448;20/02/2026 17:53;CONFIRMEE
4952;721;448;04/03/2026 18:49;ANNULEE
4953;334;448;23/02/2026 22:34;ANNULEE
4954;429;449;28/12/2025 00:44;CONFIRMEE
4955;169;449;03/01/2026 07:37;CONFIRMEE
4956;600;449;04/12/2025 18:07;CONFIRMEE
4957;459;449;02/01/2026 02:50;CONFIRMEE
4958;244;449;25/12/2025 21:16;CONFIRMEE
4959;165;449;12/12/2025 14:57;CONFIRMEE
4960;297;449;30/12/2025 04:54;CONFIRMEE
4961;636;449;19/12/2025 03:17;CONFIRMEE
4962;494;449;29/12/2025 16:16;CONFIRMEE
4963;615;449;31/12/2025 07:06;CONFIRMEE
4964;156;449;02/01/2026 08:54;CONFIRMEE
4965;396;449;10/12/2025 12:51;ANNULEE
4966;59;449;15/12/2025 05:47;ANNULEE
4967;554;450;29/07/2026 06:59;CONFIRMEE
4968;323;450;16/07/2026 18:17;CONFIRMEE
4969;603;450;07/08/2026 01:48;CONFIRMEE
4970;498;450;09/08/2026 08:09;CONFIRMEE
4971;391;450;05/08/2026 03:12;CONFIRMEE
4972;104;450;18/07/2026 15:29;CONFIRMEE
4973;414;450;06/08/2026 21:21;CONFIRMEE
4974;281;450;15/07/2026 21:42;ANNULEE
4975;207;451;07/10/2026 00:23;CONFIRMEE
4976;718;451;03/10/2026 22:14;CONFIRMEE
4977;731;451;02/10/2026 10:29;CONFIRMEE
4978;492;451;01/10/2026 17:55;CONFIRMEE
4979;453;451;17/10/2026 11:13;CONFIRMEE
4980;382;451;15/10/2026 11:22;CONFIRMEE
4981;100;451;19/09/2026 14:23;CONFIRMEE
4982;457;451;18/10/2026 05:13;CONFIRMEE
4983;660;451;10/10/2026 00:37;CONFIRMEE
4984;115;451;27/09/2026 09:39;CONFIRMEE
4985;173;451;26/09/2026 04:00;CONFIRMEE
4986;58;451;17/10/2026 18:17;CONFIRMEE
4987;128;451;20/09/2026 05:44;CONFIRMEE
4988;39;451;05/10/2026 14:32;CONFIRMEE
4989;677;451;30/09/2026 02:30;CONFIRMEE
4990;127;451;16/10/2026 00:06;ANNULEE
4991;201;451;29/09/2026 19:33;ANNULEE
4992;331;452;10/03/2026 17:55;CONFIRMEE
4993;392;452;26/03/2026 05:39;CONFIRMEE
4994;163;452;06/03/2026 02:00;CONFIRMEE
4995;247;452;24/03/2026 00:25;CONFIRMEE
4996;601;452;09/03/2026 16:54;CONFIRMEE
4997;80;452;26/02/2026 03:00;CONFIRMEE
4998;446;452;09/03/2026 22:53;CONFIRMEE
4999;161;452;28/02/2026 23:27;CONFIRMEE
5000;58;452;13/03/2026 07:36;CONFIRMEE
5001;415;452;04/03/2026 21:40;ANNULEE
5002;231;453;06/04/2026 17:04;CONFIRMEE
5003;602;453;24/03/2026 12:55;CONFIRMEE
5004;295;453;15/04/2026 13:32;CONFIRMEE
5005;704;453;17/04/2026 19:43;CONFIRMEE
5006;90;453;31/03/2026 10:29;CONFIRMEE
5007;497;453;17/04/2026 05:50;CONFIRMEE
5008;393;453;07/04/2026 07:41;CONFIRMEE
5009;460;453;09/04/2026 19:33;ANNULEE
5010;159;454;28/05/2026 02:28;CONFIRMEE
5011;45;454;21/06/2026 20:09;CONFIRMEE
5012;741;454;20/06/2026 02:52;CONFIRMEE
5013;458;454;15/06/2026 08:29;CONFIRMEE
5014;66;454;11/06/2026 22:54;CONFIRMEE
5015;80;454;14/06/2026 11:13;CONFIRMEE
5016;96;454;21/06/2026 11:53;CONFIRMEE
5017;644;454;01/06/2026 04:51;CONFIRMEE
5018;53;454;13/06/2026 22:02;ANNULEE
5019;260;455;12/12/2025 09:37;CONFIRMEE
5020;488;455;06/12/2025 22:52;CONFIRMEE
5021;285;455;01/01/2026 18:51;CONFIRMEE
5022;336;455;09/12/2025 18:27;CONFIRMEE
5023;464;455;24/12/2025 09:28;CONFIRMEE
5024;615;455;16/12/2025 13:48;CONFIRMEE
5025;738;455;21/12/2025 10:13;CONFIRMEE
5026;635;455;27/12/2025 01:50;CONFIRMEE
5027;128;455;19/12/2025 05:50;CONFIRMEE
5028;84;455;16/12/2025 18:52;CONFIRMEE
5029;541;455;01/01/2026 15:03;CONFIRMEE
5030;370;455;15/12/2025 10:05;CONFIRMEE
5031;89;455;13/12/2025 02:20;CONFIRMEE
5032;230;455;26/12/2025 19:17;CONFIRMEE
5033;265;455;04/01/2026 04:24;ANNULEE
5034;576;455;07/12/2025 05:45;ANNULEE
5035;439;456;03/02/2026 17:16;CONFIRMEE
5036;749;456;11/02/2026 19:09;CONFIRMEE
5037;155;456;19/01/2026 00:04;CONFIRMEE
5038;403;456;24/01/2026 17:00;CONFIRMEE
5039;517;456;04/02/2026 07:44;CONFIRMEE
5040;357;456;27/01/2026 03:50;CONFIRMEE
5041;398;456;08/02/2026 22:36;CONFIRMEE
5042;76;456;01/02/2026 22:42;ANNULEE
5043;600;457;06/04/2026 10:21;CONFIRMEE
5044;703;457;20/04/2026 17:07;CONFIRMEE
5045;95;457;04/04/2026 10:26;CONFIRMEE
5046;500;457;23/04/2026 11:46;CONFIRMEE
5047;1;457;14/04/2026 06:24;CONFIRMEE
5048;494;457;04/04/2026 02:45;CONFIRMEE
5049;418;457;06/04/2026 07:11;CONFIRMEE
5050;168;457;14/04/2026 16:28;CONFIRMEE
5051;293;457;07/04/2026 07:57;CONFIRMEE
5052;739;457;08/04/2026 06:55;ANNULEE
5053;39;458;28/10/2026 12:30;CONFIRMEE
5054;351;458;21/10/2026 17:13;CONFIRMEE
5055;508;458;23/10/2026 15:31;CONFIRMEE
5056;156;458;14/10/2026 08:59;CONFIRMEE
5057;724;458;09/10/2026 03:44;CONFIRMEE
5058;692;458;02/11/2026 02:36;CONFIRMEE
5059;547;458;24/10/2026 19:44;ANNULEE
5060;61;459;14/11/2026 08:29;CONFIRMEE
5061;495;459;06/11/2026 17:03;CONFIRMEE
5062;297;459;31/10/2026 17:02;CONFIRMEE
5063;611;459;31/10/2026 18:07;CONFIRMEE
5064;104;459;15/11/2026 15:14;CONFIRMEE
5065;271;459;24/11/2026 16:30;CONFIRMEE
5066;475;459;31/10/2026 21:15;CONFIRMEE
5067;350;459;28/10/2026 08:12;CONFIRMEE
5068;607;459;23/11/2026 17:37;CONFIRMEE
5069;154;459;05/11/2026 00:08;CONFIRMEE
5070;524;459;17/11/2026 18:25;CONFIRMEE
5071;98;459;24/11/2026 12:30;ANNULEE
5072;508;460;23/10/2026 07:49;CONFIRMEE
5073;685;460;03/11/2026 15:54;CONFIRMEE
5074;173;460;10/10/2026 12:25;CONFIRMEE
5075;293;460;16/10/2026 18:48;CONFIRMEE
5076;282;460;26/10/2026 15:19;CONFIRMEE
5077;214;460;23/10/2026 18:40;CONFIRMEE
5078;98;460;24/10/2026 20:19;CONFIRMEE
5079;166;460;15/10/2026 21:55;ANNULEE
5080;484;461;11/04/2026 13:28;CONFIRMEE
5081;219;461;06/04/2026 19:57;CONFIRMEE
5082;176;461;27/03/2026 00:55;CONFIRMEE
5083;501;461;14/04/2026 05:03;CONFIRMEE
5084;187;461;07/04/2026 14:09;CONFIRMEE
5085;581;461;11/04/2026 14:05;CONFIRMEE
5086;118;461;17/04/2026 16:29;CONFIRMEE
5087;308;461;13/04/2026 11:37;CONFIRMEE
5088;104;461;31/03/2026 11:46;CONFIRMEE
5089;535;461;19/04/2026 00:37;CONFIRMEE
5090;207;461;12/04/2026 01:56;CONFIRMEE
5091;143;461;12/04/2026 14:43;CONFIRMEE
5092;239;461;10/04/2026 01:57;CONFIRMEE
5093;304;461;31/03/2026 18:26;ANNULEE
5094;401;462;06/10/2026 12:21;CONFIRMEE
5095;50;462;30/09/2026 00:29;CONFIRMEE
5096;110;462;02/10/2026 10:16;CONFIRMEE
5097;708;462;10/10/2026 08:57;CONFIRMEE
5098;458;462;20/10/2026 09:39;CONFIRMEE
5099;288;462;11/10/2026 21:46;CONFIRMEE
5100;679;462;26/10/2026 09:36;CONFIRMEE
5101;740;462;04/10/2026 07:19;CONFIRMEE
5102;475;462;26/10/2026 20:01;CONFIRMEE
5103;424;462;19/10/2026 06:48;CONFIRMEE
5104;169;462;27/10/2026 14:43;ANNULEE
5105;327;463;16/09/2026 20:20;CONFIRMEE
5106;396;463;19/09/2026 06:47;CONFIRMEE
5107;157;463;22/09/2026 18:16;CONFIRMEE
5108;472;463;26/08/2026 15:44;CONFIRMEE
5109;205;463;25/09/2026 01:26;CONFIRMEE
5110;704;463;21/09/2026 21:25;CONFIRMEE
5111;744;463;24/09/2026 21:54;CONFIRMEE
5112;561;463;26/08/2026 23:15;ANNULEE
5113;490;464;03/08/2026 08:22;CONFIRMEE
5114;422;464;09/08/2026 04:31;CONFIRMEE
5115;154;464;15/08/2026 06:03;CONFIRMEE
5116;216;464;03/08/2026 20:28;ANNULEE
5117;144;465;06/09/2026 04:18;CONFIRMEE
5118;540;465;20/09/2026 19:48;CONFIRMEE
5119;569;465;12/09/2026 19:56;CONFIRMEE
5120;410;465;31/08/2026 04:04;CONFIRMEE
5121;589;465;01/09/2026 11:35;CONFIRMEE
5122;168;465;10/09/2026 23:52;CONFIRMEE
5123;161;465;16/09/2026 03:33;CONFIRMEE
5124;301;465;15/09/2026 05:13;CONFIRMEE
5125;228;465;22/09/2026 10:19;CONFIRMEE
5126;712;465;06/09/2026 04:02;CONFIRMEE
5127;240;465;11/09/2026 17:33;ANNULEE
5128;446;466;27/09/2026 12:46;CONFIRMEE
5129;218;466;23/09/2026 06:23;CONFIRMEE
5130;637;466;01/10/2026 03:13;CONFIRMEE
5131;747;466;18/10/2026 03:07;CONFIRMEE
5132;47;466;05/10/2026 19:07;CONFIRMEE
5133;106;466;02/10/2026 11:23;CONFIRMEE
5134;611;466;03/10/2026 13:06;ANNULEE
5135;479;467;04/02/2026 08:08;CONFIRMEE
5136;326;467;01/02/2026 00:44;CONFIRMEE
5137;340;467;11/02/2026 16:09;CONFIRMEE
5138;480;467;31/01/2026 05:53;CONFIRMEE
5139;52;467;12/02/2026 15:40;CONFIRMEE
5140;745;467;02/02/2026 15:03;CONFIRMEE
5141;46;467;24/01/2026 01:44;CONFIRMEE
5142;176;467;08/02/2026 09:53;CONFIRMEE
5143;716;467;08/02/2026 02:17;CONFIRMEE
5144;265;467;25/01/2026 15:28;CONFIRMEE
5145;136;467;31/01/2026 09:50;CONFIRMEE
5146;703;467;14/02/2026 00:03;CONFIRMEE
5147;254;467;11/02/2026 23:58;CONFIRMEE
5148;650;467;09/02/2026 02:15;CONFIRMEE
5149;357;467;18/01/2026 08:18;ANNULEE
5150;257;468;03/09/2026 12:20;CONFIRMEE
5151;645;468;08/09/2026 14:57;CONFIRMEE
5152;563;469;20/05/2026 23:15;CONFIRMEE
5153;47;469;21/05/2026 01:21;CONFIRMEE
5154;622;469;28/04/2026 22:21;CONFIRMEE
5155;225;469;24/04/2026 12:23;CONFIRMEE
5156;425;469;04/05/2026 11:24;CONFIRMEE
5157;122;469;11/05/2026 15:07;CONFIRMEE
5158;155;469;13/05/2026 18:58;CONFIRMEE
5159;667;469;24/04/2026 00:49;CONFIRMEE
5160;725;469;01/05/2026 11:04;CONFIRMEE
5161;216;469;16/05/2026 14:44;CONFIRMEE
5162;44;469;08/05/2026 01:09;CONFIRMEE
5163;159;469;04/05/2026 00:18;CONFIRMEE
5164;118;469;15/05/2026 08:31;CONFIRMEE
5165;313;469;02/05/2026 09:10;CONFIRMEE
5166;576;469;22/05/2026 00:55;CONFIRMEE
5167;363;469;21/05/2026 00:58;CONFIRMEE
5168;322;469;04/05/2026 07:50;CONFIRMEE
5169;230;469;18/05/2026 22:03;ANNULEE
5170;243;469;02/05/2026 11:14;ANNULEE
5171;673;469;03/05/2026 12:54;ANNULEE
5172;399;469;18/05/2026 00:50;ANNULEE
5173;199;470;25/08/2026 13:06;CONFIRMEE
5174;702;470;14/08/2026 22:37;CONFIRMEE
5175;269;470;26/08/2026 22:49;CONFIRMEE
5176;337;470;18/08/2026 15:53;CONFIRMEE
5177;169;470;25/08/2026 10:52;CONFIRMEE
5178;473;470;17/08/2026 04:06;CONFIRMEE
5179;748;470;07/09/2026 19:25;CONFIRMEE
5180;627;470;05/09/2026 23:32;CONFIRMEE
5181;532;470;03/09/2026 13:03;CONFIRMEE
5182;418;470;28/08/2026 14:32;CONFIRMEE
5183;121;470;19/08/2026 13:13;ANNULEE
5184;614;470;18/08/2026 11:21;ANNULEE
5185;369;471;05/07/2026 21:47;CONFIRMEE
5186;261;471;22/06/2026 12:27;CONFIRMEE
5187;365;471;19/06/2026 08:03;CONFIRMEE
5188;33;471;07/06/2026 18:07;CONFIRMEE
5189;64;471;23/06/2026 04:00;CONFIRMEE
5190;427;471;27/06/2026 09:24;CONFIRMEE
5191;265;471;25/06/2026 08:56;CONFIRMEE
5192;168;471;27/06/2026 17:45;CONFIRMEE
5193;494;471;03/07/2026 02:27;CONFIRMEE
5194;358;471;24/06/2026 22:35;CONFIRMEE
5195;533;471;03/07/2026 21:59;CONFIRMEE
5196;668;471;17/06/2026 12:55;CONFIRMEE
5197;115;471;20/06/2026 05:15;CONFIRMEE
5198;297;471;20/06/2026 09:38;CONFIRMEE
5199;727;471;18/06/2026 22:00;CONFIRMEE
5200;159;471;30/06/2026 20:43;CONFIRMEE
5201;643;471;30/06/2026 21:56;CONFIRMEE
5202;354;471;25/06/2026 11:35;CONFIRMEE
5203;715;471;30/06/2026 09:11;ANNULEE
5204;64;472;07/03/2026 12:18;CONFIRMEE
5205;295;472;28/02/2026 05:25;CONFIRMEE
5206;548;472;04/03/2026 09:16;CONFIRMEE
5207;575;472;11/03/2026 23:11;CONFIRMEE
5208;670;472;25/02/2026 20:01;CONFIRMEE
5209;187;472;17/03/2026 22:11;CONFIRMEE
5210;658;472;23/02/2026 07:42;CONFIRMEE
5211;337;472;06/03/2026 13:26;CONFIRMEE
5212;682;472;06/03/2026 02:50;CONFIRMEE
5213;67;472;18/03/2026 22:21;CONFIRMEE
5214;411;472;23/02/2026 07:04;CONFIRMEE
5215;685;472;28/02/2026 22:59;ANNULEE
5216;207;472;12/03/2026 12:11;ANNULEE
5217;53;473;27/04/2026 05:26;CONFIRMEE
5218;739;473;29/04/2026 12:54;CONFIRMEE
5219;564;474;08/04/2026 08:32;CONFIRMEE
5220;732;474;26/04/2026 03:35;CONFIRMEE
5221;650;474;27/04/2026 16:23;CONFIRMEE
5222;240;474;12/04/2026 07:25;CONFIRMEE
5223;433;474;04/04/2026 00:21;CONFIRMEE
5224;746;474;22/04/2026 08:59;CONFIRMEE
5225;488;474;27/04/2026 15:37;CONFIRMEE
5226;247;474;05/04/2026 02:04;CONFIRMEE
5227;382;474;13/04/2026 12:07;CONFIRMEE
5228;136;474;20/04/2026 18:33;CONFIRMEE
5229;424;474;28/04/2026 11:25;ANNULEE
5230;292;475;19/05/2026 23:30;CONFIRMEE
5231;458;475;03/06/2026 06:25;CONFIRMEE
5232;304;475;13/06/2026 14:13;CONFIRMEE
5233;563;475;16/05/2026 03:31;CONFIRMEE
5234;515;475;06/06/2026 02:03;CONFIRMEE
5235;601;475;24/05/2026 12:03;CONFIRMEE
5236;258;475;11/06/2026 05:39;CONFIRMEE
5237;630;475;06/06/2026 12:15;CONFIRMEE
5238;50;475;04/06/2026 17:07;CONFIRMEE
5239;33;475;29/05/2026 09:28;CONFIRMEE
5240;60;475;06/06/2026 01:39;CONFIRMEE
5241;74;475;09/06/2026 11:43;CONFIRMEE
5242;533;475;27/05/2026 21:46;CONFIRMEE
5243;82;475;16/05/2026 20:00;ANNULEE
5244;230;475;19/05/2026 03:05;ANNULEE
5245;233;476;03/11/2026 18:36;CONFIRMEE
5246;337;476;15/11/2026 16:45;CONFIRMEE
5247;492;476;09/11/2026 18:34;CONFIRMEE
5248;113;476;01/11/2026 12:14;CONFIRMEE
5249;616;476;01/11/2026 06:07;CONFIRMEE
5250;213;476;25/11/2026 06:52;CONFIRMEE
5251;737;476;21/11/2026 23:50;CONFIRMEE
5252;246;476;11/11/2026 23:46;CONFIRMEE
5253;482;476;21/11/2026 08:27;CONFIRMEE
5254;445;476;17/11/2026 08:43;CONFIRMEE
5255;176;476;04/11/2026 23:38;CONFIRMEE
5256;208;476;13/11/2026 08:40;CONFIRMEE
5257;209;476;08/11/2026 20:53;CONFIRMEE
5258;260;476;31/10/2026 21:43;CONFIRMEE
5259;602;476;17/11/2026 19:37;CONFIRMEE
5260;462;476;08/11/2026 09:24;ANNULEE
5261;61;476;22/11/2026 21:28;ANNULEE
5262;638;476;23/11/2026 22:17;ANNULEE
5263;50;477;18/10/2026 22:59;CONFIRMEE
5264;526;477;15/10/2026 23:45;CONFIRMEE
5265;249;477;29/09/2026 02:58;CONFIRMEE
5266;346;477;09/10/2026 15:55;CONFIRMEE
5267;150;477;14/10/2026 09:27;CONFIRMEE
5268;374;477;06/10/2026 01:04;CONFIRMEE
5269;715;477;19/10/2026 06:30;CONFIRMEE
5270;746;477;19/10/2026 04:31;CONFIRMEE
5271;255;477;15/10/2026 11:49;CONFIRMEE
5272;49;477;20/10/2026 01:01;CONFIRMEE
5273;372;477;18/10/2026 08:13;CONFIRMEE
5274;553;477;14/10/2026 04:07;ANNULEE
5275;520;478;25/05/2026 05:17;CONFIRMEE
5276;291;478;26/05/2026 03:37;CONFIRMEE
5277;503;478;29/05/2026 10:37;CONFIRMEE
5278;252;478;06/05/2026 00:47;CONFIRMEE
5279;191;478;24/05/2026 18:31;CONFIRMEE
5280;439;478;19/05/2026 13:06;CONFIRMEE
5281;728;478;11/05/2026 14:54;CONFIRMEE
5282;531;478;25/05/2026 07:22;CONFIRMEE
5283;428;478;15/05/2026 18:38;ANNULEE
5284;481;479;13/03/2026 10:53;CONFIRMEE
5285;717;479;18/02/2026 03:18;CONFIRMEE
5286;336;479;21/02/2026 08:24;CONFIRMEE
5287;540;479;12/03/2026 02:39;CONFIRMEE
5288;746;479;18/03/2026 01:06;CONFIRMEE
5289;533;479;12/03/2026 14:48;CONFIRMEE
5290;609;479;19/03/2026 04:30;CONFIRMEE
5291;690;479;03/03/2026 11:35;CONFIRMEE
5292;409;479;12/03/2026 10:11;CONFIRMEE
5293;189;479;19/03/2026 04:02;CONFIRMEE
5294;675;479;24/02/2026 19:28;CONFIRMEE
5295;239;479;09/03/2026 15:09;CONFIRMEE
5296;607;479;19/02/2026 03:35;CONFIRMEE
5297;674;479;11/03/2026 09:56;CONFIRMEE
5298;161;479;17/02/2026 12:34;CONFIRMEE
5299;521;479;05/03/2026 07:20;CONFIRMEE
5300;248;479;09/03/2026 08:06;CONFIRMEE
5301;353;479;16/03/2026 16:04;CONFIRMEE
5302;143;479;20/02/2026 00:18;ANNULEE
5303;285;479;21/02/2026 01:58;ANNULEE
5304;495;479;14/03/2026 07:19;ANNULEE
5305;269;480;11/06/2026 23:12;CONFIRMEE
5306;660;480;07/06/2026 01:31;CONFIRMEE
5307;216;480;11/06/2026 07:14;CONFIRMEE
5308;526;480;13/06/2026 15:22;CONFIRMEE
5309;347;480;15/06/2026 20:20;CONFIRMEE
5310;390;480;19/06/2026 15:45;CONFIRMEE
5311;679;480;10/06/2026 12:14;CONFIRMEE
5312;451;480;15/06/2026 07:09;CONFIRMEE
5313;521;480;31/05/2026 23:40;CONFIRMEE
5314;306;480;27/05/2026 20:26;CONFIRMEE
5315;322;480;24/05/2026 12:55;ANNULEE
5316;680;480;12/06/2026 20:50;ANNULEE
5317;91;481;15/07/2026 09:52;CONFIRMEE
5318;351;481;18/07/2026 06:38;CONFIRMEE
5319;725;481;12/07/2026 23:28;CONFIRMEE
5320;722;481;02/07/2026 11:38;CONFIRMEE
5321;748;481;29/06/2026 11:49;CONFIRMEE
5322;635;481;02/07/2026 21:34;CONFIRMEE
5323;369;481;09/07/2026 04:35;CONFIRMEE
5324;424;481;06/07/2026 11:06;CONFIRMEE
5325;415;481;19/06/2026 21:01;CONFIRMEE
5326;200;481;16/07/2026 06:24;CONFIRMEE
5327;727;481;30/06/2026 00:11;CONFIRMEE
5328;78;481;02/07/2026 20:33;CONFIRMEE
5329;382;481;20/06/2026 23:08;CONFIRMEE
5330;728;481;23/06/2026 19:45;ANNULEE
5331;112;481;29/06/2026 04:21;ANNULEE
5332;655;482;09/03/2026 05:59;CONFIRMEE
5333;404;482;07/03/2026 22:47;CONFIRMEE
5334;171;482;03/03/2026 22:11;CONFIRMEE
5335;565;482;17/02/2026 02:48;CONFIRMEE
5336;127;482;07/03/2026 20:10;CONFIRMEE
5337;558;482;06/03/2026 22:14;ANNULEE
5338;437;483;30/08/2026 15:01;CONFIRMEE
5339;530;483;30/08/2026 04:17;CONFIRMEE
5340;354;483;27/08/2026 21:28;CONFIRMEE
5341;256;483;15/08/2026 10:22;CONFIRMEE
5342;173;483;24/08/2026 22:37;CONFIRMEE
5343;519;483;21/08/2026 07:16;CONFIRMEE
5344;682;483;14/08/2026 21:27;CONFIRMEE
5345;125;483;15/08/2026 20:53;CONFIRMEE
5346;210;483;12/08/2026 13:22;CONFIRMEE
5347;199;483;05/08/2026 22:30;CONFIRMEE
5348;349;483;30/08/2026 22:35;CONFIRMEE
5349;702;483;17/08/2026 06:40;CONFIRMEE
5350;165;483;23/08/2026 14:15;CONFIRMEE
5351;265;483;21/08/2026 11:01;CONFIRMEE
5352;104;483;11/08/2026 07:11;ANNULEE
5353;247;484;10/03/2026 19:32;CONFIRMEE
5354;194;484;11/03/2026 16:05;CONFIRMEE
5355;147;484;26/03/2026 05:52;CONFIRMEE
5356;696;484;20/03/2026 13:26;CONFIRMEE
5357;688;484;27/03/2026 17:16;CONFIRMEE
5358;495;484;17/03/2026 03:36;CONFIRMEE
5359;554;484;29/03/2026 20:48;CONFIRMEE
5360;108;484;15/03/2026 20:07;CONFIRMEE
5361;632;484;17/03/2026 14:17;CONFIRMEE
5362;216;484;20/03/2026 00:27;CONFIRMEE
5363;425;484;18/03/2026 22:26;CONFIRMEE
5364;97;484;14/03/2026 18:39;CONFIRMEE
5365;170;484;13/03/2026 23:33;CONFIRMEE
5366;453;484;05/03/2026 18:43;CONFIRMEE
5367;666;484;27/03/2026 07:45;ANNULEE
5368;518;485;26/04/2026 21:04;CONFIRMEE
5369;81;485;09/05/2026 05:14;CONFIRMEE
5370;279;485;19/05/2026 19:23;CONFIRMEE
5371;320;485;03/05/2026 02:13;CONFIRMEE
5372;145;485;14/05/2026 13:06;CONFIRMEE
5373;535;485;08/05/2026 06:07;CONFIRMEE
5374;187;485;07/05/2026 02:54;CONFIRMEE
5375;293;485;27/04/2026 00:19;CONFIRMEE
5376;94;485;27/04/2026 11:36;CONFIRMEE
5377;439;485;22/05/2026 09:42;ANNULEE
5378;80;486;26/10/2026 22:34;CONFIRMEE
5379;526;486;01/11/2026 19:57;CONFIRMEE
5380;259;486;19/11/2026 23:12;CONFIRMEE
5381;238;486;29/10/2026 05:56;CONFIRMEE
5382;246;486;29/10/2026 14:57;CONFIRMEE
5383;279;486;19/11/2026 11:10;CONFIRMEE
5384;187;486;11/11/2026 17:47;CONFIRMEE
5385;577;486;11/11/2026 00:47;ANNULEE
5386;60;487;29/06/2026 05:59;CONFIRMEE
5387;264;487;16/07/2026 13:25;CONFIRMEE
5388;723;487;17/07/2026 05:12;CONFIRMEE
5389;483;487;27/06/2026 05:23;CONFIRMEE
5390;742;487;09/07/2026 17:36;CONFIRMEE
5391;539;487;19/07/2026 15:23;CONFIRMEE
5392;573;487;25/07/2026 21:09;CONFIRMEE
5393;356;487;05/07/2026 18:01;CONFIRMEE
5394;286;487;15/07/2026 18:41;CONFIRMEE
5395;439;487;28/06/2026 23:07;CONFIRMEE
5396;414;487;02/07/2026 21:15;ANNULEE
5397;579;487;05/07/2026 14:29;ANNULEE
5398;273;488;10/07/2026 02:43;CONFIRMEE
5399;228;488;30/06/2026 14:31;CONFIRMEE
5400;621;488;24/07/2026 10:01;CONFIRMEE
5401;313;488;03/07/2026 07:24;CONFIRMEE
5402;648;488;30/06/2026 03:22;CONFIRMEE
5403;225;488;04/07/2026 05:13;CONFIRMEE
5404;356;488;28/06/2026 06:42;CONFIRMEE
5405;480;488;06/07/2026 03:06;CONFIRMEE
5406;48;488;19/07/2026 19:53;CONFIRMEE
5407;483;488;06/07/2026 07:48;CONFIRMEE
5408;283;488;21/07/2026 21:14;CONFIRMEE
5409;203;488;19/07/2026 18:51;CONFIRMEE
5410;736;488;11/07/2026 04:42;CONFIRMEE
5411;645;488;24/07/2026 06:59;CONFIRMEE
5412;609;488;30/06/2026 01:27;CONFIRMEE
5413;269;488;01/07/2026 11:59;CONFIRMEE
5414;94;488;22/07/2026 14:02;CONFIRMEE
5415;252;488;05/07/2026 06:45;CONFIRMEE
5416;65;488;05/07/2026 02:37;CONFIRMEE
5417;379;488;20/07/2026 10:15;ANNULEE
5418;463;488;11/07/2026 09:38;ANNULEE
5419;593;489;03/07/2026 19:03;CONFIRMEE
5420;535;489;25/06/2026 13:58;CONFIRMEE
5421;374;489;30/06/2026 13:10;CONFIRMEE
5422;384;489;24/06/2026 17:55;CONFIRMEE
5423;639;489;01/07/2026 17:32;CONFIRMEE
5424;329;489;11/07/2026 07:11;CONFIRMEE
5425;367;489;24/06/2026 21:50;CONFIRMEE
5426;494;489;25/06/2026 11:14;CONFIRMEE
5427;429;489;14/07/2026 23:49;CONFIRMEE
5428;221;489;01/07/2026 06:06;CONFIRMEE
5429;187;489;24/06/2026 20:50;ANNULEE
5430;616;489;19/07/2026 23:45;ANNULEE
5431;163;490;16/05/2026 00:48;CONFIRMEE
5432;47;490;30/04/2026 14:27;CONFIRMEE
5433;488;490;13/05/2026 09:24;CONFIRMEE
5434;335;490;25/05/2026 04:32;CONFIRMEE
5435;102;490;21/05/2026 13:54;CONFIRMEE
5436;552;490;22/05/2026 15:01;CONFIRMEE
5437;477;490;01/05/2026 12:54;CONFIRMEE
5438;291;490;07/05/2026 18:15;CONFIRMEE
5439;69;490;03/05/2026 10:25;CONFIRMEE
5440;250;490;25/05/2026 21:09;CONFIRMEE
5441;59;490;02/05/2026 14:33;CONFIRMEE
5442;240;490;23/05/2026 02:20;CONFIRMEE
5443;94;490;11/05/2026 22:50;ANNULEE
5444;599;490;24/05/2026 18:34;ANNULEE
5445;588;491;03/11/2026 09:25;CONFIRMEE
5446;495;491;20/11/2026 02:01;CONFIRMEE
5447;260;491;27/11/2026 21:06;CONFIRMEE
5448;500;491;06/11/2026 01:04;CONFIRMEE
5449;451;491;03/11/2026 06:36;CONFIRMEE
5450;103;491;30/11/2026 19:58;CONFIRMEE
5451;91;491;27/11/2026 06:31;CONFIRMEE
5452;63;491;11/11/2026 16:14;ANNULEE
5453;56;492;15/02/2026 07:11;CONFIRMEE
5454;545;492;15/02/2026 04:55;CONFIRMEE
5455;358;492;24/01/2026 13:25;CONFIRMEE
5456;106;492;13/02/2026 17:54;CONFIRMEE
5457;748;492;20/02/2026 10:01;CONFIRMEE
5458;740;492;25/01/2026 22:40;CONFIRMEE
5459;111;492;18/02/2026 15:04;CONFIRMEE
5460;542;492;07/02/2026 14:44;CONFIRMEE
5461;667;492;02/02/2026 00:28;CONFIRMEE
5462;576;492;20/02/2026 13:14;ANNULEE
5463;496;492;15/02/2026 14:27;ANNULEE
5464;564;493;07/05/2026 20:07;CONFIRMEE
5465;480;493;10/05/2026 18:42;CONFIRMEE
5466;70;493;12/05/2026 11:22;CONFIRMEE
5467;665;493;11/05/2026 10:47;CONFIRMEE
5468;558;493;25/04/2026 15:15;CONFIRMEE
5469;274;493;30/04/2026 21:24;CONFIRMEE
5470;512;494;05/10/2026 15:10;CONFIRMEE
5471;93;494;17/09/2026 23:06;CONFIRMEE
5472;409;494;13/09/2026 02:29;CONFIRMEE
5473;94;494;21/09/2026 02:14;CONFIRMEE
5474;257;494;01/10/2026 09:04;CONFIRMEE
5475;246;494;06/10/2026 11:34;CONFIRMEE
5476;251;494;20/09/2026 23:31;CONFIRMEE
5477;242;494;08/09/2026 21:48;CONFIRMEE
5478;252;494;05/10/2026 14:29;CONFIRMEE
5479;290;495;15/02/2026 09:23;CONFIRMEE
5480;361;495;01/02/2026 07:46;CONFIRMEE
5481;92;495;02/02/2026 12:58;CONFIRMEE
5482;509;495;02/02/2026 01:53;CONFIRMEE
5483;216;495;04/02/2026 09:00;CONFIRMEE
5484;118;495;22/02/2026 16:13;CONFIRMEE
5485;367;495;20/02/2026 10:07;CONFIRMEE
5486;68;495;06/02/2026 00:54;CONFIRMEE
5487;277;495;17/02/2026 04:15;ANNULEE
5488;573;496;01/08/2026 23:48;CONFIRMEE
5489;600;496;15/08/2026 20:38;CONFIRMEE
5490;342;496;02/08/2026 11:44;CONFIRMEE
5491;259;496;29/07/2026 02:23;CONFIRMEE
5492;397;496;19/08/2026 03:42;CONFIRMEE
5493;544;496;18/08/2026 16:09;CONFIRMEE
5494;588;496;06/08/2026 10:07;CONFIRMEE
5495;470;496;12/08/2026 04:32;CONFIRMEE
5496;86;496;01/08/2026 16:02;CONFIRMEE
5497;546;496;07/08/2026 04:43;CONFIRMEE
5498;51;496;18/08/2026 22:13;ANNULEE
5499;226;496;08/08/2026 08:55;ANNULEE
5500;748;497;15/06/2026 22:58;CONFIRMEE
5501;295;497;10/06/2026 11:18;CONFIRMEE
5502;607;497;01/07/2026 07:18;CONFIRMEE
5503;32;498;24/12/2025 19:27;CONFIRMEE
5504;483;498;13/01/2026 17:35;CONFIRMEE
5505;193;498;18/12/2025 06:24;CONFIRMEE
5506;745;498;19/12/2025 04:42;CONFIRMEE
5507;510;498;26/12/2025 09:05;CONFIRMEE
5508;580;498;16/12/2025 11:28;CONFIRMEE
5509;502;498;13/01/2026 23:42;CONFIRMEE
5510;210;498;03/01/2026 09:53;CONFIRMEE
5511;254;498;31/12/2025 10:53;CONFIRMEE
5512;447;498;27/12/2025 04:31;CONFIRMEE
5513;261;498;13/01/2026 21:11;CONFIRMEE
5514;287;498;21/12/2025 21:42;CONFIRMEE
5515;228;498;05/01/2026 20:38;CONFIRMEE
5516;568;498;05/01/2026 14:09;CONFIRMEE
5517;376;498;02/01/2026 11:32;CONFIRMEE
5518;248;498;15/12/2025 18:29;CONFIRMEE
5519;537;498;22/12/2025 16:11;CONFIRMEE
5520;90;498;20/12/2025 11:46;CONFIRMEE
5521;495;498;10/01/2026 13:11;CONFIRMEE
5522;429;498;27/12/2025 21:07;ANNULEE
5523;124;498;31/12/2025 17:54;ANNULEE
5524;411;498;14/01/2026 11:32;ANNULEE
5525;335;499;11/10/2026 00:30;CONFIRMEE
5526;588;499;21/09/2026 13:07;CONFIRMEE
5527;145;500;05/07/2026 07:57;CONFIRMEE
5528;524;500;05/07/2026 14:26;CONFIRMEE
5529;446;500;17/06/2026 00:36;CONFIRMEE
5530;346;500;24/06/2026 02:24;CONFIRMEE
5531;370;500;22/06/2026 04:27;CONFIRMEE
5532;45;500;03/07/2026 12:46;CONFIRMEE
5533;342;500;02/07/2026 22:04;CONFIRMEE
5534;307;500;07/06/2026 15:05;CONFIRMEE
5535;332;500;11/06/2026 21:59;ANNULEE
5536;215;501;29/10/2026 16:07;CONFIRMEE
5537;125;501;20/10/2026 12:59;CONFIRMEE
5538;406;501;30/10/2026 23:25;CONFIRMEE
5539;662;501;15/10/2026 06:15;CONFIRMEE
5540;429;501;07/10/2026 17:58;CONFIRMEE
5541;531;501;29/10/2026 10:14;CONFIRMEE
5542;159;501;24/10/2026 12:23;CONFIRMEE
5543;116;501;30/10/2026 04:31;CONFIRMEE
5544;494;501;04/10/2026 03:45;CONFIRMEE
5545;739;501;19/10/2026 15:36;CONFIRMEE
5546;60;501;25/10/2026 22:01;CONFIRMEE
5547;720;501;28/10/2026 21:27;CONFIRMEE
5548;271;501;17/10/2026 18:25;CONFIRMEE
5549;398;501;12/10/2026 22:04;ANNULEE
5550;432;502;14/06/2026 15:20;CONFIRMEE
5551;202;502;14/06/2026 18:05;CONFIRMEE
5552;457;502;09/06/2026 06:56;CONFIRMEE
5553;158;502;02/07/2026 07:40;CONFIRMEE
5554;431;502;07/06/2026 15:19;CONFIRMEE
5555;393;502;14/06/2026 20:25;CONFIRMEE
5556;350;502;02/07/2026 05:35;CONFIRMEE
5557;494;502;21/06/2026 14:42;CONFIRMEE
5558;176;502;18/06/2026 11:03;CONFIRMEE
5559;58;502;22/06/2026 05:54;CONFIRMEE
5560;567;502;03/06/2026 14:21;ANNULEE
5561;696;503;31/12/2025 04:13;CONFIRMEE
5562;134;503;01/01/2026 06:22;CONFIRMEE
5563;609;503;06/01/2026 22:20;CONFIRMEE
5564;361;503;20/12/2025 21:16;CONFIRMEE
5565;253;503;29/12/2025 14:17;CONFIRMEE
5566;403;503;08/01/2026 22:16;CONFIRMEE
5567;298;503;11/01/2026 03:46;CONFIRMEE
5568;659;503;08/01/2026 09:46;ANNULEE
5569;251;504;03/02/2026 06:38;CONFIRMEE
5570;625;504;10/02/2026 08:27;CONFIRMEE
5571;503;504;23/02/2026 22:20;CONFIRMEE
5572;479;504;04/02/2026 08:17;CONFIRMEE
5573;515;504;22/02/2026 13:39;CONFIRMEE
5574;356;504;28/01/2026 09:09;CONFIRMEE
5575;408;504;18/02/2026 05:36;CONFIRMEE
5576;703;504;15/02/2026 20:52;CONFIRMEE
5577;185;504;28/01/2026 23:45;CONFIRMEE
5578;108;504;10/02/2026 15:05;CONFIRMEE
5579;169;504;09/02/2026 21:13;CONFIRMEE
5580;398;504;15/02/2026 07:59;ANNULEE
5581;146;504;06/02/2026 23:54;ANNULEE
5582;128;505;21/12/2025 02:05;CONFIRMEE
5583;452;505;10/01/2026 20:46;CONFIRMEE
5584;252;505;01/01/2026 00:08;CONFIRMEE
5585;85;505;10/01/2026 08:29;CONFIRMEE
5586;685;505;06/01/2026 00:03;CONFIRMEE
5587;682;505;15/12/2025 15:32;CONFIRMEE
5588;665;505;15/12/2025 04:17;CONFIRMEE
5589;245;505;23/12/2025 06:41;CONFIRMEE
5590;667;505;18/12/2025 16:45;CONFIRMEE
5591;635;505;24/12/2025 13:14;CONFIRMEE
5592;578;505;18/12/2025 13:21;CONFIRMEE
5593;602;505;16/12/2025 00:05;ANNULEE
5594;452;506;20/02/2026 19:37;CONFIRMEE
5595;265;506;28/01/2026 19:05;CONFIRMEE
5596;367;506;26/01/2026 13:11;CONFIRMEE
5597;672;506;20/02/2026 00:21;CONFIRMEE
5598;192;506;30/01/2026 09:48;CONFIRMEE
5599;647;506;04/02/2026 22:29;CONFIRMEE
5600;749;506;14/02/2026 16:33;CONFIRMEE
5601;382;506;14/02/2026 13:44;CONFIRMEE
5602;747;506;10/02/2026 17:04;CONFIRMEE
5603;426;506;28/01/2026 18:30;CONFIRMEE
5604;172;506;19/02/2026 14:08;CONFIRMEE
5605;135;506;02/02/2026 13:40;CONFIRMEE
5606;581;506;01/02/2026 20:44;ANNULEE
5607;688;506;14/02/2026 23:35;ANNULEE
5608;247;506;05/02/2026 20:49;ANNULEE
5609;210;507;05/07/2026 21:12;CONFIRMEE
5610;216;507;06/07/2026 07:27;CONFIRMEE
5611;667;507;14/07/2026 05:05;CONFIRMEE
5612;58;507;04/07/2026 12:15;CONFIRMEE
5613;736;507;30/06/2026 21:27;CONFIRMEE
5614;559;507;12/07/2026 13:20;CONFIRMEE
5615;449;507;17/06/2026 17:56;CONFIRMEE
5616;445;507;12/07/2026 03:42;CONFIRMEE
5617;500;507;15/07/2026 06:02;CONFIRMEE
5618;671;507;14/07/2026 12:01;CONFIRMEE
5619;140;507;11/07/2026 22:59;CONFIRMEE
5620;103;507;15/07/2026 06:23;CONFIRMEE
5621;304;507;12/07/2026 05:05;CONFIRMEE
5622;634;507;22/06/2026 13:28;CONFIRMEE
5623;104;507;24/06/2026 17:58;ANNULEE
5624;259;507;16/06/2026 04:27;ANNULEE
5625;298;507;16/06/2026 01:32;ANNULEE
5626;408;508;11/10/2026 02:11;CONFIRMEE
5627;560;508;22/09/2026 00:49;CONFIRMEE
5628;621;508;06/10/2026 12:12;CONFIRMEE
5629;109;508;12/10/2026 14:01;CONFIRMEE
5630;369;508;13/09/2026 22:55;CONFIRMEE
5631;203;508;27/09/2026 14:50;CONFIRMEE
5632;358;508;02/10/2026 16:33;CONFIRMEE
5633;185;508;14/09/2026 07:56;CONFIRMEE
5634;592;508;10/10/2026 09:32;CONFIRMEE
5635;503;508;09/10/2026 12:00;CONFIRMEE
5636;704;508;08/10/2026 05:41;ANNULEE
5637;168;508;21/09/2026 02:16;ANNULEE
5638;555;509;14/08/2026 17:02;CONFIRMEE
5639;257;509;11/08/2026 06:06;CONFIRMEE
5640;473;509;11/08/2026 03:17;CONFIRMEE
5641;266;509;06/08/2026 23:53;CONFIRMEE
5642;114;509;21/07/2026 16:20;CONFIRMEE
5643;30;509;18/07/2026 17:30;CONFIRMEE
5644;106;509;26/07/2026 00:02;CONFIRMEE
5645;218;509;17/07/2026 18:58;CONFIRMEE
5646;53;509;02/08/2026 06:36;CONFIRMEE
5647;679;509;06/08/2026 00:24;CONFIRMEE
5648;335;509;27/07/2026 14:02;CONFIRMEE
5649;367;509;03/08/2026 22:19;CONFIRMEE
5650;655;509;14/08/2026 02:40;CONFIRMEE
5651;658;509;04/08/2026 12:24;CONFIRMEE
5652;469;509;29/07/2026 00:12;CONFIRMEE
5653;747;509;09/08/2026 10:20;CONFIRMEE
5654;563;509;09/08/2026 16:52;ANNULEE
5655;229;509;22/07/2026 08:55;ANNULEE
5656;219;510;11/10/2026 23:37;CONFIRMEE
5657;671;510;29/10/2026 05:13;CONFIRMEE
5658;310;510;09/10/2026 19:08;CONFIRMEE
5659;451;510;30/10/2026 11:19;CONFIRMEE
5660;382;510;23/10/2026 22:01;CONFIRMEE
5661;177;510;13/10/2026 13:06;CONFIRMEE
5662;76;510;08/10/2026 15:48;CONFIRMEE
5663;107;510;14/10/2026 19:14;CONFIRMEE
5664;417;510;16/10/2026 01:01;CONFIRMEE
5665;715;510;16/10/2026 09:04;CONFIRMEE
5666;506;510;26/10/2026 03:32;CONFIRMEE
5667;58;510;12/10/2026 22:24;CONFIRMEE
5668;170;510;05/10/2026 12:19;CONFIRMEE
5669;236;510;15/10/2026 01:28;CONFIRMEE
5670;453;510;22/10/2026 23:27;CONFIRMEE
5671;430;510;20/10/2026 20:00;ANNULEE
5672;501;510;30/10/2026 02:31;ANNULEE
5673;30;511;29/04/2026 13:06;CONFIRMEE
5674;188;511;11/04/2026 04:25;CONFIRMEE
5675;352;511;13/04/2026 22:08;CONFIRMEE
5676;451;511;25/04/2026 06:36;CONFIRMEE
5677;405;511;18/04/2026 11:35;CONFIRMEE
5678;392;511;21/04/2026 03:03;CONFIRMEE
5679;33;511;01/05/2026 15:07;CONFIRMEE
5680;130;511;02/05/2026 05:22;CONFIRMEE
5681;704;511;12/04/2026 14:30;CONFIRMEE
5682;184;511;09/04/2026 17:17;CONFIRMEE
5683;460;511;16/04/2026 02:06;CONFIRMEE
5684;670;511;03/05/2026 09:23;CONFIRMEE
5685;245;511;30/04/2026 07:24;CONFIRMEE
5686;332;511;02/05/2026 02:26;CONFIRMEE
5687;472;511;10/04/2026 14:18;CONFIRMEE
5688;204;511;05/05/2026 19:28;CONFIRMEE
5689;738;511;05/05/2026 13:35;ANNULEE
5690;43;511;05/05/2026 11:28;ANNULEE
5691;290;511;14/04/2026 07:44;ANNULEE
5692;721;512;23/04/2026 05:43;CONFIRMEE
5693;527;512;02/05/2026 10:55;CONFIRMEE
5694;146;512;14/05/2026 13:59;CONFIRMEE
5695;207;512;18/05/2026 18:57;CONFIRMEE
5696;303;512;06/05/2026 23:03;CONFIRMEE
5697;299;512;02/05/2026 08:26;CONFIRMEE
5698;147;512;08/05/2026 17:18;CONFIRMEE
5699;339;512;08/05/2026 23:40;CONFIRMEE
5700;563;512;28/04/2026 12:45;ANNULEE
5701;621;513;18/12/2025 04:15;CONFIRMEE
5702;581;513;08/12/2025 05:22;CONFIRMEE
5703;277;513;11/12/2025 09:29;CONFIRMEE
5704;548;513;19/12/2025 02:03;CONFIRMEE
5705;320;513;03/01/2026 00:52;CONFIRMEE
5706;353;513;21/12/2025 16:02;CONFIRMEE
5707;296;513;13/12/2025 13:03;CONFIRMEE
5708;500;513;29/12/2025 10:51;CONFIRMEE
5709;171;513;11/12/2025 19:33;CONFIRMEE
5710;545;513;18/12/2025 14:03;ANNULEE
5711;411;513;28/12/2025 17:04;ANNULEE
5712;329;514;23/05/2026 23:39;CONFIRMEE
5713;91;514;23/05/2026 10:56;CONFIRMEE
5714;114;514;31/05/2026 02:33;CONFIRMEE
5715;185;514;23/05/2026 10:11;CONFIRMEE
5716;487;514;13/06/2026 07:17;CONFIRMEE
5717;718;514;09/06/2026 10:08;ANNULEE
5718;381;515;07/10/2026 15:16;CONFIRMEE
5719;66;515;19/10/2026 23:49;CONFIRMEE
5720;205;515;16/10/2026 18:43;CONFIRMEE
5721;306;515;01/10/2026 06:48;CONFIRMEE
5722;193;515;07/10/2026 10:53;CONFIRMEE
5723;577;515;09/10/2026 00:05;CONFIRMEE
5724;680;515;26/09/2026 19:32;CONFIRMEE
5725;225;515;20/10/2026 20:36;CONFIRMEE
5726;224;515;01/10/2026 10:24;CONFIRMEE
5727;367;515;09/10/2026 16:56;ANNULEE
5728;145;516;28/07/2026 20:14;CONFIRMEE
5729;354;516;09/07/2026 23:07;CONFIRMEE
5730;46;516;29/07/2026 22:18;CONFIRMEE
5731;335;516;24/07/2026 02:41;CONFIRMEE
5732;666;516;29/07/2026 06:21;CONFIRMEE
5733;734;516;02/08/2026 17:30;CONFIRMEE
5734;204;516;12/07/2026 21:51;CONFIRMEE
5735;711;516;08/07/2026 09:02;ANNULEE
5736;689;517;21/03/2026 16:16;CONFIRMEE
5737;662;517;14/04/2026 17:28;CONFIRMEE
5738;587;517;15/04/2026 09:38;CONFIRMEE
5739;389;517;10/04/2026 00:13;CONFIRMEE
5740;490;517;20/03/2026 04:16;CONFIRMEE
5741;194;517;05/04/2026 13:13;CONFIRMEE
5742;358;517;22/03/2026 06:32;CONFIRMEE
5743;676;517;28/03/2026 04:59;CONFIRMEE
5744;528;517;23/03/2026 01:49;ANNULEE
5745;169;518;04/06/2026 19:38;CONFIRMEE
5746;412;518;18/06/2026 23:10;CONFIRMEE
5747;607;518;04/06/2026 04:52;CONFIRMEE
5748;660;518;19/06/2026 04:34;CONFIRMEE
5749;116;518;20/06/2026 21:41;CONFIRMEE
5750;192;518;30/05/2026 16:16;CONFIRMEE
5751;264;518;04/06/2026 00:09;CONFIRMEE
5752;252;518;25/06/2026 00:13;CONFIRMEE
5753;281;518;16/06/2026 09:20;CONFIRMEE
5754;68;518;25/06/2026 10:09;ANNULEE
5755;409;519;03/06/2026 21:56;CONFIRMEE
5756;511;519;09/06/2026 10:00;CONFIRMEE
5757;648;520;25/05/2026 12:03;CONFIRMEE
5758;286;520;24/05/2026 00:08;CONFIRMEE
5759;215;520;20/05/2026 05:14;CONFIRMEE
5760;743;520;09/06/2026 18:26;CONFIRMEE
5761;356;520;21/05/2026 18:59;CONFIRMEE
5762;539;520;16/05/2026 15:16;CONFIRMEE
5763;447;520;04/06/2026 05:28;CONFIRMEE
5764;210;520;29/05/2026 19:46;CONFIRMEE
5765;613;520;25/05/2026 17:41;CONFIRMEE
5766;258;520;20/05/2026 13:18;CONFIRMEE
5767;372;521;23/11/2026 04:54;CONFIRMEE
5768;559;521;22/11/2026 16:00;CONFIRMEE
5769;616;521;20/11/2026 07:00;CONFIRMEE
5770;596;521;01/11/2026 09:56;CONFIRMEE
5771;347;521;24/11/2026 17:18;CONFIRMEE
5772;180;521;15/11/2026 21:01;CONFIRMEE
5773;286;521;04/11/2026 09:08;CONFIRMEE
5774;548;521;21/11/2026 22:08;CONFIRMEE
5775;316;521;03/11/2026 06:47;CONFIRMEE
5776;224;521;19/11/2026 19:19;CONFIRMEE
5777;738;521;17/11/2026 07:45;CONFIRMEE
5778;216;521;16/11/2026 17:36;ANNULEE
5779;718;521;06/11/2026 06:37;ANNULEE
5780;624;522;26/06/2026 21:56;CONFIRMEE
5781;265;522;09/07/2026 21:56;CONFIRMEE
5782;352;522;26/06/2026 23:07;CONFIRMEE
5783;684;522;10/07/2026 08:10;CONFIRMEE
5784;326;522;11/07/2026 13:41;CONFIRMEE
5785;216;522;05/07/2026 09:49;CONFIRMEE
5786;81;522;30/06/2026 01:11;CONFIRMEE
5787;136;522;26/06/2026 15:02;ANNULEE
5788;446;523;30/11/2026 13:22;CONFIRMEE
5789;263;523;06/11/2026 10:44;CONFIRMEE
5790;409;523;05/11/2026 06:30;CONFIRMEE
5791;511;524;09/11/2026 17:34;CONFIRMEE
5792;471;524;05/12/2026 22:52;CONFIRMEE
5793;724;524;01/12/2026 01:25;CONFIRMEE
5794;680;525;10/11/2026 07:55;CONFIRMEE
5795;598;525;12/11/2026 02:14;CONFIRMEE
5796;631;525;11/11/2026 10:47;CONFIRMEE
5797;82;525;01/12/2026 21:22;CONFIRMEE
5798;143;525;29/11/2026 18:22;CONFIRMEE
5799;78;525;25/11/2026 15:47;CONFIRMEE
5800;70;525;29/11/2026 19:24;CONFIRMEE
5801;583;525;27/11/2026 23:04;CONFIRMEE
5802;412;525;14/11/2026 03:24;CONFIRMEE
5803;572;525;27/11/2026 02:33;CONFIRMEE
5804;580;525;04/12/2026 08:25;CONFIRMEE
5805;339;525;08/11/2026 06:02;CONFIRMEE
5806;453;525;01/12/2026 23:18;CONFIRMEE
5807;55;525;15/11/2026 13:59;CONFIRMEE
5808;610;525;09/11/2026 07:32;CONFIRMEE
5809;63;525;09/11/2026 23:59;CONFIRMEE
5810;47;525;09/11/2026 04:03;CONFIRMEE
5811;492;525;23/11/2026 01:10;ANNULEE
5812;215;525;29/11/2026 11:30;ANNULEE
5813;383;525;27/11/2026 23:38;ANNULEE
5814;326;525;04/12/2026 05:43;ANNULEE
5815;65;526;25/06/2026 11:24;CONFIRMEE
5816;178;526;01/07/2026 15:22;CONFIRMEE
5817;54;526;20/06/2026 06:39;CONFIRMEE
5818;517;526;28/06/2026 00:57;CONFIRMEE
5819;59;526;13/07/2026 07:57;CONFIRMEE
5820;85;526;13/07/2026 03:35;CONFIRMEE
5821;581;526;21/06/2026 13:36;CONFIRMEE
5822;358;527;11/10/2026 00:31;CONFIRMEE
5823;70;527;02/11/2026 22:51;CONFIRMEE
5824;119;527;19/10/2026 19:45;CONFIRMEE
5825;747;527;05/10/2026 20:08;CONFIRMEE
5826;725;527;26/10/2026 14:37;CONFIRMEE
5827;144;527;30/10/2026 12:28;CONFIRMEE
5828;648;527;02/11/2026 18:23;CONFIRMEE
5829;228;527;10/10/2026 15:41;CONFIRMEE
5830;327;527;01/11/2026 05:50;CONFIRMEE
5831;437;527;17/10/2026 08:58;CONFIRMEE
5832;497;527;08/10/2026 06:42;CONFIRMEE
5833;130;527;29/10/2026 04:10;CONFIRMEE
5834;124;527;26/10/2026 20:28;CONFIRMEE
5835;88;527;24/10/2026 18:16;CONFIRMEE
5836;163;527;24/10/2026 22:09;CONFIRMEE
5837;600;527;04/10/2026 15:51;CONFIRMEE
5838;231;527;02/11/2026 00:45;CONFIRMEE
5839;602;527;04/10/2026 23:20;CONFIRMEE
5840;173;527;23/10/2026 07:24;CONFIRMEE
5841;234;527;27/10/2026 10:55;CONFIRMEE
5842;93;527;16/10/2026 14:39;ANNULEE
5843;175;528;05/10/2026 14:08;CONFIRMEE
5844;588;528;25/09/2026 09:53;CONFIRMEE
5845;61;528;22/09/2026 07:31;CONFIRMEE
5846;427;528;18/09/2026 08:28;CONFIRMEE
5847;125;528;03/10/2026 01:49;CONFIRMEE
5848;422;528;27/09/2026 12:42;CONFIRMEE
5849;681;528;18/09/2026 03:11;CONFIRMEE
5850;603;528;24/09/2026 08:51;CONFIRMEE
5851;423;528;08/09/2026 10:47;CONFIRMEE
5852;176;528;06/09/2026 17:09;CONFIRMEE
5853;697;528;18/09/2026 05:58;CONFIRMEE
5854;277;528;12/09/2026 23:19;CONFIRMEE
5855;569;528;28/09/2026 13:43;ANNULEE
5856;661;529;17/08/2026 01:54;CONFIRMEE
5857;103;529;04/08/2026 06:24;CONFIRMEE
5858;506;529;08/08/2026 19:39;CONFIRMEE
5859;659;529;04/08/2026 22:26;CONFIRMEE
5860;481;529;05/08/2026 08:03;CONFIRMEE
5861;356;529;19/08/2026 02:45;ANNULEE
5862;650;530;11/06/2026 00:32;CONFIRMEE
5863;590;530;30/06/2026 14:34;CONFIRMEE
5864;474;530;04/07/2026 01:19;CONFIRMEE
5865;431;530;16/06/2026 16:02;CONFIRMEE
5866;331;530;16/06/2026 22:35;CONFIRMEE
5867;240;530;27/06/2026 17:51;CONFIRMEE
5868;547;530;02/07/2026 19:58;CONFIRMEE
5869;94;530;03/07/2026 17:54;CONFIRMEE
5870;226;530;22/06/2026 08:32;ANNULEE
5871;690;531;22/10/2026 23:38;CONFIRMEE
5872;399;531;23/10/2026 17:09;CONFIRMEE
5873;693;531;03/11/2026 08:22;CONFIRMEE
5874;33;531;21/10/2026 17:12;CONFIRMEE
5875;547;531;28/10/2026 10:06;CONFIRMEE
5876;154;531;23/10/2026 10:49;CONFIRMEE
5877;354;531;08/11/2026 08:51;CONFIRMEE
5878;488;531;27/10/2026 11:38;CONFIRMEE
5879;347;531;18/11/2026 22:42;CONFIRMEE
5880;273;531;12/11/2026 09:36;CONFIRMEE
5881;187;531;15/11/2026 01:05;ANNULEE
5882;439;532;28/09/2026 16:47;CONFIRMEE
5883;129;532;16/10/2026 04:50;CONFIRMEE
5884;631;532;17/10/2026 05:06;CONFIRMEE
5885;302;532;01/10/2026 07:32;CONFIRMEE
5886;321;532;12/10/2026 13:04;CONFIRMEE
5887;512;532;30/09/2026 07:54;CONFIRMEE
5888;414;532;03/10/2026 00:41;CONFIRMEE
5889;713;533;24/07/2026 01:16;CONFIRMEE
5890;560;533;10/08/2026 21:04;CONFIRMEE
5891;301;533;25/07/2026 04:00;CONFIRMEE
5892;508;533;10/08/2026 09:45;CONFIRMEE
5893;601;533;26/07/2026 16:56;CONFIRMEE
5894;407;533;30/07/2026 16:20;CONFIRMEE
5895;33;533;16/08/2026 09:26;CONFIRMEE
5896;308;533;02/08/2026 18:45;CONFIRMEE
5897;396;533;07/08/2026 08:47;CONFIRMEE
5898;616;533;08/08/2026 06:30;CONFIRMEE
5899;516;533;06/08/2026 11:57;CONFIRMEE
5900;374;533;16/08/2026 15:25;CONFIRMEE
5901;152;533;29/07/2026 11:31;CONFIRMEE
5902;462;533;12/08/2026 02:08;ANNULEE
5903;122;534;03/12/2026 05:07;CONFIRMEE
5904;679;534;01/12/2026 13:31;CONFIRMEE
5905;88;534;19/11/2026 02:12;CONFIRMEE
5906;78;534;23/11/2026 22:45;CONFIRMEE
5907;535;534;30/11/2026 03:02;CONFIRMEE
5908;421;534;02/12/2026 21:57;CONFIRMEE
5909;526;534;01/12/2026 04:09;CONFIRMEE
5910;627;534;02/12/2026 07:50;ANNULEE
5911;293;535;19/04/2026 02:36;CONFIRMEE
5912;98;535;07/04/2026 16:46;CONFIRMEE
5913;106;535;03/04/2026 19:13;CONFIRMEE
5914;579;535;08/04/2026 08:54;CONFIRMEE
5915;155;535;07/04/2026 21:16;CONFIRMEE
5916;290;535;16/04/2026 13:09;CONFIRMEE
5917;408;535;04/04/2026 18:35;ANNULEE
5918;564;536;16/04/2026 10:01;CONFIRMEE
5919;411;536;09/04/2026 03:10;CONFIRMEE
5920;606;536;16/04/2026 15:32;CONFIRMEE
5921;61;536;19/04/2026 07:16;CONFIRMEE
5922;47;536;05/04/2026 20:08;CONFIRMEE
5923;136;536;20/04/2026 03:19;CONFIRMEE
5924;135;536;19/04/2026 18:23;CONFIRMEE
5925;345;536;12/04/2026 06:01;CONFIRMEE
5926;690;536;14/04/2026 05:49;ANNULEE
5927;178;537;07/02/2026 16:20;CONFIRMEE
5928;472;537;21/02/2026 16:09;CONFIRMEE
5929;430;537;19/02/2026 03:12;CONFIRMEE
5930;718;537;18/02/2026 19:41;CONFIRMEE
5931;696;537;14/02/2026 04:36;CONFIRMEE
5932;298;537;03/02/2026 16:22;CONFIRMEE
5933;318;537;07/02/2026 04:48;CONFIRMEE
5934;329;537;26/02/2026 16:43;ANNULEE
5935;616;538;08/11/2026 08:57;CONFIRMEE
5936;703;538;30/10/2026 09:58;CONFIRMEE
5937;138;538;07/11/2026 08:52;CONFIRMEE
5938;203;538;28/10/2026 03:05;CONFIRMEE
5939;652;538;19/11/2026 03:40;CONFIRMEE
5940;432;538;02/11/2026 03:58;CONFIRMEE
5941;460;538;01/11/2026 17:35;CONFIRMEE
5942;453;538;21/11/2026 11:07;CONFIRMEE
5943;236;538;15/11/2026 11:22;CONFIRMEE
5944;256;538;08/11/2026 14:45;CONFIRMEE
5945;622;538;11/11/2026 23:43;ANNULEE
5946;706;539;23/06/2026 00:22;CONFIRMEE
5947;84;539;30/05/2026 23:51;CONFIRMEE
5948;410;539;28/06/2026 11:58;CONFIRMEE
5949;298;539;07/06/2026 03:24;CONFIRMEE
5950;366;539;12/06/2026 03:22;CONFIRMEE
5951;68;539;24/06/2026 05:53;CONFIRMEE
5952;328;539;20/06/2026 19:27;CONFIRMEE
5953;44;539;22/06/2026 03:40;CONFIRMEE
5954;175;539;19/06/2026 23:25;CONFIRMEE
5955;334;539;16/06/2026 01:09;ANNULEE
5956;490;540;17/10/2026 23:59;CONFIRMEE
5957;115;540;11/10/2026 17:32;CONFIRMEE
5958;345;540;16/10/2026 11:42;CONFIRMEE
5959;449;540;31/10/2026 14:54;CONFIRMEE
5960;37;540;16/10/2026 00:48;CONFIRMEE
5961;31;540;11/10/2026 12:46;CONFIRMEE
5962;653;540;31/10/2026 23:43;CONFIRMEE
5963;58;540;01/11/2026 12:15;CONFIRMEE
5964;161;540;08/10/2026 09:28;CONFIRMEE
5965;407;540;29/10/2026 01:44;CONFIRMEE
5966;662;540;02/11/2026 16:55;ANNULEE
5967;58;541;21/06/2026 15:37;CONFIRMEE
5968;734;541;26/06/2026 08:08;CONFIRMEE
5969;361;541;18/07/2026 00:53;CONFIRMEE
5970;638;541;07/07/2026 10:57;CONFIRMEE
5971;390;541;12/07/2026 12:34;CONFIRMEE
5972;702;541;29/06/2026 19:58;CONFIRMEE
5973;425;541;13/07/2026 05:30;ANNULEE
5974;503;542;28/04/2026 14:40;CONFIRMEE
5975;431;542;09/04/2026 19:53;CONFIRMEE
5976;322;542;06/05/2026 18:25;CONFIRMEE
5977;47;542;16/04/2026 02:26;CONFIRMEE
5978;728;542;20/04/2026 06:34;CONFIRMEE
5979;401;542;07/05/2026 06:53;CONFIRMEE
5980;332;542;06/05/2026 00:09;CONFIRMEE
5981;273;542;30/04/2026 23:58;CONFIRMEE
5982;546;542;06/05/2026 07:49;CONFIRMEE
5983;430;542;07/05/2026 12:36;CONFIRMEE
5984;70;542;05/05/2026 15:19;CONFIRMEE
5985;740;542;01/05/2026 20:46;CONFIRMEE
5986;29;542;07/05/2026 22:17;CONFIRMEE
5987;744;542;15/04/2026 07:45;CONFIRMEE
5988;238;542;09/04/2026 19:22;CONFIRMEE
5989;556;542;15/04/2026 16:12;CONFIRMEE
5990;52;542;26/04/2026 12:25;CONFIRMEE
5991;472;542;25/04/2026 11:30;CONFIRMEE
5992;718;542;09/04/2026 13:44;ANNULEE
5993;190;542;05/05/2026 00:39;ANNULEE
5994;101;542;05/05/2026 02:31;ANNULEE
5995;248;543;02/02/2026 19:19;CONFIRMEE
5996;51;543;15/01/2026 08:24;CONFIRMEE
5997;542;543;25/01/2026 20:22;CONFIRMEE
5998;601;543;11/01/2026 02:26;CONFIRMEE
5999;521;543;04/02/2026 01:29;CONFIRMEE
6000;124;543;09/02/2026 13:34;CONFIRMEE
6001;509;543;17/01/2026 11:15;CONFIRMEE
6002;545;543;26/01/2026 23:19;CONFIRMEE
6003;385;543;05/02/2026 00:21;CONFIRMEE
6004;379;543;08/02/2026 21:09;CONFIRMEE
6005;518;543;01/02/2026 20:47;CONFIRMEE
6006;708;543;17/01/2026 22:31;CONFIRMEE
6007;192;543;07/02/2026 17:11;CONFIRMEE
6008;209;543;29/01/2026 09:34;CONFIRMEE
6009;392;543;07/02/2026 19:18;CONFIRMEE
6010;112;543;02/02/2026 21:33;CONFIRMEE
6011;35;543;20/01/2026 13:15;CONFIRMEE
6012;632;543;09/02/2026 14:59;CONFIRMEE
6013;481;543;16/01/2026 15:19;CONFIRMEE
6014;660;543;22/01/2026 10:47;CONFIRMEE
6015;616;543;03/02/2026 22:38;CONFIRMEE
6016;384;543;23/01/2026 00:19;CONFIRMEE
6017;725;543;11/01/2026 18:00;CONFIRMEE
6018;399;543;12/01/2026 15:36;ANNULEE
6019;424;543;07/02/2026 12:41;ANNULEE
6020;730;543;08/02/2026 15:20;ANNULEE
6021;91;544;07/10/2026 02:52;CONFIRMEE
6022;680;544;16/10/2026 13:12;CONFIRMEE
6023;284;544;04/10/2026 06:48;CONFIRMEE
6024;713;544;26/10/2026 06:22;CONFIRMEE
6025;718;544;13/10/2026 10:54;CONFIRMEE
6026;576;544;14/10/2026 14:42;CONFIRMEE
6027;292;544;06/10/2026 07:16;CONFIRMEE
6028;76;544;23/10/2026 12:01;CONFIRMEE
6029;231;544;13/10/2026 02:41;ANNULEE
6030;747;545;09/04/2026 08:39;CONFIRMEE
6031;272;545;20/04/2026 14:02;CONFIRMEE
6032;91;545;15/04/2026 11:01;CONFIRMEE
6033;374;545;31/03/2026 03:19;CONFIRMEE
6034;248;545;21/04/2026 12:14;CONFIRMEE
6035;735;545;20/04/2026 22:18;CONFIRMEE
6036;635;545;24/04/2026 20:22;CONFIRMEE
6037;718;545;16/04/2026 22:00;CONFIRMEE
6038;684;545;28/04/2026 09:35;ANNULEE
6039;560;546;10/08/2026 10:56;CONFIRMEE
6040;598;546;12/08/2026 02:58;CONFIRMEE
6041;111;546;06/08/2026 02:47;CONFIRMEE
6042;727;546;20/08/2026 06:57;CONFIRMEE
6043;669;546;17/08/2026 08:29;CONFIRMEE
6044;445;546;06/08/2026 06:50;CONFIRMEE
6045;723;546;09/08/2026 12:20;CONFIRMEE
6046;252;546;06/08/2026 19:30;CONFIRMEE
6047;494;546;22/08/2026 08:39;ANNULEE
6048;191;547;20/01/2026 13:40;CONFIRMEE
6049;84;547;02/02/2026 01:25;CONFIRMEE
6050;172;547;31/01/2026 10:22;CONFIRMEE
6051;543;547;29/01/2026 09:28;CONFIRMEE
6052;551;547;27/01/2026 02:17;CONFIRMEE
6053;160;547;20/01/2026 14:44;CONFIRMEE
6054;696;547;09/01/2026 02:12;CONFIRMEE
6055;51;547;09/01/2026 23:24;CONFIRMEE
6056;474;547;04/01/2026 10:27;CONFIRMEE
6057;124;547;05/01/2026 11:15;CONFIRMEE
6058;213;547;03/01/2026 10:28;CONFIRMEE
6059;437;547;03/01/2026 14:24;CONFIRMEE
6060;296;547;11/01/2026 00:55;CONFIRMEE
6061;254;547;14/01/2026 11:34;CONFIRMEE
6062;552;547;02/02/2026 04:37;ANNULEE
6063;581;547;01/02/2026 11:30;ANNULEE
6064;511;547;27/01/2026 22:50;ANNULEE
6065;689;548;11/08/2026 20:01;CONFIRMEE
6066;200;548;06/09/2026 21:44;CONFIRMEE
6067;692;548;12/08/2026 07:58;CONFIRMEE
6068;50;548;04/09/2026 01:53;CONFIRMEE
6069;308;548;05/09/2026 22:32;ANNULEE
6070;420;549;23/11/2026 18:11;CONFIRMEE
6071;722;549;18/11/2026 12:57;CONFIRMEE
6072;158;549;19/11/2026 03:28;CONFIRMEE
6073;488;549;09/11/2026 07:23;CONFIRMEE
6074;290;549;10/11/2026 22:16;CONFIRMEE
6075;526;549;06/12/2026 19:09;CONFIRMEE
6076;434;549;07/12/2026 23:50;CONFIRMEE
6077;703;549;17/11/2026 12:19;CONFIRMEE
6078;730;549;23/11/2026 05:44;CONFIRMEE
6079;396;549;08/11/2026 20:32;CONFIRMEE
6080;202;549;30/11/2026 13:05;ANNULEE
6081;229;549;11/11/2026 21:10;ANNULEE
6082;141;550;28/05/2026 18:57;CONFIRMEE
6083;145;550;22/05/2026 09:33;CONFIRMEE
6084;317;550;31/05/2026 06:10;CONFIRMEE
6085;547;550;10/05/2026 13:52;ANNULEE
6086;658;551;26/08/2026 04:47;CONFIRMEE
6087;469;551;27/08/2026 00:12;CONFIRMEE
6088;495;551;11/09/2026 22:34;CONFIRMEE
6089;224;551;09/09/2026 01:59;CONFIRMEE
6090;718;551;25/08/2026 15:50;CONFIRMEE
6091;191;551;16/09/2026 00:23;CONFIRMEE
6092;738;551;15/09/2026 21:14;CONFIRMEE
6093;85;551;03/09/2026 23:58;CONFIRMEE
6094;284;551;09/09/2026 16:55;CONFIRMEE
6095;236;551;31/08/2026 02:58;CONFIRMEE
6096;281;551;05/09/2026 13:59;CONFIRMEE
6097;681;551;28/08/2026 03:54;ANNULEE
6098;190;552;04/04/2026 00:38;CONFIRMEE
6099;83;552;15/03/2026 16:49;CONFIRMEE
6100;341;552;29/03/2026 23:54;CONFIRMEE
6101;275;552;03/04/2026 20:03;CONFIRMEE
6102;301;552;23/03/2026 09:48;CONFIRMEE
6103;661;552;31/03/2026 00:26;CONFIRMEE
6104;492;553;19/10/2026 16:56;CONFIRMEE
6105;154;553;04/10/2026 13:49;CONFIRMEE
6106;37;553;18/10/2026 06:48;CONFIRMEE
6107;620;553;30/09/2026 01:51;CONFIRMEE
6108;302;553;02/10/2026 12:04;CONFIRMEE
6109;259;553;02/10/2026 23:06;CONFIRMEE
6110;337;553;30/09/2026 20:45;CONFIRMEE
6111;719;553;30/09/2026 11:04;CONFIRMEE
6112;283;553;29/09/2026 19:53;CONFIRMEE
6113;78;553;14/10/2026 22:07;ANNULEE
6114;575;554;12/10/2026 06:29;CONFIRMEE
6115;284;554;09/10/2026 13:41;CONFIRMEE
6116;342;554;19/10/2026 01:40;CONFIRMEE
6117;319;554;22/10/2026 15:05;CONFIRMEE
6118;166;554;31/10/2026 00:12;CONFIRMEE
6119;468;555;27/03/2026 09:03;CONFIRMEE
6120;176;555;21/03/2026 16:39;CONFIRMEE
6121;175;555;29/03/2026 06:26;CONFIRMEE
6122;451;555;04/03/2026 03:44;CONFIRMEE
6123;91;555;12/03/2026 07:16;ANNULEE
6124;313;556;21/11/2026 10:20;CONFIRMEE
6125;516;556;08/11/2026 15:19;CONFIRMEE
6126;102;556;11/11/2026 09:29;CONFIRMEE
6127;374;556;08/11/2026 03:04;CONFIRMEE
6128;233;556;30/10/2026 11:42;CONFIRMEE
6129;559;556;10/11/2026 01:15;CONFIRMEE
6130;199;556;02/11/2026 08:44;CONFIRMEE
6131;157;556;31/10/2026 20:24;CONFIRMEE
6132;51;556;13/11/2026 16:15;ANNULEE
6133;502;557;10/01/2026 00:05;CONFIRMEE
6134;247;557;28/12/2025 21:54;CONFIRMEE
6135;621;557;23/12/2025 18:24;CONFIRMEE
6136;362;557;17/12/2025 19:40;CONFIRMEE
6137;81;557;29/12/2025 05:47;CONFIRMEE
6138;428;557;10/01/2026 02:13;CONFIRMEE
6139;195;557;22/12/2025 08:39;CONFIRMEE
6140;400;557;03/01/2026 12:48;ANNULEE
6141;239;558;27/08/2026 05:16;CONFIRMEE
6142;397;558;21/08/2026 01:59;CONFIRMEE
6143;274;558;18/08/2026 12:14;CONFIRMEE
6144;170;558;15/09/2026 08:48;CONFIRMEE
6145;709;558;04/09/2026 03:45;CONFIRMEE
6146;739;558;12/09/2026 16:57;CONFIRMEE
6147;128;558;04/09/2026 07:07;CONFIRMEE
6148;644;558;09/09/2026 14:15;CONFIRMEE
6149;177;558;11/09/2026 01:19;CONFIRMEE
6150;462;558;21/08/2026 03:59;CONFIRMEE
6151;240;558;18/08/2026 15:52;CONFIRMEE
6152;532;558;14/09/2026 18:25;ANNULEE
6153;37;558;10/09/2026 06:04;ANNULEE
6154;172;559;02/09/2026 09:47;CONFIRMEE
6155;717;559;30/08/2026 00:59;CONFIRMEE
6156;500;559;19/08/2026 13:55;CONFIRMEE
6157;191;559;22/08/2026 00:06;CONFIRMEE
6158;32;559;14/08/2026 20:11;CONFIRMEE
6159;483;559;05/09/2026 04:09;CONFIRMEE
6160;178;559;31/08/2026 00:36;CONFIRMEE
6161;233;559;26/08/2026 05:32;CONFIRMEE
6162;641;559;06/09/2026 17:17;ANNULEE
6163;473;560;23/07/2026 14:22;CONFIRMEE
6164;534;560;31/07/2026 05:21;CONFIRMEE
6165;685;560;23/07/2026 07:55;CONFIRMEE
6166;97;560;30/07/2026 19:43;CONFIRMEE
6167;317;560;15/07/2026 09:15;CONFIRMEE
6168;178;560;10/07/2026 01:57;CONFIRMEE
6169;729;560;29/07/2026 04:19;CONFIRMEE
6170;322;560;08/07/2026 15:14;CONFIRMEE
6171;244;560;03/08/2026 02:08;CONFIRMEE
6172;427;560;25/07/2026 08:06;CONFIRMEE
6173;329;560;12/07/2026 14:14;ANNULEE
6174;1;560;08/07/2026 12:56;ANNULEE
6175;561;561;19/04/2026 18:27;CONFIRMEE
6176;264;561;16/04/2026 01:28;CONFIRMEE
6177;162;561;16/04/2026 17:29;CONFIRMEE
6178;218;561;20/04/2026 08:18;CONFIRMEE
6179;226;561;04/04/2026 13:27;CONFIRMEE
6180;187;561;14/04/2026 00:07;CONFIRMEE
6181;482;561;09/04/2026 13:14;CONFIRMEE
6182;660;561;01/04/2026 08:48;CONFIRMEE
6183;84;561;29/03/2026 05:20;CONFIRMEE
6184;632;561;02/04/2026 10:05;CONFIRMEE
6185;234;561;20/04/2026 01:14;CONFIRMEE
6186;53;561;11/04/2026 19:24;CONFIRMEE
6187;182;561;29/03/2026 08:19;ANNULEE
6188;439;562;25/06/2026 23:30;CONFIRMEE
6189;706;562;11/06/2026 12:26;CONFIRMEE
6190;683;562;24/06/2026 09:52;CONFIRMEE
6191;225;562;17/06/2026 15:58;CONFIRMEE
6192;635;562;08/06/2026 10:43;CONFIRMEE
6193;277;562;24/06/2026 23:03;CONFIRMEE
6194;290;562;24/06/2026 13:32;CONFIRMEE
6195;209;562;03/07/2026 17:53;CONFIRMEE
6196;422;562;21/06/2026 04:21;CONFIRMEE
6197;632;562;03/07/2026 00:22;ANNULEE
6198;118;563;22/06/2026 16:26;CONFIRMEE
6199;242;563;23/06/2026 14:57;CONFIRMEE
6200;165;563;25/06/2026 22:07;CONFIRMEE
6201;29;563;16/06/2026 05:30;CONFIRMEE
6202;485;563;10/06/2026 22:03;CONFIRMEE
6203;543;563;25/06/2026 02:27;CONFIRMEE
6204;224;563;20/06/2026 08:17;CONFIRMEE
6205;709;563;19/06/2026 04:23;CONFIRMEE
6206;54;563;04/06/2026 19:36;CONFIRMEE
6207;358;563;19/06/2026 23:53;ANNULEE
6208;662;563;27/06/2026 01:40;ANNULEE
6209;214;564;12/10/2026 18:09;CONFIRMEE
6210;27;564;10/10/2026 11:27;CONFIRMEE
6211;477;564;18/09/2026 03:37;CONFIRMEE
6212;427;564;19/09/2026 06:04;CONFIRMEE
6213;275;564;27/09/2026 14:33;CONFIRMEE
6214;463;564;11/10/2026 22:23;CONFIRMEE
6215;724;564;20/09/2026 04:24;CONFIRMEE
6216;75;564;11/10/2026 17:47;CONFIRMEE
6217;559;564;18/09/2026 01:31;CONFIRMEE
6218;438;564;27/09/2026 04:30;ANNULEE
6219;670;565;31/01/2026 16:57;CONFIRMEE
6220;313;565;16/01/2026 15:51;CONFIRMEE
6221;279;565;01/02/2026 22:06;CONFIRMEE
6222;486;565;02/02/2026 00:13;CONFIRMEE
6223;294;565;03/02/2026 21:36;CONFIRMEE
6224;90;565;31/01/2026 18:35;CONFIRMEE
6225;531;566;27/01/2026 06:11;CONFIRMEE
6226;561;566;20/02/2026 02:25;CONFIRMEE
6227;226;566;20/02/2026 23:26;CONFIRMEE
6228;479;566;18/02/2026 17:39;CONFIRMEE
6229;81;566;20/02/2026 21:28;CONFIRMEE
6230;524;566;15/02/2026 14:21;CONFIRMEE
6231;655;566;26/01/2026 13:11;CONFIRMEE
6232;134;566;22/02/2026 15:32;ANNULEE
6233;682;567;11/02/2026 16:54;CONFIRMEE
6234;466;567;10/02/2026 09:04;CONFIRMEE
6235;703;567;19/02/2026 04:33;CONFIRMEE
6236;346;567;25/01/2026 18:52;CONFIRMEE
6237;502;567;11/02/2026 16:35;CONFIRMEE
6238;235;567;20/02/2026 11:29;CONFIRMEE
6239;250;567;02/02/2026 20:26;CONFIRMEE
6240;145;567;22/02/2026 03:43;CONFIRMEE
6241;535;567;05/02/2026 00:59;CONFIRMEE
6242;81;567;30/01/2026 20:30;CONFIRMEE
6243;204;567;08/02/2026 14:07;CONFIRMEE
6244;189;567;29/01/2026 19:54;CONFIRMEE
6245;80;568;12/10/2026 11:47;CONFIRMEE
6246;224;569;11/01/2026 06:23;CONFIRMEE
6247;52;569;04/02/2026 17:25;CONFIRMEE
6248;531;569;10/01/2026 23:18;CONFIRMEE
6249;334;569;01/02/2026 12:05;CONFIRMEE
6250;92;569;02/02/2026 06:16;CONFIRMEE
6251;89;569;04/02/2026 04:07;CONFIRMEE
6252;556;569;29/01/2026 03:01;CONFIRMEE
6253;81;569;29/01/2026 22:54;CONFIRMEE
6254;567;569;15/01/2026 14:05;CONFIRMEE
6255;533;569;29/01/2026 06:58;CONFIRMEE
6256;693;569;07/01/2026 19:37;CONFIRMEE
6257;70;569;28/01/2026 06:31;ANNULEE
6258;491;569;25/01/2026 04:23;ANNULEE
6259;708;570;06/03/2026 14:57;CONFIRMEE
6260;616;570;06/03/2026 10:58;CONFIRMEE
6261;177;570;17/02/2026 07:44;CONFIRMEE
6262;446;570;28/02/2026 04:52;CONFIRMEE
6263;634;570;24/02/2026 14:27;CONFIRMEE
6264;437;570;09/02/2026 19:56;CONFIRMEE
6265;299;570;17/02/2026 10:04;CONFIRMEE
6266;114;571;25/10/2026 13:33;CONFIRMEE
6267;216;571;27/10/2026 06:18;CONFIRMEE
6268;264;571;01/11/2026 07:20;CONFIRMEE
6269;88;571;17/11/2026 21:44;CONFIRMEE
6270;613;571;22/10/2026 19:29;CONFIRMEE
6271;503;571;18/11/2026 19:58;CONFIRMEE
6272;560;571;01/11/2026 19:03;CONFIRMEE
6273;52;571;19/11/2026 22:18;CONFIRMEE
6274;553;571;25/10/2026 00:35;CONFIRMEE
6275;498;571;01/11/2026 17:52;CONFIRMEE
6276;424;571;19/11/2026 23:57;CONFIRMEE
6277;202;571;06/11/2026 07:58;CONFIRMEE
6278;379;571;29/10/2026 22:08;CONFIRMEE
6279;224;571;22/10/2026 18:11;CONFIRMEE
6280;710;571;17/11/2026 22:25;ANNULEE
6281;419;571;28/10/2026 21:13;ANNULEE
6282;460;571;29/10/2026 02:59;ANNULEE
6283;318;572;29/08/2026 12:40;CONFIRMEE
6284;79;572;04/09/2026 00:41;CONFIRMEE
6285;219;572;27/08/2026 01:08;CONFIRMEE
6286;514;572;08/09/2026 10:05;CONFIRMEE
6287;355;572;24/08/2026 04:18;CONFIRMEE
6288;418;572;21/08/2026 13:47;CONFIRMEE
6289;330;572;06/09/2026 22:10;CONFIRMEE
6290;500;572;27/08/2026 18:34;CONFIRMEE
6291;200;572;03/09/2026 12:52;CONFIRMEE
6292;109;572;29/08/2026 18:43;CONFIRMEE
6293;666;572;30/08/2026 15:47;CONFIRMEE
6294;57;572;23/08/2026 21:12;CONFIRMEE
6295;481;572;30/08/2026 20:01;CONFIRMEE
6296;455;572;15/08/2026 05:54;CONFIRMEE
6297;661;572;20/08/2026 11:13;CONFIRMEE
6298;251;572;20/08/2026 11:40;CONFIRMEE
6299;707;572;15/08/2026 11:57;ANNULEE
6300;606;573;22/02/2026 23:13;CONFIRMEE
6301;402;573;11/03/2026 11:54;CONFIRMEE
6302;57;574;26/05/2026 22:34;CONFIRMEE
6303;174;574;14/05/2026 21:02;CONFIRMEE
6304;693;574;30/05/2026 23:17;CONFIRMEE
6305;252;574;21/05/2026 17:21;CONFIRMEE
6306;28;574;01/06/2026 04:17;CONFIRMEE
6307;274;574;24/05/2026 05:07;CONFIRMEE
6308;702;574;24/05/2026 07:23;CONFIRMEE
6309;599;574;22/05/2026 20:01;CONFIRMEE
6310;453;574;09/06/2026 13:37;CONFIRMEE
6311;81;574;16/05/2026 07:56;CONFIRMEE
6312;403;574;02/06/2026 11:24;CONFIRMEE
6313;32;574;18/05/2026 16:12;CONFIRMEE
6314;94;574;13/05/2026 04:36;CONFIRMEE
6315;323;574;27/05/2026 20:04;CONFIRMEE
6316;485;574;22/05/2026 11:55;ANNULEE
6317;512;574;06/06/2026 17:30;ANNULEE
6318;401;574;30/05/2026 03:46;ANNULEE
6319;234;575;27/11/2026 01:12;CONFIRMEE
6320;281;575;28/11/2026 22:36;CONFIRMEE
6321;524;575;08/11/2026 06:49;CONFIRMEE
6322;475;575;05/11/2026 10:13;CONFIRMEE
6323;211;575;22/11/2026 14:34;CONFIRMEE
6324;445;575;29/11/2026 03:07;CONFIRMEE
6325;514;575;12/11/2026 16:14;CONFIRMEE
6326;249;575;20/11/2026 15:42;CONFIRMEE
6327;427;575;15/11/2026 22:52;CONFIRMEE
6328;382;575;23/11/2026 02:53;CONFIRMEE
6329;738;575;20/11/2026 16:40;CONFIRMEE
6330;412;575;12/11/2026 01:30;CONFIRMEE
6331;592;575;16/11/2026 18:26;ANNULEE
6332;736;575;22/11/2026 15:32;ANNULEE
6333;409;576;04/10/2026 09:14;CONFIRMEE
6334;460;576;07/09/2026 14:40;CONFIRMEE
6335;582;576;09/09/2026 17:09;CONFIRMEE
6336;652;576;25/09/2026 08:50;CONFIRMEE
6337;201;576;14/09/2026 09:32;CONFIRMEE
6338;359;576;23/09/2026 15:04;CONFIRMEE
6339;272;576;04/10/2026 03:40;CONFIRMEE
6340;169;576;20/09/2026 15:03;CONFIRMEE
6341;584;576;15/09/2026 20:53;ANNULEE
6342;669;577;09/10/2026 06:24;CONFIRMEE
6343;452;577;28/09/2026 22:58;CONFIRMEE
6344;227;577;12/09/2026 06:21;CONFIRMEE
6345;356;577;16/09/2026 01:35;CONFIRMEE
6346;481;577;12/09/2026 07:32;CONFIRMEE
6347;559;577;20/09/2026 01:28;CONFIRMEE
6348;109;577;07/10/2026 09:48;CONFIRMEE
6349;742;577;13/09/2026 03:20;ANNULEE
6350;231;578;17/12/2025 03:17;CONFIRMEE
6351;367;578;14/12/2025 03:59;CONFIRMEE
6352;590;578;24/12/2025 01:27;CONFIRMEE
6353;467;578;31/12/2025 23:18;CONFIRMEE
6354;586;578;26/12/2025 09:30;CONFIRMEE
6355;195;578;19/12/2025 18:08;CONFIRMEE
6356;703;578;10/12/2025 15:26;CONFIRMEE
6357;52;578;16/12/2025 10:53;CONFIRMEE
6358;610;578;19/12/2025 13:14;CONFIRMEE
6359;368;578;03/12/2025 05:27;CONFIRMEE
6360;396;578;08/12/2025 01:48;CONFIRMEE
6361;306;578;12/12/2025 12:44;CONFIRMEE
6362;564;578;08/12/2025 01:38;CONFIRMEE
6363;299;578;17/12/2025 14:33;CONFIRMEE
6364;405;578;30/12/2025 23:56;CONFIRMEE
6365;687;578;10/12/2025 16:29;CONFIRMEE
6366;693;578;20/12/2025 20:43;CONFIRMEE
6367;354;578;07/12/2025 00:58;CONFIRMEE
6368;242;578;22/12/2025 03:20;ANNULEE
6369;230;578;18/12/2025 06:06;ANNULEE
6370;392;578;08/12/2025 15:57;ANNULEE
6371;254;579;13/02/2026 14:28;CONFIRMEE
6372;561;579;23/02/2026 17:01;CONFIRMEE
6373;687;579;18/02/2026 07:30;CONFIRMEE
6374;711;579;14/02/2026 10:49;CONFIRMEE
6375;707;579;11/02/2026 10:23;CONFIRMEE
6376;193;579;27/01/2026 06:55;CONFIRMEE
6377;238;579;21/02/2026 07:07;CONFIRMEE
6378;47;579;23/02/2026 00:44;CONFIRMEE
6379;224;579;11/02/2026 11:49;ANNULEE
6380;216;580;13/01/2026 01:06;CONFIRMEE
6381;653;580;17/12/2025 00:26;CONFIRMEE
6382;472;580;25/12/2025 20:04;CONFIRMEE
6383;614;580;12/01/2026 23:17;CONFIRMEE
6384;149;580;19/12/2025 03:18;CONFIRMEE
6385;151;580;03/01/2026 19:10;CONFIRMEE
6386;553;580;17/12/2025 18:45;CONFIRMEE
6387;240;580;18/12/2025 16:49;CONFIRMEE
6388;420;580;26/12/2025 00:46;CONFIRMEE
6389;736;580;14/01/2026 01:15;CONFIRMEE
6390;253;580;09/01/2026 20:48;CONFIRMEE
6391;703;580;26/12/2025 05:57;CONFIRMEE
6392;670;580;08/01/2026 23:41;CONFIRMEE
6393;45;580;01/01/2026 06:31;CONFIRMEE
6394;512;580;15/12/2025 20:43;ANNULEE
6395;193;581;16/06/2026 22:49;CONFIRMEE
6396;347;581;18/06/2026 21:51;CONFIRMEE
6397;561;581;21/06/2026 16:49;CONFIRMEE
6398;115;581;20/06/2026 09:51;CONFIRMEE
6399;67;581;01/07/2026 10:30;CONFIRMEE
6400;109;581;21/06/2026 07:53;CONFIRMEE
6401;632;581;05/07/2026 18:44;CONFIRMEE
6402;402;581;10/07/2026 22:22;CONFIRMEE
6403;212;581;04/07/2026 12:25;CONFIRMEE
6404;724;581;10/07/2026 13:40;CONFIRMEE
6405;205;581;08/07/2026 11:18;CONFIRMEE
6406;553;581;09/07/2026 11:57;ANNULEE
6407;728;582;01/03/2026 03:53;CONFIRMEE
6408;294;582;13/02/2026 01:50;CONFIRMEE
6409;531;582;24/02/2026 10:56;CONFIRMEE
6410;648;582;18/02/2026 01:09;CONFIRMEE
6411;523;582;13/02/2026 17:07;CONFIRMEE
6412;719;582;05/02/2026 11:26;CONFIRMEE
6413;545;582;06/02/2026 23:35;ANNULEE
6414;178;583;29/10/2026 21:04;CONFIRMEE
6415;702;583;16/10/2026 05:25;CONFIRMEE
6416;712;583;24/10/2026 00:31;CONFIRMEE
6417;650;583;18/10/2026 20:26;CONFIRMEE
6418;247;583;07/11/2026 08:20;CONFIRMEE
6419;451;583;06/11/2026 16:41;CONFIRMEE
6420;609;584;30/09/2026 12:50;CONFIRMEE
6421;684;584;09/09/2026 22:56;CONFIRMEE
6422;336;584;14/09/2026 16:59;CONFIRMEE
6423;631;584;02/10/2026 16:03;CONFIRMEE
6424;439;584;19/09/2026 18:08;CONFIRMEE
6425;29;584;15/09/2026 20:30;CONFIRMEE
6426;390;584;17/09/2026 09:07;CONFIRMEE
6427;345;584;02/10/2026 14:39;CONFIRMEE
6428;485;584;19/09/2026 19:39;CONFIRMEE
6429;261;584;04/10/2026 07:55;CONFIRMEE
6430;57;584;11/09/2026 12:18;ANNULEE
6431;100;584;22/09/2026 14:59;ANNULEE
6432;308;585;21/01/2026 07:33;CONFIRMEE
6433;692;585;02/02/2026 09:07;CONFIRMEE
6434;475;585;05/02/2026 03:10;CONFIRMEE
6435;59;585;24/01/2026 09:27;CONFIRMEE
6436;45;585;10/01/2026 13:24;CONFIRMEE
6437;619;585;07/01/2026 23:36;CONFIRMEE
6438;636;585;16/01/2026 04:57;CONFIRMEE
6439;533;585;27/01/2026 11:23;CONFIRMEE
6440;244;585;10/01/2026 23:55;CONFIRMEE
6441;91;585;30/01/2026 05:59;CONFIRMEE
6442;266;585;14/01/2026 14:46;ANNULEE
6443;98;585;10/01/2026 08:42;ANNULEE
6444;471;586;30/06/2026 19:19;CONFIRMEE
6445;537;586;24/06/2026 00:30;CONFIRMEE
6446;198;586;15/06/2026 15:45;CONFIRMEE
6447;443;586;29/06/2026 09:28;CONFIRMEE
6448;526;586;20/06/2026 00:26;CONFIRMEE
6449;146;586;29/06/2026 05:31;CONFIRMEE
6450;159;586;19/06/2026 10:04;CONFIRMEE
6451;512;586;26/06/2026 15:38;ANNULEE
6452;686;587;24/03/2026 13:01;CONFIRMEE
6453;301;587;06/04/2026 10:39;CONFIRMEE
6454;475;587;24/03/2026 04:35;CONFIRMEE
6455;637;587;22/03/2026 11:47;CONFIRMEE
6456;691;587;09/04/2026 13:58;CONFIRMEE
6457;116;587;09/04/2026 10:04;CONFIRMEE
6458;110;587;30/03/2026 04:42;ANNULEE
6459;380;588;28/01/2026 05:53;CONFIRMEE
6460;544;588;23/01/2026 14:49;CONFIRMEE
6461;656;588;04/02/2026 04:14;CONFIRMEE
6462;460;588;07/02/2026 02:39;CONFIRMEE
6463;533;588;22/01/2026 13:46;CONFIRMEE
6464;442;588;18/01/2026 05:21;CONFIRMEE
6465;57;588;25/01/2026 09:34;CONFIRMEE
6466;467;588;31/01/2026 07:20;CONFIRMEE
6467;648;588;17/01/2026 10:01;CONFIRMEE
6468;36;588;06/02/2026 04:32;CONFIRMEE
6469;623;588;20/01/2026 07:14;CONFIRMEE
6470;668;588;21/01/2026 00:17;CONFIRMEE
6471;625;588;17/01/2026 22:08;CONFIRMEE
6472;87;588;09/01/2026 20:25;CONFIRMEE
6473;747;588;21/01/2026 22:48;CONFIRMEE
6474;725;588;23/01/2026 22:17;ANNULEE
6475;281;588;06/02/2026 12:41;ANNULEE
6476;434;589;26/10/2026 09:08;CONFIRMEE
6477;78;589;21/10/2026 02:11;CONFIRMEE
6478;228;589;27/10/2026 23:37;CONFIRMEE
6479;119;589;15/10/2026 18:06;CONFIRMEE
6480;660;589;20/10/2026 23:03;CONFIRMEE
6481;272;589;30/10/2026 18:52;CONFIRMEE
6482;159;589;07/11/2026 12:51;CONFIRMEE
6483;749;589;20/10/2026 09:20;CONFIRMEE
6484;653;589;22/10/2026 20:08;CONFIRMEE
6485;107;589;05/11/2026 07:06;CONFIRMEE
6486;216;589;17/10/2026 17:29;CONFIRMEE
6487;610;589;10/10/2026 02:46;CONFIRMEE
6488;407;589;11/10/2026 20:15;ANNULEE
6489;500;590;11/01/2026 23:54;CONFIRMEE
6490;45;590;10/01/2026 23:57;CONFIRMEE
6491;384;590;26/12/2025 08:39;CONFIRMEE
6492;395;590;31/12/2025 12:03;CONFIRMEE
6493;334;590;03/01/2026 22:58;CONFIRMEE
6494;300;590;30/12/2025 01:37;CONFIRMEE
6495;539;590;26/12/2025 17:14;CONFIRMEE
6496;482;590;22/12/2025 10:47;CONFIRMEE
6497;127;590;21/12/2025 05:38;CONFIRMEE
6498;1;590;14/01/2026 08:39;CONFIRMEE
6499;368;590;16/01/2026 12:07;CONFIRMEE
6500;479;590;25/12/2025 20:48;CONFIRMEE
6501;540;590;12/01/2026 21:00;CONFIRMEE
6502;180;590;26/12/2025 03:07;CONFIRMEE
6503;518;590;02/01/2026 03:24;CONFIRMEE
6504;451;590;01/01/2026 18:45;CONFIRMEE
6505;377;590;18/12/2025 18:10;ANNULEE
6506;679;591;31/05/2026 17:56;CONFIRMEE
6507;127;591;08/05/2026 00:40;CONFIRMEE
6508;95;591;11/05/2026 04:21;CONFIRMEE
6509;294;591;04/06/2026 08:16;CONFIRMEE
6510;686;591;04/06/2026 15:01;CONFIRMEE
6511;414;591;22/05/2026 08:48;CONFIRMEE
6512;673;591;12/05/2026 19:36;CONFIRMEE
6513;562;591;14/05/2026 20:07;CONFIRMEE
6514;44;591;09/05/2026 11:32;CONFIRMEE
6515;374;591;16/05/2026 06:33;CONFIRMEE
6516;426;591;21/05/2026 02:27;CONFIRMEE
6517;737;591;05/05/2026 23:19;CONFIRMEE
6518;659;591;02/06/2026 17:48;CONFIRMEE
6519;276;591;03/06/2026 07:47;CONFIRMEE
6520;546;591;10/05/2026 14:34;CONFIRMEE
6521;488;591;17/05/2026 00:18;ANNULEE
6522;316;591;26/05/2026 02:24;ANNULEE
6523;651;591;07/05/2026 19:31;ANNULEE
6524;658;592;08/05/2026 06:07;CONFIRMEE
6525;27;592;07/05/2026 06:13;CONFIRMEE
6526;100;592;22/05/2026 00:12;CONFIRMEE
6527;334;592;02/05/2026 14:19;ANNULEE
6528;155;593;22/01/2026 19:15;CONFIRMEE
6529;455;593;29/01/2026 02:18;CONFIRMEE
6530;625;593;14/01/2026 13:47;CONFIRMEE
6531;174;593;10/02/2026 18:08;CONFIRMEE
6532;327;593;06/02/2026 01:40;CONFIRMEE
6533;262;593;17/01/2026 07:57;CONFIRMEE
6534;260;593;28/01/2026 19:31;CONFIRMEE
6535;196;593;16/01/2026 03:50;CONFIRMEE
6536;499;593;28/01/2026 08:06;CONFIRMEE
6537;259;593;05/02/2026 03:59;CONFIRMEE
6538;30;593;08/02/2026 06:41;CONFIRMEE
6539;51;593;09/02/2026 15:21;CONFIRMEE
6540;431;593;19/01/2026 15:44;CONFIRMEE
6541;296;593;01/02/2026 06:00;CONFIRMEE
6542;587;593;10/02/2026 14:09;CONFIRMEE
6543;143;593;01/02/2026 16:31;ANNULEE
6544;452;594;28/12/2025 02:53;CONFIRMEE
6545;472;594;05/01/2026 20:57;CONFIRMEE
6546;177;594;02/01/2026 13:57;CONFIRMEE
6547;42;594;17/12/2025 19:03;CONFIRMEE
6548;619;594;04/01/2026 09:27;CONFIRMEE
6549;670;594;12/12/2025 17:24;CONFIRMEE
6550;458;594;29/12/2025 11:03;CONFIRMEE
6551;242;594;01/01/2026 19:08;CONFIRMEE
6552;343;594;30/12/2025 09:50;ANNULEE
6553;239;594;13/12/2025 16:56;ANNULEE
6554;106;595;17/03/2026 09:25;CONFIRMEE
6555;171;595;05/03/2026 02:38;CONFIRMEE
6556;495;595;21/03/2026 17:13;CONFIRMEE
6557;621;595;11/03/2026 05:33;CONFIRMEE
6558;609;595;25/03/2026 02:33;CONFIRMEE
6559;244;595;16/03/2026 18:17;CONFIRMEE
6560;239;595;16/03/2026 07:37;CONFIRMEE
6561;438;595;10/03/2026 20:26;CONFIRMEE
6562;690;595;04/03/2026 18:31;CONFIRMEE
6563;55;595;02/03/2026 05:12;ANNULEE
6564;742;596;31/01/2026 19:22;CONFIRMEE
6565;89;596;18/02/2026 23:28;CONFIRMEE
6566;46;596;31/01/2026 21:27;CONFIRMEE
6567;495;596;01/02/2026 16:28;CONFIRMEE
6568;302;596;31/01/2026 09:12;CONFIRMEE
6569;475;596;16/02/2026 14:20;CONFIRMEE
6570;276;596;31/01/2026 20:12;CONFIRMEE
6571;62;596;09/02/2026 01:52;CONFIRMEE
6572;332;596;15/02/2026 08:00;CONFIRMEE
6573;382;596;16/02/2026 03:57;CONFIRMEE
6574;493;596;24/01/2026 23:54;CONFIRMEE
6575;45;596;15/02/2026 02:58;CONFIRMEE
6576;459;596;17/02/2026 14:43;CONFIRMEE
6577;92;596;13/02/2026 05:49;CONFIRMEE
6578;665;596;04/02/2026 21:39;CONFIRMEE
6579;616;596;04/02/2026 09:24;CONFIRMEE
6580;433;596;29/01/2026 05:25;CONFIRMEE
6581;28;596;23/01/2026 12:21;CONFIRMEE
6582;481;596;18/02/2026 02:25;CONFIRMEE
6583;354;596;14/02/2026 23:08;CONFIRMEE
6584;637;596;22/01/2026 09:43;CONFIRMEE
6585;352;596;26/01/2026 03:17;ANNULEE
6586;52;596;18/02/2026 18:01;ANNULEE
6587;85;596;17/02/2026 19:50;ANNULEE
6588;365;596;18/02/2026 08:05;ANNULEE
6589;148;597;27/02/2026 04:03;CONFIRMEE
6590;428;597;08/03/2026 15:31;CONFIRMEE
6591;561;597;04/03/2026 02:50;CONFIRMEE
6592;666;597;24/03/2026 01:30;CONFIRMEE
6593;527;597;14/03/2026 02:36;CONFIRMEE
6594;674;597;24/03/2026 06:22;CONFIRMEE
6595;539;597;24/02/2026 09:22;CONFIRMEE
6596;354;597;28/02/2026 17:29;CONFIRMEE
6597;198;597;02/03/2026 02:06;CONFIRMEE
6598;248;597;15/03/2026 05:42;CONFIRMEE
6599;647;597;24/03/2026 02:58;CONFIRMEE
6600;29;597;20/03/2026 14:50;CONFIRMEE
6601;114;597;09/03/2026 19:15;ANNULEE
6602;495;598;29/05/2026 22:21;CONFIRMEE
6603;298;598;29/05/2026 14:57;CONFIRMEE
6604;48;598;28/05/2026 19:49;CONFIRMEE
6605;369;598;24/05/2026 05:13;CONFIRMEE
6606;543;598;15/05/2026 18:25;CONFIRMEE
6607;554;598;14/05/2026 16:12;CONFIRMEE
6608;519;598;23/05/2026 11:52;CONFIRMEE
6609;432;598;25/05/2026 10:04;CONFIRMEE
6610;124;598;21/05/2026 14:13;CONFIRMEE
6611;625;598;22/05/2026 20:46;CONFIRMEE
6612;581;598;30/05/2026 15:23;CONFIRMEE
6613;609;598;27/05/2026 21:25;CONFIRMEE
6614;480;598;13/05/2026 17:24;CONFIRMEE
6615;613;598;24/05/2026 05:18;CONFIRMEE
6616;241;598;22/05/2026 09:32;CONFIRMEE
6617;511;598;31/05/2026 11:00;CONFIRMEE
6618;408;598;12/05/2026 14:28;CONFIRMEE
6619;390;598;25/05/2026 20:52;CONFIRMEE
6620;326;598;14/05/2026 10:21;CONFIRMEE
6621;623;598;20/05/2026 09:42;CONFIRMEE
6622;537;598;16/05/2026 22:48;CONFIRMEE
6623;328;598;28/05/2026 08:30;CONFIRMEE
6624;485;598;14/05/2026 07:06;ANNULEE
6625;218;598;04/05/2026 12:36;ANNULEE
6626;428;598;16/05/2026 14:28;ANNULEE
6627;53;599;06/03/2026 22:07;CONFIRMEE
6628;271;599;05/03/2026 20:31;CONFIRMEE
6629;254;599;12/03/2026 14:12;CONFIRMEE
6630;721;599;01/03/2026 20:33;CONFIRMEE
6631;404;599;08/03/2026 17:23;CONFIRMEE
6632;718;599;22/03/2026 03:33;CONFIRMEE
6633;262;599;09/03/2026 04:41;CONFIRMEE
6634;614;599;18/03/2026 01:53;CONFIRMEE
6635;181;599;17/03/2026 12:59;CONFIRMEE
6636;358;599;24/03/2026 23:11;CONFIRMEE
6637;42;599;24/03/2026 21:50;CONFIRMEE
6638;684;599;15/03/2026 10:32;CONFIRMEE
6639;564;599;26/03/2026 12:29;CONFIRMEE
6640;528;599;23/03/2026 19:44;CONFIRMEE
6641;715;599;12/03/2026 02:10;CONFIRMEE
6642;438;599;22/03/2026 18:33;CONFIRMEE
6643;102;599;27/03/2026 10:56;ANNULEE
6644;472;600;20/08/2026 04:16;CONFIRMEE
6645;215;600;14/08/2026 14:28;CONFIRMEE
6646;180;600;23/08/2026 10:18;CONFIRMEE
6647;381;600;29/08/2026 15:39;CONFIRMEE
6648;198;600;21/08/2026 20:53;CONFIRMEE
6649;625;600;31/08/2026 03:10;CONFIRMEE
6650;295;600;25/08/2026 04:42;CONFIRMEE
6651;643;600;31/08/2026 01:39;CONFIRMEE
6652;748;600;21/08/2026 14:26;CONFIRMEE
6653;304;600;06/08/2026 13:35;CONFIRMEE
6654;175;600;21/08/2026 11:32;CONFIRMEE
6655;233;600;28/08/2026 13:34;CONFIRMEE
6656;586;600;22/08/2026 06:45;CONFIRMEE
6657;205;600;19/08/2026 23:58;CONFIRMEE
6658;74;600;12/08/2026 14:00;CONFIRMEE
6659;331;600;28/08/2026 15:00;ANNULEE
6660;561;600;18/08/2026 11:46;ANNULEE
