utilisateur_id;nom;prenom;email;password_hash;role;date_inscription
1;Demo;Membre;membre.demo@gym.local;$argon2id$v=19$m=8192,t=1,p=1$mh4635s+WBILuhCRX6OX4w$qWCCUmMXucR3w3tpSO9pluXKbChq3D5piO//TweHRdY;MEMBRE;05/01/2025
2;Demo;Coach;coach.demo@gym.local;$argon2id$v=19$m=8192,t=1,p=1$mh4635s+WBILuhCRX6OX4w$qWCCUmMXucR3w3tpSO9pluXKbChq3D5piO//TweHRdY;COACH;01/09/2024
3;Demo;Admin;admin.demo@gym.local;$argon2id$v=19$m=8192,t=1,p=1$mh4635s+WBILuhCRX6OX4w$qWCCUmMXucR3w3tpSO9pluXKbChq3D5piO//TweHRdY;ADMIN;01/09/2024
4;Morel;Marion;marion.morel4@example-gym.fr;$argon2id$v=19$m=8192,t=1,p=1$muL5s/MwBV0Gju9AH1YcgA$WPUdbrys/M/Cu7xp/wVOByT/CvG2H8qex+Mb18TEI7U;COACH;24/11/2024
5;Chevalier;Florian;florian.chevalier5@example-gym.fr;$argon2id$v=19$m=8192,t=1,p=1$muL5s/MwBV0Gju9AH1YcgA$WPUdbrys/M/Cu7xp/wVOByT/CvG2H8qex+Mb18TEI7U;COACH;24/04/2023
6;Michel;Océane;oceane.michel6@example-gym.fr;$argon2id$v=19$m=8192,t=1,p=1$muL5s/MwBV0Gju9AH1YcgA$WPUdbrys/M/Cu7xp/wVOByT/CvG2H8qex+Mb18TEI7U;COACH;06/01/2026
7;Roy;Thomas;thomas.roy7@example-gym.fr;$argon2id$v=19$m=8192,t=1,p=1$muL5s/MwBV0Gju9AH1YcgA$WPUdbrys/M/Cu7xp/wVOByT/CvG2H8qex+Mb18TEI7U;COACH;18/02/2023
8;Joly;Louis;louis.joly8@example-gym.fr;$argon2id$v=19$m=8192,t=1,p=1$muL5s/MwBV0Gju9AH1YcgA$WPUdbrys/M/Cu7xp/wVOByT/CvG2H8qex+Mb18TEI7U;COACH;18/06/2026
9;Garnier;Hugo;hugo.garnier9@example-gym.fr;$argon2id$v=19$m=8192,t=1,p=1$muL5s/MwBV0Gju9AH1YcgA$WPUdbrys/M/Cu7xp/wVOByT/CvG2H8qex+Mb18TEI7U;COACH;01/02/2026
10;Robin;Anna;anna.robin10@example-gym.fr;$argon2id$v=19$m=8192,t=1,p=1$muL5s/MwBV0Gju9AH1YcgA$WPUdbrys/M/Cu7xp/wVOByT/CvG2H8qex+Mb18TEI7U;COACH;23/08/2025
11;Simon;Adam;adam.simon11@example-gym.fr;$argon2id$v=19$m=8192,t=1,p=1$muL5s/MwBV0Gju9AH1YcgA$WPUdbrys/M/Cu7xp/wVOByT/CvG2H8qex+Mb18TEI7U;COACH;09/01/2023
12;Boyer;Léo;leo.boyer12@example-gym.fr;$argon2id$v=19$m=8192,t=1,p=1$muL5s/MwBV0Gju9AH1YcgA$WPUdbrys/M/Cu7xp/wVOByT/CvG2H8qex+Mb18TEI7U;COACH;14/11/2023
13;Roussel;Romane;romane.roussel13@example-gym.fr;$argon2id$v=19$m=8192,t=1,p=1$muL5s/MwBV0Gju9AH1YcgA$WPUdbrys/M/Cu7xp/wVOByT/CvG2H8qex+Mb18TEI7U;COACH;04/06/2024
14;Marie;Quentin;quentin.marie14@example-gym.fr;$argon2id$v=19$m=8192,t=1,p=1$muL5s/MwBV0Gju9AH1YcgA$WPUdbrys/M/Cu7xp/wVOByT/CvG2H8qex+Mb18TEI7U;COACH;08/03/2026
15;Leroy;Zoé;zoe.leroy15@example-gym.fr;$argon2id$v=19$m=8192,t=1,p=1$muL5s/MwBV0Gju9AH1YcgA$WPUdbrys/M/Cu7xp/wVOByT/CvG2H8qex+Mb18TEI7U;COACH;20/05/2023
16;Fontaine;Zoé;zoe.fontaine16@example-gym.fr;$argon2id$v=19$m=8192,t=1,p=1$muL5s/MwBV0Gju9AH1YcgA$WPUdbrys/M/Cu7xp/wVOByT/CvG2H8qex+Mb18TEI7U;COACH;03/04/2023
17;Fontaine;Ethan;ethan.fontaine17@example-gym.fr;$argon2id$v=19$m=8192,t=1,p=1$muL5s/MwBV0Gju9AH1YcgA$WPUdbrys/M/Cu7xp/wVOByT/CvG2H8qex+Mb18TEI7U;COACH;15/02/2026
18;Dumont;Eva;eva.dumont18@example-gym.fr;$argon2id$v=19$m=8192,t=1,p=1$muL5s/MwBV0Gju9AH1YcgA$WPUdbrys/M/Cu7xp/wVOByT/CvG2H8qex+Mb18TEI7U;COACH;08/01/2024
19;Barbier;Alice;alice.barbier19@example-gym.fr;$argon2id$v=19$m=8192,t=1,p=1$muL5s/MwBV0Gju9AH1YcgA$WPUdbrys/M/Cu7xp/wVOByT/CvG2H8qex+Mb18TEI7U;COACH;25/03/2026
20;Fontaine;Ambre;ambre.fontaine20@example-gym.fr;$argon2id$v=19$m=8192,t=1,p=1$muL5s/MwBV0Gju9AH1YcgA$WPUdbrys/M/Cu7xp/wVOByT/CvG2H8qex+Mb18TEI7U;COACH;17/06/2025
21;David;Noah;noah.david21@example-gym.fr;$argon2id$v=19$m=8192,t=1,p=1$muL5s/MwBV0Gju9AH1YcgA$WPUdbrys/M/Cu7xp/wVOByT/CvG2H8qex+Mb18TEI7U;COACH;17/06/2023
22;Colin;Jeanne;jeanne.colin22@example-gym.fr;$argon2id$v=19$m=8192,t=1,p=1$muL5s/MwBV0Gju9AH1YcgA$WPUdbrys/M/Cu7xp/wVOByT/CvG2H8qex+Mb18TEI7U;COACH;18/01/2025
23;Simon;Élodie;elodie.simon23@example-gym.fr;$argon2id$v=19$m=8192,t=1,p=1$muL5s/MwBV0Gju9AH1YcgA$WPUdbrys/M/Cu7xp/wVOByT/CvG2H8qex+Mb18TEI7U;ADMIN;25/01/2025
24;Denis;Ambre;ambre.denis24@example-gym.fr;$argon2id$v=19$m=8192,t=1,p=1$muL5s/MwBV0Gju9AH1YcgA$WPUdbrys/M/Cu7xp/wVOByT/CvG2H8qex+Mb18TEI7U;ADMIN;12/11/2023
25;Duval;Florian;florian.duval25@example-gym.fr;$argon2id$v=19$m=8192,t=1,p=1$muL5s/MwBV0Gju9AH1YcgA$WPUdbrys/M/Cu7xp/wVOByT/CvG2H8qex+Mb18TEI7U;ADMIN;18/10/2025
26;Martinez;Jules;jules.martinez26@example-gym.fr;$argon2id$v=19$m=8192,t=1,p=1$muL5s/MwBV0Gju9AH1YcgA$WPUdbrys/M/Cu7xp/wVOByT/CvG2H8qex+Mb18TEI7U;ADMIN;27/11/2024
27;Garcia;Noah;noah.garcia27@example-gym.fr;$argon2id$v=19$m=8192,t=1,p=1$muL5s/MwBV0Gju9AH1YcgA$WPUdbrys/M/Cu7xp/wVOByT/CvG2H8qex+Mb18TEI7U;MEMBRE;22/11/2025
28;Rousseau;Ethan;ethan.rousseau28@example-gym.fr;$argon2id$v=19$m=8192,t=1,p=1$muL5s/MwBV0Gju9AH1YcgA$WPUdbrys/M/Cu7xp/wVOByT/CvG2H8qex+Mb18TEI7U;MEMBRE;10/08/2024
29;Marchand;Lucie;lucie.marchand29@example-gym.fr;$argon2id$v=19$m=8192,t=1,p=1$muL5s/MwBV0Gju9AH1YcgA$WPUdbrys/M/Cu7xp/wVOByT/CvG2H8qex+Mb18TEI7U;MEMBRE;21/07/2025
30;Martinez;Romain;romain.martinez30@example-gym.fr;$argon2id$v=19$m=8192,t=1,p=1$muL5s/MwBV0Gju9AH1YcgA$WPUdbrys/M/Cu7xp/wVOByT/CvG2H8qex+Mb18TEI7U;MEMBRE;05/02/2023
31;Thomas;Emma;emma.thomas31@example-gym.fr;$argon2id$v=19$m=8192,t=1,p=1$muL5s/MwBV0Gju9AH1YcgA$WPUdbrys/M/Cu7xp/wVOByT/CvG2H8qex+Mb18TEI7U;MEMBRE;09/07/2026
32;Perrin;Julie;julie.perrin32@example-gym.fr;$argon2id$v=19$m=8192,t=1,p=1$muL5s/MwBV0Gju9AH1YcgA$WPUdbrys/M/Cu7xp/wVOByT/CvG2H8qex+Mb18TEI7U;MEMBRE;05/04/2023
33;Gautier;Pauline;pauline.gautier33@example-gym.fr;$argon2id$v=19$m=8192,t=1,p=1$muL5s/MwBV0Gju9AH1YcgA$WPUdbrys/M/Cu7xp/wVOByT/CvG2H8qex+Mb18TEI7U;MEMBRE;01/05/2024
34;Gautier;Gabriel;gabriel.gautier34@example-gym.fr;$argon2id$v=19$m=8192,t=1,p=1$muL5s/MwBV0Gju9AH1YcgA$WPUdbrys/M/Cu7xp/wVOByT/CvG2H8qex+Mb18TEI7U;MEMBRE;12/01/2024
35;Arnaud;Manon;manon.arnaud35@example-gym.fr;$argon2id$v=19$m=8192,t=1,p=1$muL5s/MwBV0Gju9AH1YcgA$WPUdbrys/M/Cu7xp/wVOByT/CvG2H8qex+Mb18TEI7U;MEMBRE;14/11/2023
36;Perrin;Louise;louise.perrin36@example-gym.fr;$argon2id$v=19$m=8192,t=1,p=1$muL5s/MwBV0Gju9AH1YcgA$WPUdbrys/M/Cu7xp/wVOByT/CvG2H8qex+Mb18TEI7U;MEMBRE;24/01/2026
37;Lefevre;Nathan;nathan.lefevre37@example-gym.fr;$argon2id$v=19$m=8192,t=1,p=1$muL5s/MwBV0Gju9AH1YcgA$WPUdbrys/M/Cu7xp/wVOByT/CvG2H8qex+Mb18TEI7U;MEMBRE;02/09/2024
38;Lambert;Émilie;emilie.lambert38@example-gym.fr;$argon2id$v=19$m=8192,t=1,p=1$muL5s/MwBV0Gju9AH1YcgA$WPUdbrys/M/Cu7xp/wVOByT/CvG2H8qex+Mb18TEI7U;MEMBRE;26/12/2023
39;Roux;Sacha;sacha.roux39@example-gym.fr;$argon2id$v=19$m=8192,t=1,p=1$muL5s/MwBV0Gju9AH1YcgA$WPUdbrys/M/Cu7xp/wVOByT/CvG2H8qex+Mb18TEI7U;MEMBRE;21/03/2026
40;Marchand;Mélanie;melanie.marchand40@example-gym.fr;$argon2id$v=19$m=8192,t=1,p=1$muL5s/MwBV0Gju9AH1YcgA$WPUdbrys/M/Cu7xp/wVOByT/CvG2H8qex+Mb18TEI7U;MEMBRE;26/04/2024
41;Lefebvre;Rose;rose.lefebvre41@example-gym.fr;$argon2id$v=19$m=8192,t=1,p=1$muL5s/MwBV0Gju9AH1YcgA$WPUdbrys/M/Cu7xp/wVOByT/CvG2H8qex+Mb18TEI7U;MEMBRE;14/02/2026
42;Richard;Kevin;kevin.richard42@example-gym.fr;$argon2id$v=19$m=8192,t=1,p=1$muL5s/MwBV0Gju9AH1YcgA$WPUdbrys/M/Cu7xp/wVOByT/CvG2H8qex+Mb18TEI7U;MEMBRE;26/11/2023
43;Andre;Louis;louis.andre43@example-gym.fr;$argon2id$v=19$m=8192,t=1,p=1$muL5s/MwBV0Gju9AH1YcgA$WPUdbrys/M/Cu7xp/wVOByT/CvG2H8qex+Mb18TEI7U;MEMBRE;04/07/2023
44;Schmitt;Arthur;arthur.schmitt44@example-gym.fr;$argon2id$v=19$m=8192,t=1,p=1$muL5s/MwBV0Gju9AH1YcgA$WPUdbrys/M/Cu7xp/wVOByT/CvG2H8qex+Mb18TEI7U;MEMBRE;08/12/2025
45;Giraud;Bastien;bastien.giraud45@example-gym.fr;$argon2id$v=19$m=8192,t=1,p=1$muL5s/MwBV0Gju9AH1YcgA$WPUdbrys/M/Cu7xp/wVOByT/CvG2H8qex+Mb18TEI7U;MEMBRE;20/03/2025
46;Garcia;Thomas;thomas.garcia46@example-gym.fr;$argon2id$v=19$m=8192,t=1,p=1$muL5s/MwBV0Gju9AH1YcgA$WPUdbrys/M/Cu7xp/wVOByT/CvG2H8qex+Mb18TEI7U;MEMBRE;26/12/2023
47;Giraud;Eva;eva.giraud47@example-gym.fr;$argon2id$v=19$m=8192,t=1,p=1$muL5s/MwBV0Gju9AH1YcgA$WPUdbrys/M/Cu7xp/wVOByT/CvG2H8qex+Mb18TEI7U;MEMBRE;21/09/2025
48;Bertrand;Jeanne;jeanne.bertrand48@example-gym.fr;$argon2id$v=19$m=8192,t=1,p=1$muL5s/MwBV0Gju9AH1YcgA$WPUdbrys/M/Cu7xp/wVOByT/CvG2H8qex+Mb18TEI7U;MEMBRE;03/01/2026
49;Thomas;Jade;jade.thomas49@example-gym.fr;$argon2id$v=19$m=8192,t=1,p=1$muL5s/MwBV0Gju9AH1YcgA$WPUdbrys/M/Cu7xp/wVOByT/CvG2H8qex+Mb18TEI7U;MEMBRE;31/03/2025
50;Caron;Léa;lea.caron50@example-gym.fr;$argon2id$v=19$m=8192,t=1,p=1$muL5s/MwBV0Gju9AH1YcgA$WPUdbrys/M/Cu7xp/wVOByT/CvG2H8qex+Mb18TEI7U;MEMBRE;17/06/2024
51;Legrand;Mathieu;mathieu.legrand51@example-gym.fr;$argon2id$v=19$m=8192,t=1,p=1$muL5s/MwBV0Gju9AH1YcgA$WPUdbrys/M/Cu7xp/wVOByT/CvG2H8qex+Mb18TEI7U;MEMBRE;24/10/2024
52;Lefebvre;Manon;manon.lefebvre52@example-gym.fr;$argon2id$v=19$m=8192,t=1,p=1$muL5s/MwBV0Gju9AH1YcgA$WPUdbrys/M/Cu7xp/wVOByT/CvG2H8qex+Mb18TEI7U;MEMBRE;27/10/2024
53;Gauthier;Clara;clara.gauthier53@example-gym.fr;$argon2id$v=19$m=8192,t=1,p=1$muL5s/MwBV0Gju9AH1YcgA$WPUdbrys/M/Cu7xp/wVOByT/CvG2H8qex+Mb18TEI7U;MEMBRE;07/07/2023
54;Simon;Quentin;quentin.simon54@example-gym.fr;$argon2id$v=19$m=8192,t=1,p=1$muL5s/MwBV0Gju9AH1YcgA$WPUdbrys/M/Cu7xp/wVOByT/CvG2H8qex+Mb18TEI7U;MEMBRE;17/06/2023
55;Gaillard;Simon;simon.gaillard55@example-gym.fr;$argon2id$v=19$m=8192,t=1,p=1$muL5s/MwBV0Gju9AH1YcgA$WPUdbrys/M/Cu7xp/wVOByT/CvG2H8qex+Mb18TEI7U;MEMBRE;30/06/2023
56;Fontaine;Théo;theo.fontaine56@example-gym.fr;$argon2id$v=19$m=8192,t=1,p=1$muL5s/MwBV0Gju9AH1YcgA$WPUdbrys/M/Cu7xp/wVOByT/CvG2H8qex+Mb18TEI7U;MEMBRE;02/05/2024
57;Noel;Rose;rose.noel57@example-gym.fr;$argon2id$v=19$m=8192,t=1,p=1$muL5s/MwBV0Gju9AH1YcgA$WPUdbrys/M/Cu7xp/wVOByT/CvG2H8qex+Mb18TEI7U;MEMBRE;31/12/2024
58;Henry;Nicolas;nicolas.henry58@example-gym.fr;$argon2id$v=19$m=8192,t=1,p=1$muL5s/MwBV0Gju9AH1YcgA$WPUdbrys/M/Cu7xp/wVOByT/CvG2H8qex+Mb18TEI7U;MEMBRE;23/01/2024
59;David;Eva;eva.david59@example-gym.fr;$argon2id$v=19$m=8192,t=1,p=1$muL5s/MwBV0Gju9AH1YcgA$WPUdbrys/M/Cu7xp/wVOByT/CvG2H8qex+Mb18TEI7U;MEMBRE;13/12/2024
60;Meyer;Anna;anna.meyer60@example-gym.fr;$argon2id$v=19$m=8192,t=1,p=1$muL5s/MwBV0Gju9AH1YcgA$WPUdbrys/M/Cu7xp/wVOByT/CvG2H8qex+Mb18TEI7U;MEMBRE;29/09/2025
61;Brunet;Nicolas;nicolas.brunet61@example-gym.fr;$argon2id$v=19$m=8192,t=1,p=1$muL5s/MwBV0Gju9AH1YcgA$WPUdbrys/M/Cu7xp/wVOByT/CvG2H8qex+Mb18TEI7U;MEMBRE;19/06/2025
62;Boyer;Benjamin;benjamin.boyer62@example-gym.fr;$argon2id$v=19$m=8192,t=1,p=1$muL5s/MwBV0Gju9AH1YcgA$WPUdbrys/M/Cu7xp/wVOByT/CvG2H8qex+Mb18TEI7U;MEMBRE;21/07/2025
63;Rousseau;Kevin;kevin.rousseau63@example-gym.fr;$argon2id$v=19$m=8192,t=1,p=1$muL5s/MwBV0Gju9AH1YcgA$WPUdbrys/M/Cu7xp/wVOByT/CvG2H8qex+Mb18TEI7U;MEMBRE;22/08/2026
64;Roux;Clara;clara.roux64@example-gym.fr;$argon2id$v=19$m=8192,t=1,p=1$muL5s/MwBV0Gju9AH1YcgA$WPUdbrys/M/Cu7xp/wVOByT/CvG2H8qex+Mb18TEI7U;MEMBRE;07/04/2024
65;Michel;Mélanie;melanie.michel65@example-gym.fr;$argon2id$v=19$m=8192,t=1,p=1$muL5s/MwBV0Gju9AH1YcgA$WPUdbrys/M/Cu7xp/wVOByT/CvG2H8qex+Mb18TEI7U;MEMBRE;02/09/2025
66;Noel;Julia;julia.noel66@example-gym.fr;$argon2id$v=19$m=8192,t=1,p=1$muL5s/MwBV0Gju9AH1YcgA$WPUdbrys/M/Cu7xp/wVOByT/CvG2H8qex+Mb18TEI7U;MEMBRE;17/01/2024
67;Noel;Jules;jules.noel67@example-gym.fr;$argon2id$v=19$m=8192,t=1,p=1$muL5s/MwBV0Gju9AH1YcgA$WPUdbrys/M/Cu7xp/wVOByT/CvG2H8qex+Mb18TEI7U;MEMBRE;01/09/2024
68;Fontaine;Ethan;ethan.fontaine68@example-gym.fr;$argon2id$v=19$m=8192,t=1,p=1$muL5s/MwBV0Gju9AH1YcgA$WPUdbrys/M/Cu7xp/wVOByT/CvG2H8qex+Mb18TEI7U;MEMBRE;06/10/2023
69;Gautier;Kevin;kevin.gautier69@example-gym.fr;$argon2id$v=19$m=8192,t=1,p=1$muL5s/MwBV0Gju9AH1YcgA$WPUdbrys/M/Cu7xp/wVOByT/CvG2H8qex+Mb18TEI7U;MEMBRE;01/01/2024
70;Richard;Léo;leo.richard70@example-gym.fr;$argon2id$v=19$m=8192,t=1,p=1$muL5s/MwBV0Gju9AH1YcgA$WPUdbrys/M/Cu7xp/wVOByT/CvG2H8qex+Mb18TEI7U;MEMBRE;22/06/2023
71;Henry;Ethan;ethan.henry71@example-gym.fr;$argon2id$v=19$m=8192,t=1,p=1$muL5s/MwBV0Gju9AH1YcgA$WPUdbrys/M/Cu7xp/wVOByT/CvG2H8qex+Mb18TEI7U;MEMBRE;21/05/2026
72;Morel;Romane;romane.morel72@example-gym.fr;$argon2id$v=19$m=8192,t=1,p=1$muL5s/MwBV0Gju9AH1YcgA$WPUdbrys/M/Cu7xp/wVOByT/CvG2H8qex+Mb18TEI7U;MEMBRE;20/12/2023
73;Garnier;Arthur;arthur.garnier73@example-gym.fr;$argon2id$v=19$m=8192,t=1,p=1$muL5s/MwBV0Gju9AH1YcgA$WPUdbrys/M/Cu7xp/wVOByT/CvG2H8qex+Mb18TEI7U;MEMBRE;28/03/2025
74;Caron;Célia;celia.caron74@example-gym.fr;$argon2id$v=19$m=8192,t=1,p=1$muL5s/MwBV0Gju9AH1YcgA$WPUdbrys/M/Cu7xp/wVOByT/CvG2H8qex+Mb18TEI7U;MEMBRE;05/01/2023
75;Vidal;Guillaume;guillaume.vidal75@example-gym.fr;$argon2id$v=19$m=8192,t=1,p=1$muL5s/MwBV0Gju9AH1YcgA$WPUdbrys/M/Cu7xp/wVOByT/CvG2H8qex+Mb18TEI7U;MEMBRE;13/05/2026
76;Boyer;Paul;paul.boyer76@example-gym.fr;$argon2id$v=19$m=8192,t=1,p=1$muL5s/MwBV0Gju9AH1YcgA$WPUdbrys/M/Cu7xp/wVOByT/CvG2H8qex+Mb18TEI7U;MEMBRE;29/06/2025
77;Blanc;Agathe;agathe.blanc77@example-gym.fr;$argon2id$v=19$m=8192,t=1,p=1$muL5s/MwBV0Gju9AH1YcgA$WPUdbrys/M/Cu7xp/wVOByT/CvG2H8qex+Mb18TEI7U;MEMBRE;31/12/2025
78;Schmitt;Mathis;mathis.schmitt78@example-gym.fr;$argon2id$v=19$m=8192,t=1,p=1$muL5s/MwBV0Gju9AH1YcgA$WPUdbrys/M/Cu7xp/wVOByT/CvG2H8qex+Mb18TEI7U;MEMBRE;12/12/2025
79;Masson;Sophie;sophie.masson79@example-gym.fr;$argon2id$v=19$m=8192,t=1,p=1$muL5s/MwBV0Gju9AH1YcgA$WPUdbrys/M/Cu7xp/wVOByT/CvG2H8qex+Mb18TEI7U;MEMBRE;03/03/2023
80;Bertrand;Anna;anna.bertrand80@example-gym.fr;$argon2id$v=19$m=8192,t=1,p=1$muL5s/MwBV0Gju9AH1YcgA$WPUdbrys/M/Cu7xp/wVOByT/CvG2H8qex+Mb18TEI7U;MEMBRE;24/11/2024
81;Moreau;Adrien;adrien.moreau81@example-gym.fr;$argon2id$v=19$m=8192,t=1,p=1$muL5s/MwBV0Gju9AH1YcgA$WPUdbrys/M/Cu7xp/wVOByT/CvG2H8qex+Mb18TEI7U;MEMBRE;25/03/2024
82;Roche;Clara;clara.roche82@example-gym.fr;$argon2id$v=19$m=8192,t=1,p=1$muL5s/MwBV0Gju9AH1YcgA$WPUdbrys/M/Cu7xp/wVOByT/CvG2H8qex+Mb18TEI7U;MEMBRE;06/05/2024
83;Nicolas;Romane;romane.nicolas83@example-gym.fr;$argon2id$v=19$m=8192,t=1,p=1$muL5s/MwBV0Gju9AH1YcgA$WPUdbrys/M/Cu7xp/wVOByT/CvG2H8qex+Mb18TEI7U;MEMBRE;13/06/2025
84;Gerard;Laura;laura.gerard84@example-gym.fr;$argon2id$v=19$m=8192,t=1,p=1$muL5s/MwBV0Gju9AH1YcgA$WPUdbrys/M/Cu7xp/wVOByT/CvG2H8qex+Mb18TEI7U;MEMBRE;01/08/2023
85;Lefebvre;Julia;julia.lefebvre85@example-gym.fr;$argon2id$v=19$m=8192,t=1,p=1$muL5s/MwBV0Gju9AH1YcgA$WPUdbrys/M/Cu7xp/wVOByT/CvG2H8qex+Mb18TEI7U;MEMBRE;02/09/2023
86;Gerard;Emma;emma.gerard86@example-gym.fr;$argon2id$v=19$m=8192,t=1,p=1$muL5s/MwBV0Gju9AH1YcgA$WPUdbrys/M/Cu7xp/wVOByT/CvG2H8qex+Mb18TEI7U;MEMBRE;09/08/2024
87;Denis;Noah;noah.denis87@example-gym.fr;$argon2id$v=19$m=8192,t=1,p=1$muL5s/MwBV0Gju9AH1YcgA$WPUdbrys/M/Cu7xp/wVOByT/CvG2H8qex+Mb18TEI7U;MEMBRE;29/04/2025
88;Francois;Rose;rose.francois88@example-gym.fr;$argon2id$v=19$m=8192,t=1,p=1$muL5s/MwBV0Gju9AH1YcgA$WPUdbrys/M/Cu7xp/wVOByT/CvG2H8qex+Mb18TEI7U;MEMBRE;27/06/2026
89;Bernard;Ethan;ethan.bernard89@example-gym.fr;$argon2id$v=19$m=8192,t=1,p=1$muL5s/MwBV0Gju9AH1YcgA$WPUdbrys/M/Cu7xp/wVOByT/CvG2H8qex+Mb18TEI7U;MEMBRE;14/08/2025
90;Muller;Sacha;sacha.muller90@example-gym.fr;$argon2id$v=19$m=8192,t=1,p=1$muL5s/MwBV0Gju9AH1YcgA$WPUdbrys/M/Cu7xp/wVOByT/CvG2H8qex+Mb18TEI7U;MEMBRE;01/10/2025
91;Lefebvre;Anaïs;anais.lefebvre91@example-gym.fr;$argon2id$v=19$m=8192,t=1,p=1$muL5s/MwBV0Gju9AH1YcgA$WPUdbrys/M/Cu7xp/wVOByT/CvG2H8qex+Mb18TEI7U;MEMBRE;25/03/2024
92;Thomas;Gabriel;gabriel.thomas92@example-gym.fr;$argon2id$v=19$m=8192,t=1,p=1$muL5s/MwBV0Gju9AH1YcgA$WPUdbrys/M/Cu7xp/wVOByT/CvG2H8qex+Mb18TEI7U;MEMBRE;11/10/2025
93;Roche;Enzo;enzo.roche93@example-gym.fr;$argon2id$v=19$m=8192,t=1,p=1$muL5s/MwBV0Gju9AH1YcgA$WPUdbrys/M/Cu7xp/wVOByT/CvG2H8qex+Mb18TEI7U;MEMBRE;15/04/2024
94;Bertrand;Sarah;sarah.bertrand94@example-gym.fr;$argon2id$v=19$m=8192,t=1,p=1$muL5s/MwBV0Gju9AH1YcgA$WPUdbrys/M/Cu7xp/wVOByT/CvG2H8qex+Mb18TEI7U;MEMBRE;07/09/2024
95;Gauthier;Zoé;zoe.gauthier95@example-gym.fr;$argon2id$v=19$m=8192,t=1,p=1$muL5s/MwBV0Gju9AH1YcgA$WPUdbrys/M/Cu7xp/wVOByT/CvG2H8qex+Mb18TEI7U;MEMBRE;15/08/2025
96;Lemaire;Anna;anna.lemaire96@example-gym.fr;$argon2id$v=19$m=8192,t=1,p=1$muL5s/MwBV0Gju9AH1YcgA$WPUdbrys/M/Cu7xp/wVOByT/CvG2H8qex+Mb18TEI7U;MEMBRE;31/10/2024
97;Lefebvre;Alexandre;alexandre.lefebvre97@example-gym.fr;$argon2id$v=19$m=8192,t=1,p=1$muL5s/MwBV0Gju9AH1YcgA$WPUdbrys/M/Cu7xp/wVOByT/CvG2H8qex+Mb18TEI7U;MEMBRE;11/09/2024
98;Lefebvre;Jade;jade.lefebvre98@example-gym.fr;$argon2id$v=19$m=8192,t=1,p=1$muL5s/MwBV0Gju9AH1YcgA$WPUdbrys/M/Cu7xp/wVOByT/CvG2H8qex+Mb18TEI7U;MEMBRE;24/01/2025
99;Rousseau;Chloé;chloe.rousseau99@example-gym.fr;$argon2id$v=19$m=8192,t=1,p=1$muL5s/MwBV0Gju9AH1YcgA$WPUdbrys/M/Cu7xp/wVOByT/CvG2H8qex+Mb18TEI7U;MEMBRE;28/08/2026
100;Roux;Amandine;amandine.roux100@example-gym.fr;$argon2id$v=19$m=8192,t=1,p=1$muL5s/MwBV0Gju9AH1YcgA$WPUdbrys/M/Cu7xp/wVOByT/CvG2H8qex+Mb18TEI7U;MEMBRE;12/06/2025
101;Brun;Romane;romane.brun101@example-gym.fr;$argon2id$v=19$m=8192,t=1,p=1$muL5s/MwBV0Gju9AH1YcgA$WPUdbrys/M/Cu7xp/wVOByT/CvG2H8qex+Mb18TEI7U;MEMBRE;26/03/2026
102;Joly;Agathe;agathe.joly102@example-gym.fr;$argon2id$v=19$m=8192,t=1,p=1$muL5s/MwBV0Gju9AH1YcgA$WPUdbrys/M/Cu7xp/wVOByT/CvG2H8qex+Mb18TEI7U;MEMBRE;08/09/2025
103;Blanc;Élodie;elodie.blanc103@example-gym.fr;$argon2id$v=19$m=8192,t=1,p=1$muL5s/MwBV0Gju9AH1YcgA$WPUdbrys/M/Cu7xp/wVOByT/CvG2H8qex+Mb18TEI7U;MEMBRE;16/09/2024
104;Roche;Noah;noah.roche104@example-gym.fr;$argon2id$v=19$m=8192,t=1,p=1$muL5s/MwBV0Gju9AH1YcgA$WPUdbrys/M/Cu7xp/wVOByT/CvG2H8qex+Mb18TEI7U;MEMBRE;10/09/2024
105;Meunier;Louis;louis.meunier105@example-gym.fr;$argon2id$v=19$m=8192,t=1,p=1$muL5s/MwBV0Gju9AH1YcgA$WPUdbrys/M/Cu7xp/wVOByT/CvG2H8qex+Mb18TEI7U;MEMBRE;03/06/2026
106;Bertrand;Thomas;thomas.bertrand106@example-gym.fr;$argon2id$v=19$m=8192,t=1,p=1$muL5s/MwBV0Gju9AH1YcgA$WPUdbrys/M/Cu7xp/wVOByT/CvG2H8qex+Mb18TEI7U;MEMBRE;14/12/2024
107;Morel;Anna;anna.morel107@example-gym.fr;$argon2id$v=19$m=8192,t=1,p=1$muL5s/MwBV0Gju9AH1YcgA$WPUdbrys/M/Cu7xp/wVOByT/CvG2H8qex+Mb18TEI7U;MEMBRE;10/08/2024
108;Roy;Emma;emma.roy108@example-gym.fr;$argon2id$v=19$m=8192,t=1,p=1$muL5s/MwBV0Gju9AH1YcgA$WPUdbrys/M/Cu7xp/wVOByT/CvG2H8qex+Mb18TEI7U;MEMBRE;03/10/2025
109;Laurent;Mathieu;mathieu.laurent109@example-gym.fr;$argon2id$v=19$m=8192,t=1,p=1$muL5s/MwBV0Gju9AH1YcgA$WPUdbrys/M/Cu7xp/wVOByT/CvG2H8qex+Mb18TEI7U;MEMBRE;15/05/2025
110;Dumont;Louis;louis.dumont110@example-gym.fr;$argon2id$v=19$m=8192,t=1,p=1$muL5s/MwBV0Gju9AH1YcgA$WPUdbrys/M/Cu7xp/wVOByT/CvG2H8qex+Mb18TEI7U;MEMBRE;04/10/2024
111;Lucas;Raphaël;raphael.lucas111@example-gym.fr;$argon2id$v=19$m=8192,t=1,p=1$muL5s/MwBV0Gju9AH1YcgA$WPUdbrys/M/Cu7xp/wVOByT/CvG2H8qex+Mb18TEI7U;MEMBRE;15/09/2024
112;Brun;Anna;anna.brun112@example-gym.fr;$argon2id$v=19$m=8192,t=1,p=1$muL5s/MwBV0Gju9AH1YcgA$WPUdbrys/M/Cu7xp/wVOByT/CvG2H8qex+Mb18TEI7U;MEMBRE;10/11/2023
113;Brunet;Maël;mael.brunet113@example-gym.fr;$argon2id$v=19$m=8192,t=1,p=1$muL5s/MwBV0Gju9AH1YcgA$WPUdbrys/M/Cu7xp/wVOByT/CvG2H8qex+Mb18TEI7U;MEMBRE;04/06/2026
114;Michel;Clara;clara.michel114@example-gym.fr;$argon2id$v=19$m=8192,t=1,p=1$muL5s/MwBV0Gju9AH1YcgA$WPUdbrys/M/Cu7xp/wVOByT/CvG2H8qex+Mb18TEI7U;MEMBRE;14/07/2023
115;Barbier;Valentin;valentin.barbier115@example-gym.fr;$argon2id$v=19$m=8192,t=1,p=1$muL5s/MwBV0Gju9AH1YcgA$WPUdbrys/M/Cu7xp/wVOByT/CvG2H8qex+Mb18TEI7U;MEMBRE;12/04/2024
116;Lucas;Océane;oceane.lucas116@example-gym.fr;$argon2id$v=19$m=8192,t=1,p=1$muL5s/MwBV0Gju9AH1YcgA$WPUdbrys/M/Cu7xp/wVOByT/CvG2H8qex+Mb18TEI7U;MEMBRE;15/08/2025
117;Chevalier;Théo;theo.chevalier117@example-gym.fr;$argon2id$v=19$m=8192,t=1,p=1$muL5s/MwBV0Gju9AH1YcgA$WPUdbrys/M/Cu7xp/wVOByT/CvG2H8qex+Mb18TEI7U;MEMBRE;25/01/2026
118;Legrand;Adrien;adrien.legrand118@example-gym.fr;$argon2id$v=19$m=8192,t=1,p=1$muL5s/MwBV0Gju9AH1YcgA$WPUdbrys/M/Cu7xp/wVOByT/CvG2H8qex+Mb18TEI7U;MEMBRE;10/10/2024
119;Muller;Anna;anna.muller119@example-gym.fr;$argon2id$v=19$m=8192,t=1,p=1$muL5s/MwBV0Gju9AH1YcgA$WPUdbrys/M/Cu7xp/wVOByT/CvG2H8qex+Mb18TEI7U;MEMBRE;10/02/2026
120;Morel;Zoé;zoe.morel120@example-gym.fr;$argon2id$v=19$m=8192,t=1,p=1$muL5s/MwBV0Gju9AH1YcgA$WPUdbrys/M/Cu7xp/wVOByT/CvG2H8qex+Mb18TEI7U;MEMBRE;30/10/2024
121;Girard;Charlotte;charlotte.girard121@example-gym.fr;$argon2id$v=19$m=8192,t=1,p=1$muL5s/MwBV0Gju9AH1YcgA$WPUdbrys/M/Cu7xp/wVOByT/CvG2H8qex+Mb18TEI7U;MEMBRE;01/11/2025
122;Meunier;Benjamin;benjamin.meunier122@example-gym.fr;$argon2id$v=19$m=8192,t=1,p=1$muL5s/MwBV0Gju9AH1YcgA$WPUdbrys/M/Cu7xp/wVOByT/CvG2H8qex+Mb18TEI7U;MEMBRE;25/11/2024
123;Gautier;Alexandre;alexandre.gautier123@example-gym.fr;$argon2id$v=19$m=8192,t=1,p=1$muL5s/MwBV0Gju9AH1YcgA$WPUdbrys/M/Cu7xp/wVOByT/CvG2H8qex+Mb18TEI7U;MEMBRE;06/03/2026
124;Blanc;Ethan;ethan.blanc124@example-gym.fr;$argon2id$v=19$m=8192,t=1,p=1$muL5s/MwBV0Gju9AH1YcgA$WPUdbrys/M/Cu7xp/wVOByT/CvG2H8qex+Mb18TEI7U;MEMBRE;07/01/2025
125;Marie;Manon;manon.marie125@example-gym.fr;$argon2id$v=19$m=8192,t=1,p=1$muL5s/MwBV0Gju9AH1YcgA$WPUdbrys/M/Cu7xp/wVOByT/CvG2H8qex+Mb18TEI7U;MEMBRE;07/05/2026
126;Martinez;Julia;julia.martinez126@example-gym.fr;$argon2id$v=19$m=8192,t=1,p=1$muL5s/MwBV0Gju9AH1YcgA$WPUdbrys/M/Cu7xp/wVOByT/CvG2H8qex+Mb18TEI7U;MEMBRE;04/07/2026
127;Gautier;Noah;noah.gautier127@example-gym.fr;$argon2id$v=19$m=8192,t=1,p=1$muL5s/MwBV0Gju9AH1YcgA$WPUdbrys/M/Cu7xp/wVOByT/CvG2H8qex+Mb18TEI7U;MEMBRE;20/01/2025
128;Henry;Élodie;elodie.henry128@example-gym.fr;$argon2id$v=19$m=8192,t=1,p=1$muL5s/MwBV0Gju9AH1YcgA$WPUdbrys/M/Cu7xp/wVOByT/CvG2H8qex+Mb18TEI7U;MEMBRE;16/03/2024
129;Denis;Anna;anna.denis129@example-gym.fr;$argon2id$v=19$m=8192,t=1,p=1$muL5s/MwBV0Gju9AH1YcgA$WPUdbrys/M/Cu7xp/wVOByT/CvG2H8qex+Mb18TEI7U;MEMBRE;12/03/2023
130;Robin;Anaïs;anais.robin130@example-gym.fr;$argon2id$v=19$m=8192,t=1,p=1$muL5s/MwBV0Gju9AH1YcgA$WPUdbrys/M/Cu7xp/wVOByT/CvG2H8qex+Mb18TEI7U;MEMBRE;09/08/2025
131;Martin;Théo;theo.martin131@example-gym.fr;$argon2id$v=19$m=8192,t=1,p=1$muL5s/MwBV0Gju9AH1YcgA$WPUdbrys/M/Cu7xp/wVOByT/CvG2H8qex+Mb18TEI7U;MEMBRE;17/12/2023
132;Lefebvre;Manon;manon.lefebvre132@example-gym.fr;$argon2id$v=19$m=8192,t=1,p=1$muL5s/MwBV0Gju9AH1YcgA$WPUdbrys/M/Cu7xp/wVOByT/CvG2H8qex+Mb18TEI7U;MEMBRE;28/12/2024
133;Bonnet;Louise;louise.bonnet133@example-gym.fr;$argon2id$v=19$m=8192,t=1,p=1$muL5s/MwBV0Gju9AH1YcgA$WPUdbrys/M/Cu7xp/wVOByT/CvG2H8qex+Mb18TEI7U;MEMBRE;06/05/2023
134;Vincent;Adrien;adrien.vincent134@example-gym.fr;$argon2id$v=19$m=8192,t=1,p=1$muL5s/MwBV0Gju9AH1YcgA$WPUdbrys/M/Cu7xp/wVOByT/CvG2H8qex+Mb18TEI7U;MEMBRE;08/04/2024
135;Nicolas;Noah;noah.nicolas135@example-gym.fr;$argon2id$v=19$m=8192,t=1,p=1$muL5s/MwBV0Gju9AH1YcgA$WPUdbrys/M/Cu7xp/wVOByT/CvG2H8qex+Mb18TEI7U;MEMBRE;07/10/2024
136;Girard;Ambre;ambre.girard136@example-gym.fr;$argon2id$v=19$m=8192,t=1,p=1$muL5s/MwBV0Gju9AH1YcgA$WPUdbrys/M/Cu7xp/wVOByT/CvG2H8qex+Mb18TEI7U;MEMBRE;11/10/2025
137;Roy;Lina;lina.roy137@example-gym.fr;$argon2id$v=19$m=8192,t=1,p=1$muL5s/MwBV0Gju9AH1YcgA$WPUdbrys/M/Cu7xp/wVOByT/CvG2H8qex+Mb18TEI7U;MEMBRE;13/05/2026
138;Legrand;Mélanie;melanie.legrand138@example-gym.fr;$argon2id$v=19$m=8192,t=1,p=1$muL5s/MwBV0Gju9AH1YcgA$WPUdbrys/M/Cu7xp/wVOByT/CvG2H8qex+Mb18TEI7U;MEMBRE;07/06/2024
139;Brun;Kevin;kevin.brun139@example-gym.fr;$argon2id$v=19$m=8192,t=1,p=1$muL5s/MwBV0Gju9AH1YcgA$WPUdbrys/M/Cu7xp/wVOByT/CvG2H8qex+Mb18TEI7U;MEMBRE;28/07/2026
140;Garnier;Alice;alice.garnier140@example-gym.fr;$argon2id$v=19$m=8192,t=1,p=1$muL5s/MwBV0Gju9AH1YcgA$WPUdbrys/M/Cu7xp/wVOByT/CvG2H8qex+Mb18TEI7U;MEMBRE;19/01/2026
141;Francois;Enzo;enzo.francois141@example-gym.fr;$argon2id$v=19$m=8192,t=1,p=1$muL5s/MwBV0Gju9AH1YcgA$WPUdbrys/M/Cu7xp/wVOByT/CvG2H8qex+Mb18TEI7U;MEMBRE;18/08/2024
142;Petit;Nicolas;nicolas.petit142@example-gym.fr;$argon2id$v=19$m=8192,t=1,p=1$muL5s/MwBV0Gju9AH1YcgA$WPUdbrys/M/Cu7xp/wVOByT/CvG2H8qex+Mb18TEI7U;MEMBRE;23/12/2024
143;Mathieu;Nicolas;nicolas.mathieu143@example-gym.fr;$argon2id$v=19$m=8192,t=1,p=1$muL5s/MwBV0Gju9AH1YcgA$WPUdbrys/M/Cu7xp/wVOByT/CvG2H8qex+Mb18TEI7U;MEMBRE;25/09/2024
144;Gerard;Mathilde;mathilde.gerard144@example-gym.fr;$argon2id$v=19$m=8192,t=1,p=1$muL5s/MwBV0Gju9AH1YcgA$WPUdbrys/M/Cu7xp/wVOByT/CvG2H8qex+Mb18TEI7U;MEMBRE;06/04/2023
145;Masson;Florian;florian.masson145@example-gym.fr;$argon2id$v=19$m=8192,t=1,p=1$muL5s/MwBV0Gju9AH1YcgA$WPUdbrys/M/Cu7xp/wVOByT/CvG2H8qex+Mb18TEI7U;MEMBRE;13/06/2025
146;Lefevre;Quentin;quentin.lefevre146@example-gym.fr;$argon2id$v=19$m=8192,t=1,p=1$muL5s/MwBV0Gju9AH1YcgA$WPUdbrys/M/Cu7xp/wVOByT/CvG2H8qex+Mb18TEI7U;MEMBRE;05/09/2023
147;Marchand;Florian;florian.marchand147@example-gym.fr;$argon2id$v=19$m=8192,t=1,p=1$muL5s/MwBV0Gju9AH1YcgA$WPUdbrys/M/Cu7xp/wVOByT/CvG2H8qex+Mb18TEI7U;MEMBRE;15/03/2025
148;Robert;Antoine;antoine.robert148@example-gym.fr;$argon2id$v=19$m=8192,t=1,p=1$muL5s/MwBV0Gju9AH1YcgA$WPUdbrys/M/Cu7xp/wVOByT/CvG2H8qex+Mb18TEI7U;MEMBRE;22/12/2024
149;Francois;Laura;laura.francois149@example-gym.fr;$argon2id$v=19$m=8192,t=1,p=1$muL5s/MwBV0Gju9AH1YcgA$WPUdbrys/M/Cu7xp/wVOByT/CvG2H8qex+Mb18TEI7U;MEMBRE;11/11/2024
150;Roussel;Kevin;kevin.roussel150@example-gym.fr;$argon2id$v=19$m=8192,t=1,p=1$muL5s/MwBV0Gju9AH1YcgA$WPUdbrys/M/Cu7xp/wVOByT/CvG2H8qex+Mb18TEI7U;MEMBRE;09/01/2026
151;Garnier;Camille;camille.garnier151@example-gym.fr;$argon2id$v=19$m=8192,t=1,p=1$muL5s/MwBV0Gju9AH1YcgA$WPUdbrys/M/Cu7xp/wVOByT/CvG2H8qex+Mb18TEI7U;MEMBRE;19/09/2024
152;Duval;Valentin;valentin.duval152@example-gym.fr;$argon2id$v=19$m=8192,t=1,p=1$muL5s/MwBV0Gju9AH1YcgA$WPUdbrys/M/Cu7xp/wVOByT/CvG2H8qex+Mb18TEI7U;MEMBRE;08/12/2025
153;Denis;Valentin;valentin.denis153@example-gym.fr;$argon2id$v=19$m=8192,t=1,p=1$muL5s/MwBV0Gju9AH1YcgA$WPUdbrys/M/Cu7xp/wVOByT/CvG2H8qex+Mb18TEI7U;MEMBRE;19/10/2023
154;Gauthier;Jade;jade.gauthier154@example-gym.fr;$argon2id$v=19$m=8192,t=1,p=1$muL5s/MwBV0Gju9AH1YcgA$WPUdbrys/M/Cu7xp/wVOByT/CvG2H8qex+Mb18TEI7U;MEMBRE;27/06/2026
155;Marie;Malo;malo.marie155@example-gym.fr;$argon2id$v=19$m=8192,t=1,p=1$muL5s/MwBV0Gju9AH1YcgA$WPUdbrys/M/Cu7xp/wVOByT/CvG2H8qex+Mb18TEI7U;MEMBRE;23/07/2025
156;Denis;Maël;mael.denis156@example-gym.fr;$argon2id$v=19$m=8192,t=1,p=1$muL5s/MwBV0Gju9AH1YcgA$WPUdbrys/M/Cu7xp/wVOByT/CvG2H8qex+Mb18TEI7U;MEMBRE;10/02/2025
157;Bernard;Noah;noah.bernard157@example-gym.fr;$argon2id$v=19$m=8192,t=1,p=1$muL5s/MwBV0Gju9AH1YcgA$WPUdbrys/M/Cu7xp/wVOByT/CvG2H8qex+Mb18TEI7U;MEMBRE;23/04/2023
158;Dupont;Emma;emma.dupont158@example-gym.fr;$argon2id$v=19$m=8192,t=1,p=1$muL5s/MwBV0Gju9AH1YcgA$WPUdbrys/M/Cu7xp/wVOByT/CvG2H8qex+Mb18TEI7U;MEMBRE;31/01/2026
159;Richard;Louise;louise.richard159@example-gym.fr;$argon2id$v=19$m=8192,t=1,p=1$muL5s/MwBV0Gju9AH1YcgA$WPUdbrys/M/Cu7xp/wVOByT/CvG2H8qex+Mb18TEI7U;MEMBRE;28/12/2023
160;Clement;Guillaume;guillaume.clement160@example-gym.fr;$argon2id$v=19$m=8192,t=1,p=1$muL5s/MwBV0Gju9AH1YcgA$WPUdbrys/M/Cu7xp/wVOByT/CvG2H8qex+Mb18TEI7U;MEMBRE;04/01/2025
161;Roux;Nina;nina.roux161@example-gym.fr;$argon2id$v=19$m=8192,t=1,p=1$muL5s/MwBV0Gju9AH1YcgA$WPUdbrys/M/Cu7xp/wVOByT/CvG2H8qex+Mb18TEI7U;MEMBRE;12/03/2024
162;Roche;Julia;julia.roche162@example-gym.fr;$argon2id$v=19$m=8192,t=1,p=1$muL5s/MwBV0Gju9AH1YcgA$WPUdbrys/M/Cu7xp/wVOByT/CvG2H8qex+Mb18TEI7U;MEMBRE;13/04/2026
163;Clement;Jade;jade.clement163@example-gym.fr;$argon2id$v=19$m=8192,t=1,p=1$muL5s/MwBV0Gju9AH1YcgA$WPUdbrys/M/Cu7xp/wVOByT/CvG2H8qex+Mb18TEI7U;MEMBRE;17/10/2024
164;Riviere;Maël;mael.riviere164@example-gym.fr;$argon2id$v=19$m=8192,t=1,p=1$muL5s/MwBV0Gju9AH1YcgA$WPUdbrys/M/Cu7xp/wVOByT/CvG2H8qex+Mb18TEI7U;MEMBRE;22/08/2023
165;Mercier;Mélanie;melanie.mercier165@example-gym.fr;$argon2id$v=19$m=8192,t=1,p=1$muL5s/MwBV0Gju9AH1YcgA$WPUdbrys/M/Cu7xp/wVOByT/CvG2H8qex+Mb18TEI7U;MEMBRE;07/09/2023
166;Giraud;Emma;emma.giraud166@example-gym.fr;$argon2id$v=19$m=8192,t=1,p=1$muL5s/MwBV0Gju9AH1YcgA$WPUdbrys/M/Cu7xp/wVOByT/CvG2H8qex+Mb18TEI7U;MEMBRE;13/07/2025
167;Mathieu;Victor;victor.mathieu167@example-gym.fr;$argon2id$v=19$m=8192,t=1,p=1$muL5s/MwBV0Gju9AH1YcgA$WPUdbrys/M/Cu7xp/wVOByT/CvG2H8qex+Mb18TEI7U;MEMBRE;20/04/2023
168;Henry;Léa;lea.henry168@example-gym.fr;$argon2id$v=19$m=8192,t=1,p=1$muL5s/MwBV0Gju9AH1YcgA$WPUdbrys/M/Cu7xp/wVOByT/CvG2H8qex+Mb18TEI7U;MEMBRE;28/06/2024
169;Nicolas;Amandine;amandine.nicolas169@example-gym.fr;$argon2id$v=19$m=8192,t=1,p=1$muL5s/MwBV0Gju9AH1YcgA$WPUdbrys/M/Cu7xp/wVOByT/CvG2H8qex+Mb18TEI7U;MEMBRE;11/05/2025
170;Duval;Océane;oceane.duval170@example-gym.fr;$argon2id$v=19$m=8192,t=1,p=1$muL5s/MwBV0Gju9AH1YcgA$WPUdbrys/M/Cu7xp/wVOByT/CvG2H8qex+Mb18TEI7U;MEMBRE;21/03/2024
171;Rousseau;Zoé;zoe.rousseau171@example-gym.fr;$argon2id$v=19$m=8192,t=1,p=1$muL5s/MwBV0Gju9AH1YcgA$WPUdbrys/M/Cu7xp/wVOByT/CvG2H8qex+Mb18TEI7U;MEMBRE;08/12/2023
172;Guerin;Jules;jules.guerin172@example-gym.fr;$argon2id$v=19$m=8192,t=1,p=1$muL5s/MwBV0Gju9AH1YcgA$WPUdbrys/M/Cu7xp/wVOByT/CvG2H8qex+Mb18TEI7U;MEMBRE;23/04/2024
173;Dumont;Sophie;sophie.dumont173@example-gym.fr;$argon2id$v=19$m=8192,t=1,p=1$muL5s/MwBV0Gju9AH1YcgA$WPUdbrys/M/Cu7xp/wVOByT/CvG2H8qex+Mb18TEI7U;MEMBRE;29/07/2026
174;Morin;Hugo;hugo.morin174@example-gym.fr;$argon2id$v=19$m=8192,t=1,p=1$muL5s/MwBV0Gju9AH1YcgA$WPUdbrys/M/Cu7xp/wVOByT/CvG2H8qex+Mb18TEI7U;MEMBRE;01/01/2024
175;Gerard;Paul;paul.gerard175@example-gym.fr;$argon2id$v=19$m=8192,t=1,p=1$muL5s/MwBV0Gju9AH1YcgA$WPUdbrys/M/Cu7xp/wVOByT/CvG2H8qex+Mb18TEI7U;MEMBRE;20/05/2023
176;Caron;Tom;tom.caron176@example-gym.fr;$argon2id$v=19$m=8192,t=1,p=1$muL5s/MwBV0Gju9AH1YcgA$WPUdbrys/M/Cu7xp/wVOByT/CvG2H8qex+Mb18TEI7U;MEMBRE;22/07/2023
177;Muller;Jeanne;jeanne.muller177@example-gym.fr;$argon2id$v=19$m=8192,t=1,p=1$muL5s/MwBV0Gju9AH1YcgA$WPUdbrys/M/Cu7xp/wVOByT/CvG2H8qex+Mb18TEI7U;MEMBRE;01/01/2023
178;Vidal;Mathis;mathis.vidal178@example-gym.fr;$argon2id$v=19$m=8192,t=1,p=1$muL5s/MwBV0Gju9AH1YcgA$WPUdbrys/M/Cu7xp/wVOByT/CvG2H8qex+Mb18TEI7U;MEMBRE;27/08/2025
179;Lefevre;Ambre;ambre.lefevre179@example-gym.fr;$argon2id$v=19$m=8192,t=1,p=1$muL5s/MwBV0Gju9AH1YcgA$WPUdbrys/M/Cu7xp/wVOByT/CvG2H8qex+Mb18TEI7U;MEMBRE;10/09/2024
180;Masson;Laura;laura.masson180@example-gym.fr;$argon2id$v=19$m=8192,t=1,p=1$muL5s/MwBV0Gju9AH1YcgA$WPUdbrys/M/Cu7xp/wVOByT/CvG2H8qex+Mb18TEI7U;MEMBRE;17/03/2024
181;Legrand;Malo;malo.legrand181@example-gym.fr;$argon2id$v=19$m=8192,t=1,p=1$muL5s/MwBV0Gju9AH1YcgA$WPUdbrys/M/Cu7xp/wVOByT/CvG2H8qex+Mb18TEI7U;MEMBRE;21/09/2024
182;Martin;Romain;romain.martin182@example-gym.fr;$argon2id$v=19$m=8192,t=1,p=1$muL5s/MwBV0Gju9AH1YcgA$WPUdbrys/M/Cu7xp/wVOByT/CvG2H8qex+Mb18TEI7U;MEMBRE;25/09/2023
183;Bernard;Zoé;zoe.bernard183@example-gym.fr;$argon2id$v=19$m=8192,t=1,p=1$muL5s/MwBV0Gju9AH1YcgA$WPUdbrys/M/Cu7xp/wVOByT/CvG2H8qex+Mb18TEI7U;MEMBRE;06/08/2025
184;Masson;Zoé;zoe.masson184@example-gym.fr;$argon2id$v=19$m=8192,t=1,p=1$muL5s/MwBV0Gju9AH1YcgA$WPUdbrys/M/Cu7xp/wVOByT/CvG2H8qex+Mb18TEI7U;MEMBRE;12/10/2024
185;Girard;Anna;anna.girard185@example-gym.fr;$argon2id$v=19$m=8192,t=1,p=1$muL5s/MwBV0Gju9AH1YcgA$WPUdbrys/M/Cu7xp/wVOByT/CvG2H8qex+Mb18TEI7U;MEMBRE;24/08/2025
186;Duval;Lucas;lucas.duval186@example-gym.fr;$argon2id$v=19$m=8192,t=1,p=1$muL5s/MwBV0Gju9AH1YcgA$WPUdbrys/M/Cu7xp/wVOByT/CvG2H8qex+Mb18TEI7U;MEMBRE;18/01/2026
187;Michel;Raphaël;raphael.michel187@example-gym.fr;$argon2id$v=19$m=8192,t=1,p=1$muL5s/MwBV0Gju9AH1YcgA$WPUdbrys/M/Cu7xp/wVOByT/CvG2H8qex+Mb18TEI7U;MEMBRE;10/02/2023
188;Clement;Paul;paul.clement188@example-gym.fr;$argon2id$v=19$m=8192,t=1,p=1$muL5s/MwBV0Gju9AH1YcgA$WPUdbrys/M/Cu7xp/wVOByT/CvG2H8qex+Mb18TEI7U;MEMBRE;01/12/2023
189;Dufour;Victor;victor.dufour189@example-gym.fr;$argon2id$v=19$m=8192,t=1,p=1$muL5s/MwBV0Gju9AH1YcgA$WPUdbrys/M/Cu7xp/wVOByT/CvG2H8qex+Mb18TEI7U;MEMBRE;03/11/2025
190;Richard;Paul;paul.richard190@example-gym.fr;$argon2id$v=19$m=8192,t=1,p=1$muL5s/MwBV0Gju9AH1YcgA$WPUdbrys/M/Cu7xp/wVOByT/CvG2H8qex+Mb18TEI7U;MEMBRE;20/07/2023
191;Guerin;Guillaume;guillaume.guerin191@example-gym.fr;$argon2id$v=19$m=8192,t=1,p=1$muL5s/MwBV0Gju9AH1YcgA$WPUdbrys/M/Cu7xp/wVOByT/CvG2H8qex+Mb18TEI7U;MEMBRE;25/02/2025
192;Riviere;Jules;jules.riviere192@example-gym.fr;$argon2id$v=19$m=8192,t=1,p=1$muL5s/MwBV0Gju9AH1YcgA$WPUdbrys/M/Cu7xp/wVOByT/CvG2H8qex+Mb18TEI7U;MEMBRE;02/04/2025
193;Roy;Enzo;enzo.roy193@example-gym.fr;$argon2id$v=19$m=8192,t=1,p=1$muL5s/MwBV0Gju9AH1YcgA$WPUdbrys/M/Cu7xp/wVOByT/CvG2H8qex+Mb18TEI7U;MEMBRE;18/08/2024
194;Henry;Alice;alice.henry194@example-gym.fr;$argon2id$v=19$m=8192,t=1,p=1$muL5s/MwBV0Gju9AH1YcgA$WPUdbrys/M/Cu7xp/wVOByT/CvG2H8qex+Mb18TEI7U;MEMBRE;27/03/2023
195;Durand;Romane;romane.durand195@example-gym.fr;$argon2id$v=19$m=8192,t=1,p=1$muL5s/MwBV0Gju9AH1YcgA$WPUdbrys/M/Cu7xp/wVOByT/CvG2H8qex+Mb18TEI7U;MEMBRE;25/07/2024
196;Lemaire;Tom;tom.lemaire196@example-gym.fr;$argon2id$v=19$m=8192,t=1,p=1$muL5s/MwBV0Gju9AH1YcgA$WPUdbrys/M/Cu7xp/wVOByT/CvG2H8qex+Mb18TEI7U;MEMBRE;16/04/2024
197;Blanc;Adrien;adrien.blanc197@example-gym.fr;$argon2id$v=19$m=8192,t=1,p=1$muL5s/MwBV0Gju9AH1YcgA$WPUdbrys/M/Cu7xp/wVOByT/CvG2H8qex+Mb18TEI7U;MEMBRE;05/09/2025
198;Duval;Zoé;zoe.duval198@example-gym.fr;$argon2id$v=19$m=8192,t=1,p=1$muL5s/MwBV0Gju9AH1YcgA$WPUdbrys/M/Cu7xp/wVOByT/CvG2H8qex+Mb18TEI7U;MEMBRE;11/05/2024
199;Durand;Enzo;enzo.durand199@example-gym.fr;$argon2id$v=19$m=8192,t=1,p=1$muL5s/MwBV0Gju9AH1YcgA$WPUdbrys/M/Cu7xp/wVOByT/CvG2H8qex+Mb18TEI7U;MEMBRE;06/10/2023
200;Morin;Victor;victor.morin200@example-gym.fr;$argon2id$v=19$m=8192,t=1,p=1$muL5s/MwBV0Gju9AH1YcgA$WPUdbrys/M/Cu7xp/wVOByT/CvG2H8qex+Mb18TEI7U;MEMBRE;06/01/2025
201;Morin;Agathe;agathe.morin201@example-gym.fr;$argon2id$v=19$m=8192,t=1,p=1$muL5s/MwBV0Gju9AH1YcgA$WPUdbrys/M/Cu7xp/wVOByT/CvG2H8qex+Mb18TEI7U;MEMBRE;16/05/2026
202;Henry;Célia;celia.henry202@example-gym.fr;$argon2id$v=19$m=8192,t=1,p=1$muL5s/MwBV0Gju9AH1YcgA$WPUdbrys/M/Cu7xp/wVOByT/CvG2H8qex+Mb18TEI7U;MEMBRE;21/09/2023
203;Gaillard;Adrien;adrien.gaillard203@example-gym.fr;$argon2id$v=19$m=8192,t=1,p=1$muL5s/MwBV0Gju9AH1YcgA$WPUdbrys/M/Cu7xp/wVOByT/CvG2H8qex+Mb18TEI7U;MEMBRE;28/03/2026
204;Petit;Maxime;maxime.petit204@example-gym.fr;$argon2id$v=19$m=8192,t=1,p=1$muL5s/MwBV0Gju9AH1YcgA$WPUdbrys/M/Cu7xp/wVOByT/CvG2H8qex+Mb18TEI7U;MEMBRE;23/05/2023
205;Joly;Chloé;chloe.joly205@example-gym.fr;$argon2id$v=19$m=8192,t=1,p=1$muL5s/MwBV0Gju9AH1YcgA$WPUdbrys/M/Cu7xp/wVOByT/CvG2H8qex+Mb18TEI7U;MEMBRE;15/01/2026
206;Fontaine;Guillaume;guillaume.fontaine206@example-gym.fr;$argon2id$v=19$m=8192,t=1,p=1$muL5s/MwBV0Gju9AH1YcgA$WPUdbrys/M/Cu7xp/wVOByT/CvG2H8qex+Mb18TEI7U;MEMBRE;22/08/2026
207;Gautier;Florian;florian.gautier207@example-gym.fr;$argon2id$v=19$m=8192,t=1,p=1$muL5s/MwBV0Gju9AH1YcgA$WPUdbrys/M/Cu7xp/wVOByT/CvG2H8qex+Mb18TEI7U;MEMBRE;29/10/2024
208;Marchand;Nina;nina.marchand208@example-gym.fr;$argon2id$v=19$m=8192,t=1,p=1$muL5s/MwBV0Gju9AH1YcgA$WPUdbrys/M/Cu7xp/wVOByT/CvG2H8qex+Mb18TEI7U;MEMBRE;23/08/2026
209;Lefebvre;Jules;jules.lefebvre209@example-gym.fr;$argon2id$v=19$m=8192,t=1,p=1$muL5s/MwBV0Gju9AH1YcgA$WPUdbrys/M/Cu7xp/wVOByT/CvG2H8qex+Mb18TEI7U;MEMBRE;06/03/2025
210;Colin;Raphaël;raphael.colin210@example-gym.fr;$argon2id$v=19$m=8192,t=1,p=1$muL5s/MwBV0Gju9AH1YcgA$WPUdbrys/M/Cu7xp/wVOByT/CvG2H8qex+Mb18TEI7U;MEMBRE;29/05/2025
211;Roux;Camille;camille.roux211@example-gym.fr;$argon2id$v=19$m=8192,t=1,p=1$muL5s/MwBV0Gju9AH1YcgA$WPUdbrys/M/Cu7xp/wVOByT/CvG2H8qex+Mb18TEI7U;MEMBRE;30/10/2025
212;Roy;Anna;anna.roy212@example-gym.fr;$argon2id$v=19$m=8192,t=1,p=1$muL5s/MwBV0Gju9AH1YcgA$WPUdbrys/M/Cu7xp/wVOByT/CvG2H8qex+Mb18TEI7U;MEMBRE;27/11/2025
213;Faure;Adrien;adrien.faure213@example-gym.fr;$argon2id$v=19$m=8192,t=1,p=1$muL5s/MwBV0Gju9AH1YcgA$WPUdbrys/M/Cu7xp/wVOByT/CvG2H8qex+Mb18TEI7U;MEMBRE;15/01/2024
214;Barbier;Lucas;lucas.barbier214@example-gym.fr;$argon2id$v=19$m=8192,t=1,p=1$muL5s/MwBV0Gju9AH1YcgA$WPUdbrys/M/Cu7xp/wVOByT/CvG2H8qex+Mb18TEI7U;MEMBRE;27/11/2024
215;Gerard;Agathe;agathe.gerard215@example-gym.fr;$argon2id$v=19$m=8192,t=1,p=1$muL5s/MwBV0Gju9AH1YcgA$WPUdbrys/M/Cu7xp/wVOByT/CvG2H8qex+Mb18TEI7U;MEMBRE;03/12/2025
216;Lefebvre;Élodie;elodie.lefebvre216@example-gym.fr;$argon2id$v=19$m=8192,t=1,p=1$muL5s/MwBV0Gju9AH1YcgA$WPUdbrys/M/Cu7xp/wVOByT/CvG2H8qex+Mb18TEI7U;MEMBRE;14/11/2024
217;Lucas;Océane;oceane.lucas217@example-gym.fr;$argon2id$v=19$m=8192,t=1,p=1$muL5s/MwBV0Gju9AH1YcgA$WPUdbrys/M/Cu7xp/wVOByT/CvG2H8qex+Mb18TEI7U;MEMBRE;23/10/2025
218;Petit;Marion;marion.petit218@example-gym.fr;$argon2id$v=19$m=8192,t=1,p=1$muL5s/MwBV0Gju9AH1YcgA$WPUdbrys/M/Cu7xp/wVOByT/CvG2H8qex+Mb18TEI7U;MEMBRE;21/07/2025
219;Simon;Thomas;thomas.simon219@example-gym.fr;$argon2id$v=19$m=8192,t=1,p=1$muL5s/MwBV0Gju9AH1YcgA$WPUdbrys/M/Cu7xp/wVOByT/CvG2H8qex+Mb18TEI7U;MEMBRE;05/03/2024
220;Gerard;Lina;lina.gerard220@example-gym.fr;$argon2id$v=19$m=8192,t=1,p=1$muL5s/MwBV0Gju9AH1YcgA$WPUdbrys/M/Cu7xp/wVOByT/CvG2H8qex+Mb18TEI7U;MEMBRE;29/06/2026
221;Morel;Sophie;sophie.morel221@example-gym.fr;$argon2id$v=19$m=8192,t=1,p=1$muL5s/MwBV0Gju9AH1YcgA$WPUdbrys/M/Cu7xp/wVOByT/CvG2H8qex+Mb18TEI7U;MEMBRE;13/03/2026
222;Giraud;Jeanne;jeanne.giraud222@example-gym.fr;$argon2id$v=19$m=8192,t=1,p=1$muL5s/MwBV0Gju9AH1YcgA$WPUdbrys/M/Cu7xp/wVOByT/CvG2H8qex+Mb18TEI7U;MEMBRE;03/06/2026
223;Mercier;Lucie;lucie.mercier223@example-gym.fr;$argon2id$v=19$m=8192,t=1,p=1$muL5s/MwBV0Gju9AH1YcgA$WPUdbrys/M/Cu7xp/wVOByT/CvG2H8qex+Mb18TEI7U;MEMBRE;14/01/2024
224;Gautier;Sacha;sacha.gautier224@example-gym.fr;$argon2id$v=19$m=8192,t=1,p=1$muL5s/MwBV0Gju9AH1YcgA$WPUdbrys/M/Cu7xp/wVOByT/CvG2H8qex+Mb18TEI7U;MEMBRE;27/03/2023
225;Gaillard;Emma;emma.gaillard225@example-gym.fr;$argon2id$v=19$m=8192,t=1,p=1$muL5s/MwBV0Gju9AH1YcgA$WPUdbrys/M/Cu7xp/wVOByT/CvG2H8qex+Mb18TEI7U;MEMBRE;06/12/2023
226;Garnier;Antoine;antoine.garnier226@example-gym.fr;$argon2id$v=19$m=8192,t=1,p=1$muL5s/MwBV0Gju9AH1YcgA$WPUdbrys/M/Cu7xp/wVOByT/CvG2H8qex+Mb18TEI7U;MEMBRE;24/02/2024
227;Gauthier;Bastien;bastien.gauthier227@example-gym.fr;$argon2id$v=19$m=8192,t=1,p=1$muL5s/MwBV0Gju9AH1YcgA$WPUdbrys/M/Cu7xp/wVOByT/CvG2H8qex+Mb18TEI7U;MEMBRE;04/02/2026
228;Vidal;Clara;clara.vidal228@example-gym.fr;$argon2id$v=19$m=8192,t=1,p=1$muL5s/MwBV0Gju9AH1YcgA$WPUdbrys/M/Cu7xp/wVOByT/CvG2H8qex+Mb18TEI7U;MEMBRE;21/09/2023
229;Brun;Florian;florian.brun229@example-gym.fr;$argon2id$v=19$m=8192,t=1,p=1$muL5s/MwBV0Gju9AH1YcgA$WPUdbrys/M/Cu7xp/wVOByT/CvG2H8qex+Mb18TEI7U;MEMBRE;31/07/2025
230;Clement;Romain;romain.clement230@example-gym.fr;$argon2id$v=19$m=8192,t=1,p=1$muL5s/MwBV0Gju9AH1YcgA$WPUdbrys/M/Cu7xp/wVOByT/CvG2H8qex+Mb18TEI7U;MEMBRE;01/03/2023
231;Michel;Paul;paul.michel231@example-gym.fr;$argon2id$v=19$m=8192,t=1,p=1$muL5s/MwBV0Gju9AH1YcgA$WPUdbrys/M/Cu7xp/wVOByT/CvG2H8qex+Mb18TEI7U;MEMBRE;21/03/2023
232;Robert;Anaïs;anais.robert232@example-gym.fr;$argon2id$v=19$m=8192,t=1,p=1$muL5s/MwBV0Gju9AH1YcgA$WPUdbrys/M/Cu7xp/wVOByT/CvG2H8qex+Mb18TEI7U;MEMBRE;21/04/2025
233;Morin;Lucie;lucie.morin233@example-gym.fr;$argon2id$v=19$m=8192,t=1,p=1$muL5s/MwBV0Gju9AH1YcgA$WPUdbrys/M/Cu7xp/wVOByT/CvG2H8qex+Mb18TEI7U;MEMBRE;30/10/2025
234;Perrin;Océane;oceane.perrin234@example-gym.fr;$argon2id$v=19$m=8192,t=1,p=1$muL5s/MwBV0Gju9AH1YcgA$WPUdbrys/M/Cu7xp/wVOByT/CvG2H8qex+Mb18TEI7U;MEMBRE;12/01/2024
235;Schmitt;Jules;jules.schmitt235@example-gym.fr;$argon2id$v=19$m=8192,t=1,p=1$muL5s/MwBV0Gju9AH1YcgA$WPUdbrys/M/Cu7xp/wVOByT/CvG2H8qex+Mb18TEI7U;MEMBRE;11/01/2024
236;Morin;Inès;ines.morin236@example-gym.fr;$argon2id$v=19$m=8192,t=1,p=1$muL5s/MwBV0Gju9AH1YcgA$WPUdbrys/M/Cu7xp/wVOByT/CvG2H8qex+Mb18TEI7U;MEMBRE;20/01/2026
237;Bertrand;Romain;romain.bertrand237@example-gym.fr;$argon2id$v=19$m=8192,t=1,p=1$muL5s/MwBV0Gju9AH1YcgA$WPUdbrys/M/Cu7xp/wVOByT/CvG2H8qex+Mb18TEI7U;MEMBRE;08/03/2025
238;Faure;Pauline;pauline.faure238@example-gym.fr;$argon2id$v=19$m=8192,t=1,p=1$muL5s/MwBV0Gju9AH1YcgA$WPUdbrys/M/Cu7xp/wVOByT/CvG2H8qex+Mb18TEI7U;MEMBRE;12/02/2025
239;Mercier;Mathis;mathis.mercier239@example-gym.fr;$argon2id$v=19$m=8192,t=1,p=1$muL5s/MwBV0Gju9AH1YcgA$WPUdbrys/M/Cu7xp/wVOByT/CvG2H8qex+Mb18TEI7U;MEMBRE;28/01/2024
240;Lemaire;Louise;louise.lemaire240@example-gym.fr;$argon2id$v=19$m=8192,t=1,p=1$muL5s/MwBV0Gju9AH1YcgA$WPUdbrys/M/Cu7xp/wVOByT/CvG2H8qex+Mb18TEI7U;MEMBRE;14/09/2023
241;Barbier;Alexandre;alexandre.barbier241@example-gym.fr;$argon2id$v=19$m=8192,t=1,p=1$muL5s/MwBV0Gju9AH1YcgA$WPUdbrys/M/Cu7xp/wVOByT/CvG2H8qex+Mb18TEI7U;MEMBRE;23/11/2023
242;Duval;Julien;julien.duval242@example-gym.fr;$argon2id$v=19$m=8192,t=1,p=1$muL5s/MwBV0Gju9AH1YcgA$WPUdbrys/M/Cu7xp/wVOByT/CvG2H8qex+Mb18TEI7U;MEMBRE;15/02/2025
243;Lefebvre;Nathan;nathan.lefebvre243@example-gym.fr;$argon2id$v=19$m=8192,t=1,p=1$muL5s/MwBV0Gju9AH1YcgA$WPUdbrys/M/Cu7xp/wVOByT/CvG2H8qex+Mb18TEI7U;MEMBRE;22/12/2024
244;Barbier;Léa;lea.barbier244@example-gym.fr;$argon2id$v=19$m=8192,t=1,p=1$muL5s/MwBV0Gju9AH1YcgA$WPUdbrys/M/Cu7xp/wVOByT/CvG2H8qex+Mb18TEI7U;MEMBRE;29/10/2023
245;Petit;Ambre;ambre.petit245@example-gym.fr;$argon2id$v=19$m=8192,t=1,p=1$muL5s/MwBV0Gju9AH1YcgA$WPUdbrys/M/Cu7xp/wVOByT/CvG2H8qex+Mb18TEI7U;MEMBRE;28/09/2023
246;Morin;Mia;mia.morin246@example-gym.fr;$argon2id$v=19$m=8192,t=1,p=1$muL5s/MwBV0Gju9AH1YcgA$WPUdbrys/M/Cu7xp/wVOByT/CvG2H8qex+Mb18TEI7U;MEMBRE;01/06/2026
247;Giraud;Hugo;hugo.giraud247@example-gym.fr;$argon2id$v=19$m=8192,t=1,p=1$muL5s/MwBV0Gju9AH1YcgA$WPUdbrys/M/Cu7xp/wVOByT/CvG2H8qex+Mb18TEI7U;MEMBRE;12/05/2024
248;Masson;Mathieu;mathieu.masson248@example-gym.fr;$argon2id$v=19$m=8192,t=1,p=1$muL5s/MwBV0Gju9AH1YcgA$WPUdbrys/M/Cu7xp/wVOByT/CvG2H8qex+Mb18TEI7U;MEMBRE;19/07/2024
249;Barbier;Inès;ines.barbier249@example-gym.fr;$argon2id$v=19$m=8192,t=1,p=1$muL5s/MwBV0Gju9AH1YcgA$WPUdbrys/M/Cu7xp/wVOByT/CvG2H8qex+Mb18TEI7U;MEMBRE;12/08/2026
250;Moreau;Ambre;ambre.moreau250@example-gym.fr;$argon2id$v=19$m=8192,t=1,p=1$muL5s/MwBV0Gju9AH1YcgA$WPUdbrys/M/Cu7xp/wVOByT/CvG2H8qex+Mb18TEI7U;MEMBRE;10/08/2023
251;Meyer;Mia;mia.meyer251@example-gym.fr;$argon2id$v=19$m=8192,t=1,p=1$muL5s/MwBV0Gju9AH1YcgA$WPUdbrys/M/Cu7xp/wVOByT/CvG2H8qex+Mb18TEI7U;MEMBRE;30/01/2023
252;Gaillard;Élodie;elodie.gaillard252@example-gym.fr;$argon2id$v=19$m=8192,t=1,p=1$muL5s/MwBV0Gju9AH1YcgA$WPUdbrys/M/Cu7xp/wVOByT/CvG2H8qex+Mb18TEI7U;MEMBRE;13/01/2023
253;Brun;Sarah;sarah.brun253@example-gym.fr;$argon2id$v=19$m=8192,t=1,p=1$muL5s/MwBV0Gju9AH1YcgA$WPUdbrys/M/Cu7xp/wVOByT/CvG2H8qex+Mb18TEI7U;MEMBRE;20/06/2023
254;Lambert;Sarah;sarah.lambert254@example-gym.fr;$argon2id$v=19$m=8192,t=1,p=1$muL5s/MwBV0Gju9AH1YcgA$WPUdbrys/M/Cu7xp/wVOByT/CvG2H8qex+Mb18TEI7U;MEMBRE;15/06/2024
255;Richard;Romain;romain.richard255@example-gym.fr;$argon2id$v=19$m=8192,t=1,p=1$muL5s/MwBV0Gju9AH1YcgA$WPUdbrys/M/Cu7xp/wVOByT/CvG2H8qex+Mb18TEI7U;MEMBRE;19/05/2026
256;Marie;Nathan;nathan.marie256@example-gym.fr;$argon2id$v=19$m=8192,t=1,p=1$muL5s/MwBV0Gju9AH1YcgA$WPUdbrys/M/Cu7xp/wVOByT/CvG2H8qex+Mb18TEI7U;MEMBRE;10/07/2024
257;Henry;Jeanne;jeanne.henry257@example-gym.fr;$argon2id$v=19$m=8192,t=1,p=1$muL5s/MwBV0Gju9AH1YcgA$WPUdbrys/M/Cu7xp/wVOByT/CvG2H8qex+Mb18TEI7U;MEMBRE;16/07/2026
258;Bernard;Laura;laura.bernard258@example-gym.fr;$argon2id$v=19$m=8192,t=1,p=1$muL5s/MwBV0Gju9AH1YcgA$WPUdbrys/M/Cu7xp/wVOByT/CvG2H8qex+Mb18TEI7U;MEMBRE;19/01/2023
259;Dubois;Laura;laura.dubois259@example-gym.fr;$argon2id$v=19$m=8192,t=1,p=1$muL5s/MwBV0Gju9AH1YcgA$WPUdbrys/M/Cu7xp/wVOByT/CvG2H8qex+Mb18TEI7U;MEMBRE;24/08/2024
260;Dupont;Lucie;lucie.dupont260@example-gym.fr;$argon2id$v=19$m=8192,t=1,p=1$muL5s/MwBV0Gju9AH1YcgA$WPUdbrys/M/Cu7xp/wVOByT/CvG2H8qex+Mb18TEI7U;MEMBRE;22/04/2024
261;Perrin;Anaïs;anais.perrin261@example-gym.fr;$argon2id$v=19$m=8192,t=1,p=1$muL5s/MwBV0Gju9AH1YcgA$WPUdbrys/M/Cu7xp/wVOByT/CvG2H8qex+Mb18TEI7U;MEMBRE;16/01/2024
262;Lefevre;Marion;marion.lefevre262@example-gym.fr;$argon2id$v=19$m=8192,t=1,p=1$muL5s/MwBV0Gju9AH1YcgA$WPUdbrys/M/Cu7xp/wVOByT/CvG2H8qex+Mb18TEI7U;MEMBRE;28/02/2024
263;Lefevre;Laura;laura.lefevre263@example-gym.fr;$argon2id$v=19$m=8192,t=1,p=1$muL5s/MwBV0Gju9AH1YcgA$WPUdbrys/M/Cu7xp/wVOByT/CvG2H8qex+Mb18TEI7U;MEMBRE;20/03/2024
264;Lefebvre;Chloé;chloe.lefebvre264@example-gym.fr;$argon2id$v=19$m=8192,t=1,p=1$muL5s/MwBV0Gju9AH1YcgA$WPUdbrys/M/Cu7xp/wVOByT/CvG2H8qex+Mb18TEI7U;MEMBRE;10/01/2024
265;Marchand;Jules;jules.marchand265@example-gym.fr;$argon2id$v=19$m=8192,t=1,p=1$muL5s/MwBV0Gju9AH1YcgA$WPUdbrys/M/Cu7xp/wVOByT/CvG2H8qex+Mb18TEI7U;MEMBRE;20/03/2025
266;Rousseau;Manon;manon.rousseau266@example-gym.fr;$argon2id$v=19$m=8192,t=1,p=1$muL5s/MwBV0Gju9AH1YcgA$WPUdbrys/M/Cu7xp/wVOByT/CvG2H8qex+Mb18TEI7U;MEMBRE;24/06/2025
267;Guerin;Anaïs;anais.guerin267@example-gym.fr;$argon2id$v=19$m=8192,t=1,p=1$muL5s/MwBV0Gju9AH1YcgA$WPUdbrys/M/Cu7xp/wVOByT/CvG2H8qex+Mb18TEI7U;MEMBRE;15/05/2026
268;Robert;Marion;marion.robert268@example-gym.fr;$argon2id$v=19$m=8192,t=1,p=1$muL5s/MwBV0Gju9AH1YcgA$WPUdbrys/M/Cu7xp/wVOByT/CvG2H8qex+Mb18TEI7U;MEMBRE;21/11/2025
269;Boyer;Charlotte;charlotte.boyer269@example-gym.fr;$argon2id$v=19$m=8192,t=1,p=1$muL5s/MwBV0Gju9AH1YcgA$WPUdbrys/M/Cu7xp/wVOByT/CvG2H8qex+Mb18TEI7U;MEMBRE;14/11/2025
270;Francois;Lucas;lucas.francois270@example-gym.fr;$argon2id$v=19$m=8192,t=1,p=1$muL5s/MwBV0Gju9AH1YcgA$WPUdbrys/M/Cu7xp/wVOByT/CvG2H8qex+Mb18TEI7U;MEMBRE;28/04/2025
271;Dupont;Jules;jules.dupont271@example-gym.fr;$argon2id$v=19$m=8192,t=1,p=1$muL5s/MwBV0Gju9AH1YcgA$WPUdbrys/M/Cu7xp/wVOByT/CvG2H8qex+Mb18TEI7U;MEMBRE;17/07/2023
272;Masson;Alice;alice.masson272@example-gym.fr;$argon2id$v=19$m=8192,t=1,p=1$muL5s/MwBV0Gju9AH1YcgA$WPUdbrys/M/Cu7xp/wVOByT/CvG2H8qex+Mb18TEI7U;MEMBRE;23/06/2024
273;Rousseau;Clément;clement.rousseau273@example-gym.fr;$argon2id$v=19$m=8192,t=1,p=1$muL5s/MwBV0Gju9AH1YcgA$WPUdbrys/M/Cu7xp/wVOByT/CvG2H8qex+Mb18TEI7U;MEMBRE;07/11/2023
274;Chevalier;Kevin;kevin.chevalier274@example-gym.fr;$argon2id$v=19$m=8192,t=1,p=1$muL5s/MwBV0Gju9AH1YcgA$WPUdbrys/M/Cu7xp/wVOByT/CvG2H8qex+Mb18TEI7U;MEMBRE;06/01/2026
275;Francois;Romain;romain.francois275@example-gym.fr;$argon2id$v=19$m=8192,t=1,p=1$muL5s/MwBV0Gju9AH1YcgA$WPUdbrys/M/Cu7xp/wVOByT/CvG2H8qex+Mb18TEI7U;MEMBRE;19/12/2023
276;Leroy;Inès;ines.leroy276@example-gym.fr;$argon2id$v=19$m=8192,t=1,p=1$muL5s/MwBV0Gju9AH1YcgA$WPUdbrys/M/Cu7xp/wVOByT/CvG2H8qex+Mb18TEI7U;MEMBRE;02/02/2024
277;Noel;Julien;julien.noel277@example-gym.fr;$argon2id$v=19$m=8192,t=1,p=1$muL5s/MwBV0Gju9AH1YcgA$WPUdbrys/M/Cu7xp/wVOByT/CvG2H8qex+Mb18TEI7U;MEMBRE;27/10/2025
278;Boyer;Sarah;sarah.boyer278@example-gym.fr;$argon2id$v=19$m=8192,t=1,p=1$muL5s/MwBV0Gju9AH1YcgA$WPUdbrys/M/Cu7xp/wVOByT/CvG2H8qex+Mb18TEI7U;MEMBRE;02/11/2024
279;Lambert;Gabriel;gabriel.lambert279@example-gym.fr;$argon2id$v=19$m=8192,t=1,p=1$muL5s/MwBV0Gju9AH1YcgA$WPUdbrys/M/Cu7xp/wVOByT/CvG2H8qex+Mb18TEI7U;MEMBRE;09/08/2024
280;Leroy;Malo;malo.leroy280@example-gym.fr;$argon2id$v=19$m=8192,t=1,p=1$muL5s/MwBV0Gju9AH1YcgA$WPUdbrys/M/Cu7xp/wVOByT/CvG2H8qex+Mb18TEI7U;MEMBRE;02/03/2026
281;Muller;Clara;clara.muller281@example-gym.fr;$argon2id$v=19$m=8192,t=1,p=1$muL5s/MwBV0Gju9AH1YcgA$WPUdbrys/M/Cu7xp/wVOByT/CvG2H8qex+Mb18TEI7U;MEMBRE;10/12/2024
282;Martinez;Charlotte;charlotte.martinez282@example-gym.fr;$argon2id$v=19$m=8192,t=1,p=1$muL5s/MwBV0Gju9AH1YcgA$WPUdbrys/M/Cu7xp/wVOByT/CvG2H8qex+Mb18TEI7U;MEMBRE;23/07/2026
283;Noel;Léo;leo.noel283@example-gym.fr;$argon2id$v=19$m=8192,t=1,p=1$muL5s/MwBV0Gju9AH1YcgA$WPUdbrys/M/Cu7xp/wVOByT/CvG2H8qex+Mb18TEI7U;MEMBRE;10/06/2026
284;Leroy;Kevin;kevin.leroy284@example-gym.fr;$argon2id$v=19$m=8192,t=1,p=1$muL5s/MwBV0Gju9AH1YcgA$WPUdbrys/M/Cu7xp/wVOByT/CvG2H8qex+Mb18TEI7U;MEMBRE;05/02/2024
285;Robert;Maxime;maxime.robert285@example-gym.fr;$argon2id$v=19$m=8192,t=1,p=1$muL5s/MwBV0Gju9AH1YcgA$WPUdbrys/M/Cu7xp/wVOByT/CvG2H8qex+Mb18TEI7U;MEMBRE;17/03/2023
286;Henry;Paul;paul.henry286@example-gym.fr;$argon2id$v=19$m=8192,t=1,p=1$muL5s/MwBV0Gju9AH1YcgA$WPUdbrys/M/Cu7xp/wVOByT/CvG2H8qex+Mb18TEI7U;MEMBRE;26/09/2024
287;Roy;Camille;camille.roy287@example-gym.fr;$argon2id$v=19$m=8192,t=1,p=1$muL5s/MwBV0Gju9AH1YcgA$WPUdbrys/M/Cu7xp/wVOByT/CvG2H8qex+Mb18TEI7U;MEMBRE;23/11/2024
288;Roussel;Malo;malo.roussel288@example-gym.fr;$argon2id$v=19$m=8192,t=1,p=1$muL5s/MwBV0Gju9AH1YcgA$WPUdbrys/M/Cu7xp/wVOByT/CvG2H8qex+Mb18TEI7U;MEMBRE;02/04/2026
289;Lefebvre;Valentin;valentin.lefebvre289@example-gym.fr;$argon2id$v=19$m=8192,t=1,p=1$muL5s/MwBV0Gju9AH1YcgA$WPUdbrys/M/Cu7xp/wVOByT/CvG2H8qex+Mb18TEI7U;MEMBRE;22/03/2025
290;Lemaire;Mia;mia.lemaire290@example-gym.fr;$argon2id$v=19$m=8192,t=1,p=1$muL5s/MwBV0Gju9AH1YcgA$WPUdbrys/M/Cu7xp/wVOByT/CvG2H8qex+Mb18TEI7U;MEMBRE;11/01/2024
291;Morin;Adam;adam.morin291@example-gym.fr;$argon2id$v=19$m=8192,t=1,p=1$muL5s/MwBV0Gju9AH1YcgA$WPUdbrys/M/Cu7xp/wVOByT/CvG2H8qex+Mb18TEI7U;MEMBRE;31/01/2024
292;Joly;Sacha;sacha.joly292@example-gym.fr;$argon2id$v=19$m=8192,t=1,p=1$muL5s/MwBV0Gju9AH1YcgA$WPUdbrys/M/Cu7xp/wVOByT/CvG2H8qex+Mb18TEI7U;MEMBRE;07/05/2025
293;Lemaire;Mathieu;mathieu.lemaire293@example-gym.fr;$argon2id$v=19$m=8192,t=1,p=1$muL5s/MwBV0Gju9AH1YcgA$WPUdbrys/M/Cu7xp/wVOByT/CvG2H8qex+Mb18TEI7U;MEMBRE;18/01/2024
294;Martinez;Anaïs;anais.martinez294@example-gym.fr;$argon2id$v=19$m=8192,t=1,p=1$muL5s/MwBV0Gju9AH1YcgA$WPUdbrys/M/Cu7xp/wVOByT/CvG2H8qex+Mb18TEI7U;MEMBRE;29/01/2025
295;Legrand;Florian;florian.legrand295@example-gym.fr;$argon2id$v=19$m=8192,t=1,p=1$muL5s/MwBV0Gju9AH1YcgA$WPUdbrys/M/Cu7xp/wVOByT/CvG2H8qex+Mb18TEI7U;MEMBRE;11/02/2023
296;Gaillard;Maxime;maxime.gaillard296@example-gym.fr;$argon2id$v=19$m=8192,t=1,p=1$muL5s/MwBV0Gju9AH1YcgA$WPUdbrys/M/Cu7xp/wVOByT/CvG2H8qex+Mb18TEI7U;MEMBRE;19/07/2024
297;Lucas;Clara;clara.lucas297@example-gym.fr;$argon2id$v=19$m=8192,t=1,p=1$muL5s/MwBV0Gju9AH1YcgA$WPUdbrys/M/Cu7xp/wVOByT/CvG2H8qex+Mb18TEI7U;MEMBRE;29/01/2023
298;Fournier;Rose;rose.fournier298@example-gym.fr;$argon2id$v=19$m=8192,t=1,p=1$muL5s/MwBV0Gju9AH1YcgA$WPUdbrys/M/Cu7xp/wVOByT/CvG2H8qex+Mb18TEI7U;MEMBRE;13/04/2025
299;Lefebvre;Enzo;enzo.lefebvre299@example-gym.fr;$argon2id$v=19$m=8192,t=1,p=1$muL5s/MwBV0Gju9AH1YcgA$WPUdbrys/M/Cu7xp/wVOByT/CvG2H8qex+Mb18TEI7U;MEMBRE;10/08/2023
300;Simon;Simon;simon.simon300@example-gym.fr;$argon2id$v=19$m=8192,t=1,p=1$muL5s/MwBV0Gju9AH1YcgA$WPUdbrys/M/Cu7xp/wVOByT/CvG2H8qex+Mb18TEI7U;MEMBRE;09/08/2024
301;Clement;Manon;manon.clement301@example-gym.fr;$argon2id$v=19$m=8192,t=1,p=1$muL5s/MwBV0Gju9AH1YcgA$WPUdbrys/M/Cu7xp/wVOByT/CvG2H8qex+Mb18TEI7U;MEMBRE;12/09/2025
302;Marie;Noah;noah.marie302@example-gym.fr;$argon2id$v=19$m=8192,t=1,p=1$muL5s/MwBV0Gju9AH1YcgA$WPUdbrys/M/Cu7xp/wVOByT/CvG2H8qex+Mb18TEI7U;MEMBRE;21/07/2023
303;Dumont;Hugo;hugo.dumont303@example-gym.fr;$argon2id$v=19$m=8192,t=1,p=1$muL5s/MwBV0Gju9AH1YcgA$WPUdbrys/M/Cu7xp/wVOByT/CvG2H8qex+Mb18TEI7U;MEMBRE;31/01/2025
304;Legrand;Hugo;hugo.legrand304@example-gym.fr;$argon2id$v=19$m=8192,t=1,p=1$muL5s/MwBV0Gju9AH1YcgA$WPUdbrys/M/Cu7xp/wVOByT/CvG2H8qex+Mb18TEI7U;MEMBRE;23/06/2024
305;David;Lucie;lucie.david305@example-gym.fr;$argon2id$v=19$m=8192,t=1,p=1$muL5s/MwBV0Gju9AH1YcgA$WPUdbrys/M/Cu7xp/wVOByT/CvG2H8qex+Mb18TEI7U;MEMBRE;17/09/2023
306;Chevalier;Alice;alice.chevalier306@example-gym.fr;$argon2id$v=19$m=8192,t=1,p=1$muL5s/MwBV0Gju9AH1YcgA$WPUdbrys/M/Cu7xp/wVOByT/CvG2H8qex+Mb18TEI7U;MEMBRE;08/05/2023
307;Brunet;Théo;theo.brunet307@example-gym.fr;$argon2id$v=19$m=8192,t=1,p=1$muL5s/MwBV0Gju9AH1YcgA$WPUdbrys/M/Cu7xp/wVOByT/CvG2H8qex+Mb18TEI7U;MEMBRE;25/01/2023
308;Gaillard;Nathan;nathan.gaillard308@example-gym.fr;$argon2id$v=19$m=8192,t=1,p=1$muL5s/MwBV0Gju9AH1YcgA$WPUdbrys/M/Cu7xp/wVOByT/CvG2H8qex+Mb18TEI7U;MEMBRE;23/04/2023
309;Dubois;Guillaume;guillaume.dubois309@example-gym.fr;$argon2id$v=19$m=8192,t=1,p=1$muL5s/MwBV0Gju9AH1YcgA$WPUdbrys/M/Cu7xp/wVOByT/CvG2H8qex+Mb18TEI7U;MEMBRE;06/07/2026
310;Rousseau;Maxime;maxime.rousseau310@example-gym.fr;$argon2id$v=19$m=8192,t=1,p=1$muL5s/MwBV0Gju9AH1YcgA$WPUdbrys/M/Cu7xp/wVOByT/CvG2H8qex+Mb18TEI7U;MEMBRE;22/08/2026
311;Marchand;Inès;ines.marchand311@example-gym.fr;$argon2id$v=19$m=8192,t=1,p=1$muL5s/MwBV0Gju9AH1YcgA$WPUdbrys/M/Cu7xp/wVOByT/CvG2H8qex+Mb18TEI7U;MEMBRE;27/12/2024
312;Lambert;Léa;lea.lambert312@example-gym.fr;$argon2id$v=19$m=8192,t=1,p=1$muL5s/MwBV0Gju9AH1YcgA$WPUdbrys/M/Cu7xp/wVOByT/CvG2H8qex+Mb18TEI7U;MEMBRE;18/05/2026
313;Giraud;Ambre;ambre.giraud313@example-gym.fr;$argon2id$v=19$m=8192,t=1,p=1$muL5s/MwBV0Gju9AH1YcgA$WPUdbrys/M/Cu7xp/wVOByT/CvG2H8qex+Mb18TEI7U;MEMBRE;04/06/2025
314;Marie;Mathis;mathis.marie314@example-gym.fr;$argon2id$v=19$m=8192,t=1,p=1$muL5s/MwBV0Gju9AH1YcgA$WPUdbrys/M/Cu7xp/wVOByT/CvG2H8qex+Mb18TEI7U;MEMBRE;26/02/2026
315;Dufour;Anaïs;anais.dufour315@example-gym.fr;$argon2id$v=19$m=8192,t=1,p=1$muL5s/MwBV0Gju9AH1YcgA$WPUdbrys/M/Cu7xp/wVOByT/CvG2H8qex+Mb18TEI7U;MEMBRE;15/06/2023
316;Durand;Valentin;valentin.durand316@example-gym.fr;$argon2id$v=19$m=8192,t=1,p=1$muL5s/MwBV0Gju9AH1YcgA$WPUdbrys/M/Cu7xp/wVOByT/CvG2H8qex+Mb18TEI7U;MEMBRE;20/08/2023
317;Dumont;Rose;rose.dumont317@example-gym.fr;$argon2id$v=19$m=8192,t=1,p=1$muL5s/MwBV0Gju9AH1YcgA$WPUdbrys/M/Cu7xp/wVOByT/CvG2H8qex+Mb18TEI7U;MEMBRE;10/05/2024
318;Lemoine;Gabriel;gabriel.lemoine318@example-gym.fr;$argon2id$v=19$m=8192,t=1,p=1$muL5s/MwBV0Gju9AH1YcgA$WPUdbrys/M/Cu7xp/wVOByT/CvG2H8qex+Mb18TEI7U;MEMBRE;03/10/2024
319;Gauthier;Nicolas;nicolas.gauthier319@example-gym.fr;$argon2id$v=19$m=8192,t=1,p=1$muL5s/MwBV0Gju9AH1YcgA$WPUdbrys/M/Cu7xp/wVOByT/CvG2H8qex+Mb18TEI7U;MEMBRE;26/11/2024
320;Martinez;Marion;marion.martinez320@example-gym.fr;$argon2id$v=19$m=8192,t=1,p=1$muL5s/MwBV0Gju9AH1YcgA$WPUdbrys/M/Cu7xp/wVOByT/CvG2H8qex+Mb18TEI7U;MEMBRE;28/01/2024
321;Martinez;Lina;lina.martinez321@example-gym.fr;$argon2id$v=19$m=8192,t=1,p=1$muL5s/MwBV0Gju9AH1YcgA$WPUdbrys/M/Cu7xp/wVOByT/CvG2H8qex+Mb18TEI7U;MEMBRE;23/09/2025
322;Clement;Sarah;sarah.clement322@example-gym.fr;$argon2id$v=19$m=8192,t=1,p=1$muL5s/MwBV0Gju9AH1YcgA$WPUdbrys/M/Cu7xp/wVOByT/CvG2H8qex+Mb18TEI7U;MEMBRE;27/06/2023
323;Lambert;Agathe;agathe.lambert323@example-gym.fr;$argon2id$v=19$m=8192,t=1,p=1$muL5s/MwBV0Gju9AH1YcgA$WPUdbrys/M/Cu7xp/wVOByT/CvG2H8qex+Mb18TEI7U;MEMBRE;28/02/2023
324;Rousseau;Enzo;enzo.rousseau324@example-gym.fr;$argon2id$v=19$m=8192,t=1,p=1$muL5s/MwBV0Gju9AH1YcgA$WPUdbrys/M/Cu7xp/wVOByT/CvG2H8qex+Mb18TEI7U;MEMBRE;25/11/2025
325;Rousseau;Victor;victor.rousseau325@example-gym.fr;$argon2id$v=19$m=8192,t=1,p=1$muL5s/MwBV0Gju9AH1YcgA$WPUdbrys/M/Cu7xp/wVOByT/CvG2H8qex+Mb18TEI7U;MEMBRE;28/08/2023
326;Meyer;Océane;oceane.meyer326@example-gym.fr;$argon2id$v=19$m=8192,t=1,p=1$muL5s/MwBV0Gju9AH1YcgA$WPUdbrys/M/Cu7xp/wVOByT/CvG2H8qex+Mb18TEI7U;MEMBRE;03/05/2025
327;Dupont;Anna;anna.dupont327@example-gym.fr;$argon2id$v=19$m=8192,t=1,p=1$muL5s/MwBV0Gju9AH1YcgA$WPUdbrys/M/Cu7xp/wVOByT/CvG2H8qex+Mb18TEI7U;MEMBRE;24/09/2024
328;Richard;Maxime;maxime.richard328@example-gym.fr;$argon2id$v=19$m=8192,t=1,p=1$muL5s/MwBV0Gju9AH1YcgA$WPUdbrys/M/Cu7xp/wVOByT/CvG2H8qex+Mb18TEI7U;MEMBRE;30/08/2025
329;Giraud;Maël;mael.giraud329@example-gym.fr;$argon2id$v=19$m=8192,t=1,p=1$muL5s/MwBV0Gju9AH1YcgA$WPUdbrys/M/Cu7xp/wVOByT/CvG2H8qex+Mb18TEI7U;MEMBRE;15/08/2023
330;Blanchard;Gabriel;gabriel.blanchard330@example-gym.fr;$argon2id$v=19$m=8192,t=1,p=1$muL5s/MwBV0Gju9AH1YcgA$WPUdbrys/M/Cu7xp/wVOByT/CvG2H8qex+Mb18TEI7U;MEMBRE;01/11/2025
331;Legrand;Noah;noah.legrand331@example-gym.fr;$argon2id$v=19$m=8192,t=1,p=1$muL5s/MwBV0Gju9AH1YcgA$WPUdbrys/M/Cu7xp/wVOByT/CvG2H8qex+Mb18TEI7U;MEMBRE;27/08/2024
332;Dupont;Louise;louise.dupont332@example-gym.fr;$argon2id$v=19$m=8192,t=1,p=1$muL5s/MwBV0Gju9AH1YcgA$WPUdbrys/M/Cu7xp/wVOByT/CvG2H8qex+Mb18TEI7U;MEMBRE;05/09/2023
333;Riviere;Tom;tom.riviere333@example-gym.fr;$argon2id$v=19$m=8192,t=1,p=1$muL5s/MwBV0Gju9AH1YcgA$WPUdbrys/M/Cu7xp/wVOByT/CvG2H8qex+Mb18TEI7U;MEMBRE;28/01/2026
334;Michel;Nina;nina.michel334@example-gym.fr;$argon2id$v=19$m=8192,t=1,p=1$muL5s/MwBV0Gju9AH1YcgA$WPUdbrys/M/Cu7xp/wVOByT/CvG2H8qex+Mb18TEI7U;MEMBRE;11/02/2025
335;Marchand;Chloé;chloe.marchand335@example-gym.fr;$argon2id$v=19$m=8192,t=1,p=1$muL5s/MwBV0Gju9AH1YcgA$WPUdbrys/M/Cu7xp/wVOByT/CvG2H8qex+Mb18TEI7U;MEMBRE;03/02/2024
336;Henry;Lucie;lucie.henry336@example-gym.fr;$argon2id$v=19$m=8192,t=1,p=1$muL5s/MwBV0Gju9AH1YcgA$WPUdbrys/M/Cu7xp/wVOByT/CvG2H8qex+Mb18TEI7U;MEMBRE;14/01/2024
337;Chevalier;Romain;romain.chevalier337@example-gym.fr;$argon2id$v=19$m=8192,t=1,p=1$muL5s/MwBV0Gju9AH1YcgA$WPUdbrys/M/Cu7xp/wVOByT/CvG2H8qex+Mb18TEI7U;MEMBRE;23/11/2023
338;Michel;Tom;tom.michel338@example-gym.fr;$argon2id$v=19$m=8192,t=1,p=1$muL5s/MwBV0Gju9AH1YcgA$WPUdbrys/M/Cu7xp/wVOByT/CvG2H8qex+Mb18TEI7U;MEMBRE;16/05/2024
339;Bonnet;Julia;julia.bonnet339@example-gym.fr;$argon2id$v=19$m=8192,t=1,p=1$muL5s/MwBV0Gju9AH1YcgA$WPUdbrys/M/Cu7xp/wVOByT/CvG2H8qex+Mb18TEI7U;MEMBRE;24/09/2024
340;Blanc;Léo;leo.blanc340@example-gym.fr;$argon2id$v=19$m=8192,t=1,p=1$muL5s/MwBV0Gju9AH1YcgA$WPUdbrys/M/Cu7xp/wVOByT/CvG2H8qex+Mb18TEI7U;MEMBRE;14/08/2023
341;Gautier;Laura;laura.gautier341@example-gym.fr;$argon2id$v=19$m=8192,t=1,p=1$muL5s/MwBV0Gju9AH1YcgA$WPUdbrys/M/Cu7xp/wVOByT/CvG2H8qex+Mb18TEI7U;MEMBRE;16/02/2026
342;Mercier;Jules;jules.mercier342@example-gym.fr;$argon2id$v=19$m=8192,t=1,p=1$muL5s/MwBV0Gju9AH1YcgA$WPUdbrys/M/Cu7xp/wVOByT/CvG2H8qex+Mb18TEI7U;MEMBRE;20/01/2023
343;Fontaine;Thomas;thomas.fontaine343@example-gym.fr;$argon2id$v=19$m=8192,t=1,p=1$muL5s/MwBV0Gju9AH1YcgA$WPUdbrys/M/Cu7xp/wVOByT/CvG2H8qex+Mb18TEI7U;MEMBRE;05/09/2024
344;Boyer;Valentin;valentin.boyer344@example-gym.fr;$argon2id$v=19$m=8192,t=1,p=1$muL5s/MwBV0Gju9AH1YcgA$WPUdbrys/M/Cu7xp/wVOByT/CvG2H8qex+Mb18TEI7U;MEMBRE;17/02/2026
345;Giraud;Noah;noah.giraud345@example-gym.fr;$argon2id$v=19$m=8192,t=1,p=1$muL5s/MwBV0Gju9AH1YcgA$WPUdbrys/M/Cu7xp/wVOByT/CvG2H8qex+Mb18TEI7U;MEMBRE;29/03/2024
346;Laurent;Jeanne;jeanne.laurent346@example-gym.fr;$argon2id$v=19$m=8192,t=1,p=1$muL5s/MwBV0Gju9AH1YcgA$WPUdbrys/M/Cu7xp/wVOByT/CvG2H8qex+Mb18TEI7U;MEMBRE;11/03/2024
347;Caron;Nina;nina.caron347@example-gym.fr;$argon2id$v=19$m=8192,t=1,p=1$muL5s/MwBV0Gju9AH1YcgA$WPUdbrys/M/Cu7xp/wVOByT/CvG2H8qex+Mb18TEI7U;MEMBRE;02/02/2023
348;Thomas;Noah;noah.thomas348@example-gym.fr;$argon2id$v=19$m=8192,t=1,p=1$muL5s/MwBV0Gju9AH1YcgA$WPUdbrys/M/Cu7xp/wVOByT/CvG2H8qex+Mb18TEI7U;MEMBRE;29/10/2025
349;Gautier;Clara;clara.gautier349@example-gym.fr;$argon2id$v=19$m=8192,t=1,p=1$muL5s/MwBV0Gju9AH1YcgA$WPUdbrys/M/Cu7xp/wVOByT/CvG2H8qex+Mb18TEI7U;MEMBRE;11/03/2025
350;Guerin;Noah;noah.guerin350@example-gym.fr;$argon2id$v=19$m=8192,t=1,p=1$muL5s/MwBV0Gju9AH1YcgA$WPUdbrys/M/Cu7xp/wVOByT/CvG2H8qex+Mb18TEI7U;MEMBRE;22/02/2025
351;Lefevre;Charlotte;charlotte.lefevre351@example-gym.fr;$argon2id$v=19$m=8192,t=1,p=1$muL5s/MwBV0Gju9AH1YcgA$WPUdbrys/M/Cu7xp/wVOByT/CvG2H8qex+Mb18TEI7U;MEMBRE;25/05/2023
352;Lefevre;Kevin;kevin.lefevre352@example-gym.fr;$argon2id$v=19$m=8192,t=1,p=1$muL5s/MwBV0Gju9AH1YcgA$WPUdbrys/M/Cu7xp/wVOByT/CvG2H8qex+Mb18TEI7U;MEMBRE;21/03/2023
353;Petit;Clara;clara.petit353@example-gym.fr;$argon2id$v=19$m=8192,t=1,p=1$muL5s/MwBV0Gju9AH1YcgA$WPUdbrys/M/Cu7xp/wVOByT/CvG2H8qex+Mb18TEI7U;MEMBRE;25/03/2025
354;Roux;Charlotte;charlotte.roux354@example-gym.fr;$argon2id$v=19$m=8192,t=1,p=1$muL5s/MwBV0Gju9AH1YcgA$WPUdbrys/M/Cu7xp/wVOByT/CvG2H8qex+Mb18TEI7U;MEMBRE;10/04/2025
355;Clement;Mélanie;melanie.clement355@example-gym.fr;$argon2id$v=19$m=8192,t=1,p=1$muL5s/MwBV0Gju9AH1YcgA$WPUdbrys/M/Cu7xp/wVOByT/CvG2H8qex+Mb18TEI7U;MEMBRE;03/01/2023
356;Lemaire;Julie;julie.lemaire356@example-gym.fr;$argon2id$v=19$m=8192,t=1,p=1$muL5s/MwBV0Gju9AH1YcgA$WPUdbrys/M/Cu7xp/wVOByT/CvG2H8qex+Mb18TEI7U;MEMBRE;27/10/2023
357;Bertrand;Louise;louise.bertrand357@example-gym.fr;$argon2id$v=19$m=8192,t=1,p=1$muL5s/MwBV0Gju9AH1YcgA$WPUdbrys/M/Cu7xp/wVOByT/CvG2H8qex+Mb18TEI7U;MEMBRE;04/06/2025
358;Simon;Clément;clement.simon358@example-gym.fr;$argon2id$v=19$m=8192,t=1,p=1$muL5s/MwBV0Gju9AH1YcgA$WPUdbrys/M/Cu7xp/wVOByT/CvG2H8qex+Mb18TEI7U;MEMBRE;21/11/2023
359;Barbier;Noah;noah.barbier359@example-gym.fr;$argon2id$v=19$m=8192,t=1,p=1$muL5s/MwBV0Gju9AH1YcgA$WPUdbrys/M/Cu7xp/wVOByT/CvG2H8qex+Mb18TEI7U;MEMBRE;05/07/2026
360;Barbier;Mathieu;mathieu.barbier360@example-gym.fr;$argon2id$v=19$m=8192,t=1,p=1$muL5s/MwBV0Gju9AH1YcgA$WPUdbrys/M/Cu7xp/wVOByT/CvG2H8qex+Mb18TEI7U;MEMBRE;11/01/2024
361;Nicolas;Emma;emma.nicolas361@example-gym.fr;$argon2id$v=19$m=8192,t=1,p=1$muL5s/MwBV0Gju9AH1YcgA$WPUdbrys/M/Cu7xp/wVOByT/CvG2H8qex+Mb18TEI7U;MEMBRE;15/02/2024
362;Lefebvre;Alice;alice.lefebvre362@example-gym.fr;$argon2id$v=19$m=8192,t=1,p=1$muL5s/MwBV0Gju9AH1YcgA$WPUdbrys/M/Cu7xp/wVOByT/CvG2H8qex+Mb18TEI7U;MEMBRE;11/08/2024
363;Gerard;Théo;theo.gerard363@example-gym.fr;$argon2id$v=19$m=8192,t=1,p=1$muL5s/MwBV0Gju9AH1YcgA$WPUdbrys/M/Cu7xp/wVOByT/CvG2H8qex+Mb18TEI7U;MEMBRE;01/05/2025
364;Dupont;Pauline;pauline.dupont364@example-gym.fr;$argon2id$v=19$m=8192,t=1,p=1$muL5s/MwBV0Gju9AH1YcgA$WPUdbrys/M/Cu7xp/wVOByT/CvG2H8qex+Mb18TEI7U;MEMBRE;06/03/2026
365;Dufour;Élodie;elodie.dufour365@example-gym.fr;$argon2id$v=19$m=8192,t=1,p=1$muL5s/MwBV0Gju9AH1YcgA$WPUdbrys/M/Cu7xp/wVOByT/CvG2H8qex+Mb18TEI7U;MEMBRE;05/05/2025
366;Robert;Chloé;chloe.robert366@example-gym.fr;$argon2id$v=19$m=8192,t=1,p=1$muL5s/MwBV0Gju9AH1YcgA$WPUdbrys/M/Cu7xp/wVOByT/CvG2H8qex+Mb18TEI7U;MEMBRE;07/12/2025
367;Laurent;Anna;anna.laurent367@example-gym.fr;$argon2id$v=19$m=8192,t=1,p=1$muL5s/MwBV0Gju9AH1YcgA$WPUdbrys/M/Cu7xp/wVOByT/CvG2H8qex+Mb18TEI7U;MEMBRE;08/07/2025
368;David;Julien;julien.david368@example-gym.fr;$argon2id$v=19$m=8192,t=1,p=1$muL5s/MwBV0Gju9AH1YcgA$WPUdbrys/M/Cu7xp/wVOByT/CvG2H8qex+Mb18TEI7U;MEMBRE;13/01/2025
369;Moreau;Mathieu;mathieu.moreau369@example-gym.fr;$argon2id$v=19$m=8192,t=1,p=1$muL5s/MwBV0Gju9AH1YcgA$WPUdbrys/M/Cu7xp/wVOByT/CvG2H8qex+Mb18TEI7U;MEMBRE;12/07/2025
370;Simon;Enzo;enzo.simon370@example-gym.fr;$argon2id$v=19$m=8192,t=1,p=1$muL5s/MwBV0Gju9AH1YcgA$WPUdbrys/M/Cu7xp/wVOByT/CvG2H8qex+Mb18TEI7U;MEMBRE;14/10/2023
371;Bertrand;Bastien;bastien.bertrand371@example-gym.fr;$argon2id$v=19$m=8192,t=1,p=1$muL5s/MwBV0Gju9AH1YcgA$WPUdbrys/M/Cu7xp/wVOByT/CvG2H8qex+Mb18TEI7U;MEMBRE;13/02/2026
372;Martinez;Jules;jules.martinez372@example-gym.fr;$argon2id$v=19$m=8192,t=1,p=1$muL5s/MwBV0Gju9AH1YcgA$WPUdbrys/M/Cu7xp/wVOByT/CvG2H8qex+Mb18TEI7U;MEMBRE;27/05/2026
373;Gauthier;Romane;romane.gauthier373@example-gym.fr;$argon2id$v=19$m=8192,t=1,p=1$muL5s/MwBV0Gju9AH1YcgA$WPUdbrys/M/Cu7xp/wVOByT/CvG2H8qex+Mb18TEI7U;MEMBRE;24/08/2026
374;Marchand;Margaux;margaux.marchand374@example-gym.fr;$argon2id$v=19$m=8192,t=1,p=1$muL5s/MwBV0Gju9AH1YcgA$WPUdbrys/M/Cu7xp/wVOByT/CvG2H8qex+Mb18TEI7U;MEMBRE;31/10/2025
375;Faure;Nicolas;nicolas.faure375@example-gym.fr;$argon2id$v=19$m=8192,t=1,p=1$muL5s/MwBV0Gju9AH1YcgA$WPUdbrys/M/Cu7xp/wVOByT/CvG2H8qex+Mb18TEI7U;MEMBRE;01/10/2023
376;Robert;Enzo;enzo.robert376@example-gym.fr;$argon2id$v=19$m=8192,t=1,p=1$muL5s/MwBV0Gju9AH1YcgA$WPUdbrys/M/Cu7xp/wVOByT/CvG2H8qex+Mb18TEI7U;MEMBRE;01/08/2023
377;Arnaud;Laura;laura.arnaud377@example-gym.fr;$argon2id$v=19$m=8192,t=1,p=1$muL5s/MwBV0Gju9AH1YcgA$WPUdbrys/M/Cu7xp/wVOByT/CvG2H8qex+Mb18TEI7U;MEMBRE;21/08/2023
378;Gauthier;Eva;eva.gauthier378@example-gym.fr;$argon2id$v=19$m=8192,t=1,p=1$muL5s/MwBV0Gju9AH1YcgA$WPUdbrys/M/Cu7xp/wVOByT/CvG2H8qex+Mb18TEI7U;MEMBRE;03/06/2024
379;Perrin;Lina;lina.perrin379@example-gym.fr;$argon2id$v=19$m=8192,t=1,p=1$muL5s/MwBV0Gju9AH1YcgA$WPUdbrys/M/Cu7xp/wVOByT/CvG2H8qex+Mb18TEI7U;MEMBRE;31/08/2025
380;Roy;Marion;marion.roy380@example-gym.fr;$argon2id$v=19$m=8192,t=1,p=1$muL5s/MwBV0Gju9AH1YcgA$WPUdbrys/M/Cu7xp/wVOByT/CvG2H8qex+Mb18TEI7U;MEMBRE;18/06/2025
381;Lefebvre;Sophie;sophie.lefebvre381@example-gym.fr;$argon2id$v=19$m=8192,t=1,p=1$muL5s/MwBV0Gju9AH1YcgA$WPUdbrys/M/Cu7xp/wVOByT/CvG2H8qex+Mb18TEI7U;MEMBRE;10/10/2023
382;Mercier;Amandine;amandine.mercier382@example-gym.fr;$argon2id$v=19$m=8192,t=1,p=1$muL5s/MwBV0Gju9AH1YcgA$WPUdbrys/M/Cu7xp/wVOByT/CvG2H8qex+Mb18TEI7U;MEMBRE;22/02/2024
383;Bonnet;Mathilde;mathilde.bonnet383@example-gym.fr;$argon2id$v=19$m=8192,t=1,p=1$muL5s/MwBV0Gju9AH1YcgA$WPUdbrys/M/Cu7xp/wVOByT/CvG2H8qex+Mb18TEI7U;MEMBRE;11/01/2026
384;Duval;Marion;marion.duval384@example-gym.fr;$argon2id$v=19$m=8192,t=1,p=1$muL5s/MwBV0Gju9AH1YcgA$WPUdbrys/M/Cu7xp/wVOByT/CvG2H8qex+Mb18TEI7U;MEMBRE;17/04/2023
385;Morin;Nina;nina.morin385@example-gym.fr;$argon2id$v=19$m=8192,t=1,p=1$muL5s/MwBV0Gju9AH1YcgA$WPUdbrys/M/Cu7xp/wVOByT/CvG2H8qex+Mb18TEI7U;MEMBRE;02/03/2024
386;Muller;Sophie;sophie.muller386@example-gym.fr;$argon2id$v=19$m=8192,t=1,p=1$muL5s/MwBV0Gju9AH1YcgA$WPUdbrys/M/Cu7xp/wVOByT/CvG2H8qex+Mb18TEI7U;MEMBRE;22/04/2023
387;Noel;Chloé;chloe.noel387@example-gym.fr;$argon2id$v=19$m=8192,t=1,p=1$muL5s/MwBV0Gju9AH1YcgA$WPUdbrys/M/Cu7xp/wVOByT/CvG2H8qex+Mb18TEI7U;MEMBRE;01/01/2024
388;Gautier;Hugo;hugo.gautier388@example-gym.fr;$argon2id$v=19$m=8192,t=1,p=1$muL5s/MwBV0Gju9AH1YcgA$WPUdbrys/M/Cu7xp/wVOByT/CvG2H8qex+Mb18TEI7U;MEMBRE;10/05/2023
389;Vidal;Raphaël;raphael.vidal389@example-gym.fr;$argon2id$v=19$m=8192,t=1,p=1$muL5s/MwBV0Gju9AH1YcgA$WPUdbrys/M/Cu7xp/wVOByT/CvG2H8qex+Mb18TEI7U;MEMBRE;15/05/2023
390;Roche;Benjamin;benjamin.roche390@example-gym.fr;$argon2id$v=19$m=8192,t=1,p=1$muL5s/MwBV0Gju9AH1YcgA$WPUdbrys/M/Cu7xp/wVOByT/CvG2H8qex+Mb18TEI7U;MEMBRE;06/03/2026
391;Roche;Paul;paul.roche391@example-gym.fr;$argon2id$v=19$m=8192,t=1,p=1$muL5s/MwBV0Gju9AH1YcgA$WPUdbrys/M/Cu7xp/wVOByT/CvG2H8qex+Mb18TEI7U;MEMBRE;19/02/2026
392;Colin;Inès;ines.colin392@example-gym.fr;$argon2id$v=19$m=8192,t=1,p=1$muL5s/MwBV0Gju9AH1YcgA$WPUdbrys/M/Cu7xp/wVOByT/CvG2H8qex+Mb18TEI7U;MEMBRE;24/11/2023
393;Lefevre;Louis;louis.lefevre393@example-gym.fr;$argon2id$v=19$m=8192,t=1,p=1$muL5s/MwBV0Gju9AH1YcgA$WPUdbrys/M/Cu7xp/wVOByT/CvG2H8qex+Mb18TEI7U;MEMBRE;24/09/2025
394;Lemoine;Louise;louise.lemoine394@example-gym.fr;$argon2id$v=19$m=8192,t=1,p=1$muL5s/MwBV0Gju9AH1YcgA$WPUdbrys/M/Cu7xp/wVOByT/CvG2H8qex+Mb18TEI7U;MEMBRE;16/04/2024
395;Legrand;Élodie;elodie.legrand395@example-gym.fr;$argon2id$v=19$m=8192,t=1,p=1$muL5s/MwBV0Gju9AH1YcgA$WPUdbrys/M/Cu7xp/wVOByT/CvG2H8qex+Mb18TEI7U;MEMBRE;03/03/2025
396;Lambert;Kevin;kevin.lambert396@example-gym.fr;$argon2id$v=19$m=8192,t=1,p=1$muL5s/MwBV0Gju9AH1YcgA$WPUdbrys/M/Cu7xp/wVOByT/CvG2H8qex+Mb18TEI7U;MEMBRE;01/08/2024
397;Bertrand;Maxime;maxime.bertrand397@example-gym.fr;$argon2id$v=19$m=8192,t=1,p=1$muL5s/MwBV0Gju9AH1YcgA$WPUdbrys/M/Cu7xp/wVOByT/CvG2H8qex+Mb18TEI7U;MEMBRE;12/11/2025
398;Arnaud;Eva;eva.arnaud398@example-gym.fr;$argon2id$v=19$m=8192,t=1,p=1$muL5s/MwBV0Gju9AH1YcgA$WPUdbrys/M/Cu7xp/wVOByT/CvG2H8qex+Mb18TEI7U;MEMBRE;14/05/2024
399;Boyer;Antoine;antoine.boyer399@example-gym.fr;$argon2id$v=19$m=8192,t=1,p=1$muL5s/MwBV0Gju9AH1YcgA$WPUdbrys/M/Cu7xp/wVOByT/CvG2H8qex+Mb18TEI7U;MEMBRE;30/01/2023
400;Guerin;Amandine;amandine.guerin400@example-gym.fr;$argon2id$v=19$m=8192,t=1,p=1$muL5s/MwBV0Gju9AH1YcgA$WPUdbrys/M/Cu7xp/wVOByT/CvG2H8qex+Mb18TEI7U;MEMBRE;02/03/2023
401;Durand;Mélanie;melanie.durand401@example-gym.fr;$argon2id$v=19$m=8192,t=1,p=1$muL5s/MwBV0Gju9AH1YcgA$WPUdbrys/M/Cu7xp/wVOByT/CvG2H8qex+Mb18TEI7U;MEMBRE;12/04/2023
402;Marie;Louis;louis.marie402@example-gym.fr;$argon2id$v=19$m=8192,t=1,p=1$muL5s/MwBV0Gju9AH1YcgA$WPUdbrys/M/Cu7xp/wVOByT/CvG2H8qex+Mb18TEI7U;MEMBRE;25/03/2025
403;Brun;Adam;adam.brun403@example-gym.fr;$argon2id$v=19$m=8192,t=1,p=1$muL5s/MwBV0Gju9AH1YcgA$WPUdbrys/M/Cu7xp/wVOByT/CvG2H8qex+Mb18TEI7U;MEMBRE;03/07/2024
404;Meunier;Célia;celia.meunier404@example-gym.fr;$argon2id$v=19$m=8192,t=1,p=1$muL5s/MwBV0Gju9AH1YcgA$WPUdbrys/M/Cu7xp/wVOByT/CvG2H8qex+Mb18TEI7U;MEMBRE;28/07/2023
405;Marie;Ambre;ambre.marie405@example-gym.fr;$argon2id$v=19$m=8192,t=1,p=1$muL5s/MwBV0Gju9AH1YcgA$WPUdbrys/M/Cu7xp/wVOByT/CvG2H8qex+Mb18TEI7U;MEMBRE;12/06/2025
406;Meyer;Sarah;sarah.meyer406@example-gym.fr;$argon2id$v=19$m=8192,t=1,p=1$muL5s/MwBV0Gju9AH1YcgA$WPUdbrys/M/Cu7xp/wVOByT/CvG2H8qex+Mb18TEI7U;MEMBRE;12/03/2026
407;Henry;Jeanne;jeanne.henry407@example-gym.fr;$argon2id$v=19$m=8192,t=1,p=1$muL5s/MwBV0Gju9AH1YcgA$WPUdbrys/M/Cu7xp/wVOByT/CvG2H8qex+Mb18TEI7U;MEMBRE;07/02/2026
408;Bernard;Chloé;chloe.bernard408@example-gym.fr;$argon2id$v=19$m=8192,t=1,p=1$muL5s/MwBV0Gju9AH1YcgA$WPUdbrys/M/Cu7xp/wVOByT/CvG2H8qex+Mb18TEI7U;MEMBRE;27/12/2025
409;Robin;Mélanie;melanie.robin409@example-gym.fr;$argon2id$v=19$m=8192,t=1,p=1$muL5s/MwBV0Gju9AH1YcgA$WPUdbrys/M/Cu7xp/wVOByT/CvG2H8qex+Mb18TEI7U;MEMBRE;23/10/2024
410;Meunier;Kevin;kevin.meunier410@example-gym.fr;$argon2id$v=19$m=8192,t=1,p=1$muL5s/MwBV0Gju9AH1YcgA$WPUdbrys/M/Cu7xp/wVOByT/CvG2H8qex+Mb18TEI7U;MEMBRE;02/09/2025
411;Fournier;Julia;julia.fournier411@example-gym.fr;$argon2id$v=19$m=8192,t=1,p=1$muL5s/MwBV0Gju9AH1YcgA$WPUdbrys/M/Cu7xp/wVOByT/CvG2H8qex+Mb18TEI7U;MEMBRE;12/04/2023
412;Moreau;Nina;nina.moreau412@example-gym.fr;$argon2id$v=19$m=8192,t=1,p=1$muL5s/MwBV0Gju9AH1YcgA$WPUdbrys/M/Cu7xp/wVOByT/CvG2H8qex+Mb18TEI7U;MEMBRE;11/06/2025
413;Robin;Romane;romane.robin413@example-gym.fr;$argon2id$v=19$m=8192,t=1,p=1$muL5s/MwBV0Gju9AH1YcgA$WPUdbrys/M/Cu7xp/wVOByT/CvG2H8qex+Mb18TEI7U;MEMBRE;24/01/2026
414;Barbier;Agathe;agathe.barbier414@example-gym.fr;$argon2id$v=19$m=8192,t=1,p=1$muL5s/MwBV0Gju9AH1YcgA$WPUdbrys/M/Cu7xp/wVOByT/CvG2H8qex+Mb18TEI7U;MEMBRE;23/08/2024
415;Arnaud;Léo;leo.arnaud415@example-gym.fr;$argon2id$v=19$m=8192,t=1,p=1$muL5s/MwBV0Gju9AH1YcgA$WPUdbrys/M/Cu7xp/wVOByT/CvG2H8qex+Mb18TEI7U;MEMBRE;19/04/2025
416;Marchand;Océane;oceane.marchand416@example-gym.fr;$argon2id$v=19$m=8192,t=1,p=1$muL5s/MwBV0Gju9AH1YcgA$WPUdbrys/M/Cu7xp/wVOByT/CvG2H8qex+Mb18TEI7U;MEMBRE;17/02/2026
417;Richard;Zoé;zoe.richard417@example-gym.fr;$argon2id$v=19$m=8192,t=1,p=1$muL5s/MwBV0Gju9AH1YcgA$WPUdbrys/M/Cu7xp/wVOByT/CvG2H8qex+Mb18TEI7U;MEMBRE;23/02/2026
418;Blanc;Anna;anna.blanc418@example-gym.fr;$argon2id$v=19$m=8192,t=1,p=1$muL5s/MwBV0Gju9AH1YcgA$WPUdbrys/M/Cu7xp/wVOByT/CvG2H8qex+Mb18TEI7U;MEMBRE;31/01/2025
419;Roy;Mathis;mathis.roy419@example-gym.fr;$argon2id$v=19$m=8192,t=1,p=1$muL5s/MwBV0Gju9AH1YcgA$WPUdbrys/M/Cu7xp/wVOByT/CvG2H8qex+Mb18TEI7U;MEMBRE;01/09/2024
420;Lambert;Simon;simon.lambert420@example-gym.fr;$argon2id$v=19$m=8192,t=1,p=1$muL5s/MwBV0Gju9AH1YcgA$WPUdbrys/M/Cu7xp/wVOByT/CvG2H8qex+Mb18TEI7U;MEMBRE;18/09/2023
421;Petit;Léa;lea.petit421@example-gym.fr;$argon2id$v=19$m=8192,t=1,p=1$muL5s/MwBV0Gju9AH1YcgA$WPUdbrys/M/Cu7xp/wVOByT/CvG2H8qex+Mb18TEI7U;MEMBRE;18/08/2026
422;Moreau;Jeanne;jeanne.moreau422@example-gym.fr;$argon2id$v=19$m=8192,t=1,p=1$muL5s/MwBV0Gju9AH1YcgA$WPUdbrys/M/Cu7xp/wVOByT/CvG2H8qex+Mb18TEI7U;MEMBRE;13/05/2023
423;Roy;Charlotte;charlotte.roy423@example-gym.fr;$argon2id$v=19$m=8192,t=1,p=1$muL5s/MwBV0Gju9AH1YcgA$WPUdbrys/M/Cu7xp/wVOByT/CvG2H8qex+Mb18TEI7U;MEMBRE;08/06/2024
424;Gerard;Malo;malo.gerard424@example-gym.fr;$argon2id$v=19$m=8192,t=1,p=1$muL5s/MwBV0Gju9AH1YcgA$WPUdbrys/M/Cu7xp/wVOByT/CvG2H8qex+Mb18TEI7U;MEMBRE;06/11/2023
425;Caron;Manon;manon.caron425@example-gym.fr;$argon2id$v=19$m=8192,t=1,p=1$muL5s/MwBV0Gju9AH1YcgA$WPUdbrys/M/Cu7xp/wVOByT/CvG2H8qex+Mb18TEI7U;MEMBRE;02/10/2025
426;Leroy;Amandine;amandine.leroy426@example-gym.fr;$argon2id$v=19$m=8192,t=1,p=1$muL5s/MwBV0Gju9AH1YcgA$WPUdbrys/M/Cu7xp/wVOByT/CvG2H8qex+Mb18TEI7U;MEMBRE;04/03/2025
427;Gerard;Benjamin;benjamin.gerard427@example-gym.fr;$argon2id$v=19$m=8192,t=1,p=1$muL5s/MwBV0Gju9AH1YcgA$WPUdbrys/M/Cu7xp/wVOByT/CvG2H8qex+Mb18TEI7U;MEMBRE;21/04/2026
428;Guerin;Mia;mia.guerin428@example-gym.fr;$argon2id$v=19$m=8192,t=1,p=1$muL5s/MwBV0Gju9AH1YcgA$WPUdbrys/M/Cu7xp/wVOByT/CvG2H8qex+Mb18TEI7U;MEMBRE;05/05/2025
429;Guerin;Kevin;kevin.guerin429@example-gym.fr;$argon2id$v=19$m=8192,t=1,p=1$muL5s/MwBV0Gju9AH1YcgA$WPUdbrys/M/Cu7xp/wVOByT/CvG2H8qex+Mb18TEI7U;MEMBRE;09/07/2024
430;Brun;Anaïs;anais.brun430@example-gym.fr;$argon2id$v=19$m=8192,t=1,p=1$muL5s/MwBV0Gju9AH1YcgA$WPUdbrys/M/Cu7xp/wVOByT/CvG2H8qex+Mb18TEI7U;MEMBRE;11/09/2024
431;Clement;Sacha;sacha.clement431@example-gym.fr;$argon2id$v=19$m=8192,t=1,p=1$muL5s/MwBV0Gju9AH1YcgA$WPUdbrys/M/Cu7xp/wVOByT/CvG2H8qex+Mb18TEI7U;MEMBRE;14/05/2023
432;Lemaire;Adrien;adrien.lemaire432@example-gym.fr;$argon2id$v=19$m=8192,t=1,p=1$muL5s/MwBV0Gju9AH1YcgA$WPUdbrys/M/Cu7xp/wVOByT/CvG2H8qex+Mb18TEI7U;MEMBRE;21/11/2023
433;Dufour;Maël;mael.dufour433@example-gym.fr;$argon2id$v=19$m=8192,t=1,p=1$muL5s/MwBV0Gju9AH1YcgA$WPUdbrys/M/Cu7xp/wVOByT/CvG2H8qex+Mb18TEI7U;MEMBRE;21/03/2023
434;Roy;Mia;mia.roy434@example-gym.fr;$argon2id$v=19$m=8192,t=1,p=1$muL5s/MwBV0Gju9AH1YcgA$WPUdbrys/M/Cu7xp/wVOByT/CvG2H8qex+Mb18TEI7U;MEMBRE;11/08/2026
435;Roy;Pauline;pauline.roy435@example-gym.fr;$argon2id$v=19$m=8192,t=1,p=1$muL5s/MwBV0Gju9AH1YcgA$WPUdbrys/M/Cu7xp/wVOByT/CvG2H8qex+Mb18TEI7U;MEMBRE;10/06/2026
436;Laurent;Bastien;bastien.laurent436@example-gym.fr;$argon2id$v=19$m=8192,t=1,p=1$muL5s/MwBV0Gju9AH1YcgA$WPUdbrys/M/Cu7xp/wVOByT/CvG2H8qex+Mb18TEI7U;MEMBRE;06/08/2026
437;Roche;Eva;eva.roche437@example-gym.fr;$argon2id$v=19$m=8192,t=1,p=1$muL5s/MwBV0Gju9AH1YcgA$WPUdbrys/M/Cu7xp/wVOByT/CvG2H8qex+Mb18TEI7U;MEMBRE;16/05/2023
438;Dumont;Célia;celia.dumont438@example-gym.fr;$argon2id$v=19$m=8192,t=1,p=1$muL5s/MwBV0Gju9AH1YcgA$WPUdbrys/M/Cu7xp/wVOByT/CvG2H8qex+Mb18TEI7U;MEMBRE;02/04/2024
439;Renard;Mélanie;melanie.renard439@example-gym.fr;$argon2id$v=19$m=8192,t=1,p=1$muL5s/MwBV0Gju9AH1YcgA$WPUdbrys/M/Cu7xp/wVOByT/CvG2H8qex+Mb18TEI7U;MEMBRE;07/01/2025
440;Roy;Clara;clara.roy440@example-gym.fr;$argon2id$v=19$m=8192,t=1,p=1$muL5s/MwBV0Gju9AH1YcgA$WPUdbrys/M/Cu7xp/wVOByT/CvG2H8qex+Mb18TEI7U;MEMBRE;10/02/2025
441;Dufour;Tom;tom.dufour441@example-gym.fr;$argon2id$v=19$m=8192,t=1,p=1$muL5s/MwBV0Gju9AH1YcgA$WPUdbrys/M/Cu7xp/wVOByT/CvG2H8qex+Mb18TEI7U;MEMBRE;15/10/2025
442;Meyer;Mélanie;melanie.meyer442@example-gym.fr;$argon2id$v=19$m=8192,t=1,p=1$muL5s/MwBV0Gju9AH1YcgA$WPUdbrys/M/Cu7xp/wVOByT/CvG2H8qex+Mb18TEI7U;MEMBRE;12/03/2025
443;Perrin;Ethan;ethan.perrin443@example-gym.fr;$argon2id$v=19$m=8192,t=1,p=1$muL5s/MwBV0Gju9AH1YcgA$WPUdbrys/M/Cu7xp/wVOByT/CvG2H8qex+Mb18TEI7U;MEMBRE;08/04/2026
444;Bertrand;Lucas;lucas.bertrand444@example-gym.fr;$argon2id$v=19$m=8192,t=1,p=1$muL5s/MwBV0Gju9AH1YcgA$WPUdbrys/M/Cu7xp/wVOByT/CvG2H8qex+Mb18TEI7U;MEMBRE;06/02/2026
445;Chevalier;Ethan;ethan.chevalier445@example-gym.fr;$argon2id$v=19$m=8192,t=1,p=1$muL5s/MwBV0Gju9AH1YcgA$WPUdbrys/M/Cu7xp/wVOByT/CvG2H8qex+Mb18TEI7U;MEMBRE;19/10/2025
446;Lefebvre;Bastien;bastien.lefebvre446@example-gym.fr;$argon2id$v=19$m=8192,t=1,p=1$muL5s/MwBV0Gju9AH1YcgA$WPUdbrys/M/Cu7xp/wVOByT/CvG2H8qex+Mb18TEI7U;MEMBRE;19/12/2024
447;Mathieu;Antoine;antoine.mathieu447@example-gym.fr;$argon2id$v=19$m=8192,t=1,p=1$muL5s/MwBV0Gju9AH1YcgA$WPUdbrys/M/Cu7xp/wVOByT/CvG2H8qex+Mb18TEI7U;MEMBRE;31/03/2025
448;Lefebvre;Léa;lea.lefebvre448@example-gym.fr;$argon2id$v=19$m=8192,t=1,p=1$muL5s/MwBV0Gju9AH1YcgA$WPUdbrys/M/Cu7xp/wVOByT/CvG2H8qex+Mb18TEI7U;MEMBRE;01/09/2024
449;Bernard;Océane;oceane.bernard449@example-gym.fr;$argon2id$v=19$m=8192,t=1,p=1$muL5s/MwBV0Gju9AH1YcgA$WPUdbrys/M/Cu7xp/wVOByT/CvG2H8qex+Mb18TEI7U;MEMBRE;20/01/2025
450;Rousseau;Inès;ines.rousseau450@example-gym.fr;$argon2id$v=19$m=8192,t=1,p=1$muL5s/MwBV0Gju9AH1YcgA$WPUdbrys/M/Cu7xp/wVOByT/CvG2H8qex+Mb18TEI7U;MEMBRE;19/07/2024
451;Lefebvre;Romane;romane.lefebvre451@example-gym.fr;$argon2id$v=19$m=8192,t=1,p=1$muL5s/MwBV0Gju9AH1YcgA$WPUdbrys/M/Cu7xp/wVOByT/CvG2H8qex+Mb18TEI7U;MEMBRE;28/10/2024
452;Guerin;Sacha;sacha.guerin452@example-gym.fr;$argon2id$v=19$m=8192,t=1,p=1$muL5s/MwBV0Gju9AH1YcgA$WPUdbrys/M/Cu7xp/wVOByT/CvG2H8qex+Mb18TEI7U;MEMBRE;21/05/2025
453;Dumont;Jeanne;jeanne.dumont453@example-gym.fr;$argon2id$v=19$m=8192,t=1,p=1$muL5s/MwBV0Gju9AH1YcgA$WPUdbrys/M/Cu7xp/wVOByT/CvG2H8qex+Mb18TEI7U;MEMBRE;11/02/2025
454;Roy;Victor;victor.roy454@example-gym.fr;$argon2id$v=19$m=8192,t=1,p=1$muL5s/MwBV0Gju9AH1YcgA$WPUdbrys/M/Cu7xp/wVOByT/CvG2H8qex+Mb18TEI7U;MEMBRE;21/01/2024
455;Francois;Antoine;antoine.francois455@example-gym.fr;$argon2id$v=19$m=8192,t=1,p=1$muL5s/MwBV0Gju9AH1YcgA$WPUdbrys/M/Cu7xp/wVOByT/CvG2H8qex+Mb18TEI7U;MEMBRE;13/05/2023
456;Laurent;Maël;mael.laurent456@example-gym.fr;$argon2id$v=19$m=8192,t=1,p=1$muL5s/MwBV0Gju9AH1YcgA$WPUdbrys/M/Cu7xp/wVOByT/CvG2H8qex+Mb18TEI7U;MEMBRE;02/05/2026
457;Giraud;Léo;leo.giraud457@example-gym.fr;$argon2id$v=19$m=8192,t=1,p=1$muL5s/MwBV0Gju9AH1YcgA$WPUdbrys/M/Cu7xp/wVOByT/CvG2H8qex+Mb18TEI7U;MEMBRE;03/11/2025
458;Michel;Raphaël;raphael.michel458@example-gym.fr;$argon2id$v=19$m=8192,t=1,p=1$muL5s/MwBV0Gju9AH1YcgA$WPUdbrys/M/Cu7xp/wVOByT/CvG2H8qex+Mb18TEI7U;MEMBRE;21/12/2023
459;Thomas;Adrien;adrien.thomas459@example-gym.fr;$argon2id$v=19$m=8192,t=1,p=1$muL5s/MwBV0Gju9AH1YcgA$WPUdbrys/M/Cu7xp/wVOByT/CvG2H8qex+Mb18TEI7U;MEMBRE;20/06/2024
460;Fontaine;Marion;marion.fontaine460@example-gym.fr;$argon2id$v=19$m=8192,t=1,p=1$muL5s/MwBV0Gju9AH1YcgA$WPUdbrys/M/Cu7xp/wVOByT/CvG2H8qex+Mb18TEI7U;MEMBRE;29/07/2023
461;Riviere;Lina;lina.riviere461@example-gym.fr;$argon2id$v=19$m=8192,t=1,p=1$muL5s/MwBV0Gju9AH1YcgA$WPUdbrys/M/Cu7xp/wVOByT/CvG2H8qex+Mb18TEI7U;MEMBRE;19/05/2025
462;Martin;Maxime;maxime.martin462@example-gym.fr;$argon2id$v=19$m=8192,t=1,p=1$muL5s/MwBV0Gju9AH1YcgA$WPUdbrys/M/Cu7xp/wVOByT/CvG2H8qex+Mb18TEI7U;MEMBRE;15/06/2026
463;Brunet;Inès;ines.brunet463@example-gym.fr;$argon2id$v=19$m=8192,t=1,p=1$muL5s/MwBV0Gju9AH1YcgA$WPUdbrys/M/Cu7xp/wVOByT/CvG2H8qex+Mb18TEI7U;MEMBRE;11/07/2025
464;Brun;Célia;celia.brun464@example-gym.fr;$argon2id$v=19$m=8192,t=1,p=1$muL5s/MwBV0Gju9AH1YcgA$WPUdbrys/M/Cu7xp/wVOByT/CvG2H8qex+Mb18TEI7U;MEMBRE;23/02/2024
465;Brun;Noah;noah.brun465@example-gym.fr;$argon2id$v=19$m=8192,t=1,p=1$muL5s/MwBV0Gju9AH1YcgA$WPUdbrys/M/Cu7xp/wVOByT/CvG2H8qex+Mb18TEI7U;MEMBRE;11/02/2024
466;Michel;Victor;victor.michel466@example-gym.fr;$argon2id$v=19$m=8192,t=1,p=1$muL5s/MwBV0Gju9AH1YcgA$WPUdbrys/M/Cu7xp/wVOByT/CvG2H8qex+Mb18TEI7U;MEMBRE;09/09/2025
467;Renard;Alice;alice.renard467@example-gym.fr;$argon2id$v=19$m=8192,t=1,p=1$muL5s/MwBV0Gju9AH1YcgA$WPUdbrys/M/Cu7xp/wVOByT/CvG2H8qex+Mb18TEI7U;MEMBRE;15/01/2023
468;Lemaire;Ambre;ambre.lemaire468@example-gym.fr;$argon2id$v=19$m=8192,t=1,p=1$muL5s/MwBV0Gju9AH1YcgA$WPUdbrys/M/Cu7xp/wVOByT/CvG2H8qex+Mb18TEI7U;MEMBRE;18/10/2023
469;Dufour;Hugo;hugo.dufour469@example-gym.fr;$argon2id$v=19$m=8192,t=1,p=1$muL5s/MwBV0Gju9AH1YcgA$WPUdbrys/M/Cu7xp/wVOByT/CvG2H8qex+Mb18TEI7U;MEMBRE;13/05/2024
470;Dupont;Anaïs;anais.dupont470@example-gym.fr;$argon2id$v=19$m=8192,t=1,p=1$muL5s/MwBV0Gju9AH1YcgA$WPUdbrys/M/Cu7xp/wVOByT/CvG2H8qex+Mb18TEI7U;MEMBRE;22/05/2026
471;Gautier;Nina;nina.gautier471@example-gym.fr;$argon2id$v=19$m=8192,t=1,p=1$muL5s/MwBV0Gju9AH1YcgA$WPUdbrys/M/Cu7xp/wVOByT/CvG2H8qex+Mb18TEI7U;MEMBRE;22/11/2023
472;Masson;Hugo;hugo.masson472@example-gym.fr;$argon2id$v=19$m=8192,t=1,p=1$muL5s/MwBV0Gju9AH1YcgA$WPUdbrys/M/Cu7xp/wVOByT/CvG2H8qex+Mb18TEI7U;MEMBRE;20/10/2023
473;Meyer;Ambre;ambre.meyer473@example-gym.fr;$argon2id$v=19$m=8192,t=1,p=1$muL5s/MwBV0Gju9AH1YcgA$WPUdbrys/M/Cu7xp/wVOByT/CvG2H8qex+Mb18TEI7U;MEMBRE;26/03/2026
474;Schmitt;Mathieu;mathieu.schmitt474@example-gym.fr;$argon2id$v=19$m=8192,t=1,p=1$muL5s/MwBV0Gju9AH1YcgA$WPUdbrys/M/Cu7xp/wVOByT/CvG2H8qex+Mb18TEI7U;MEMBRE;28/12/2024
475;Boyer;Margaux;margaux.boyer475@example-gym.fr;$argon2id$v=19$m=8192,t=1,p=1$muL5s/MwBV0Gju9AH1YcgA$WPUdbrys/M/Cu7xp/wVOByT/CvG2H8qex+Mb18TEI7U;MEMBRE;18/08/2024
476;Denis;Lina;lina.denis476@example-gym.fr;$argon2id$v=19$m=8192,t=1,p=1$muL5s/MwBV0Gju9AH1YcgA$WPUdbrys/M/Cu7xp/wVOByT/CvG2H8qex+Mb18TEI7U;MEMBRE;10/10/2024
477;Leroy;Romain;romain.leroy477@example-gym.fr;$argon2id$v=19$m=8192,t=1,p=1$muL5s/MwBV0Gju9AH1YcgA$WPUdbrys/M/Cu7xp/wVOByT/CvG2H8qex+Mb18TEI7U;MEMBRE;20/01/2026
478;Roussel;Malo;malo.roussel478@example-gym.fr;$argon2id$v=19$m=8192,t=1,p=1$muL5s/MwBV0Gju9AH1YcgA$WPUdbrys/M/Cu7xp/wVOByT/CvG2H8qex+Mb18TEI7U;MEMBRE;02/07/2026
479;Chevalier;Benjamin;benjamin.chevalier479@example-gym.fr;$argon2id$v=19$m=8192,t=1,p=1$muL5s/MwBV0Gju9AH1YcgA$WPUdbrys/M/Cu7xp/wVOByT/CvG2H8qex+Mb18TEI7U;MEMBRE;09/04/2025
480;Morin;Maxime;maxime.morin480@example-gym.fr;$argon2id$v=19$m=8192,t=1,p=1$muL5s/MwBV0Gju9AH1YcgA$WPUdbrys/M/Cu7xp/wVOByT/CvG2H8qex+Mb18TEI7U;MEMBRE;11/04/2024
481;Brun;Guillaume;guillaume.brun481@example-gym.fr;$argon2id$v=19$m=8192,t=1,p=1$muL5s/MwBV0Gju9AH1YcgA$WPUdbrys/M/Cu7xp/wVOByT/CvG2H8qex+Mb18TEI7U;MEMBRE;02/09/2023
482;Renard;Bastien;bastien.renard482@example-gym.fr;$argon2id$v=19$m=8192,t=1,p=1$muL5s/MwBV0Gju9AH1YcgA$WPUdbrys/M/Cu7xp/wVOByT/CvG2H8qex+Mb18TEI7U;MEMBRE;22/08/2023
483;Henry;Clara;clara.henry483@example-gym.fr;$argon2id$v=19$m=8192,t=1,p=1$muL5s/MwBV0Gju9AH1YcgA$WPUdbrys/M/Cu7xp/wVOByT/CvG2H8qex+Mb18TEI7U;MEMBRE;10/07/2023
484;Laurent;Pauline;pauline.laurent484@example-gym.fr;$argon2id$v=19$m=8192,t=1,p=1$muL5s/MwBV0Gju9AH1YcgA$WPUdbrys/M/Cu7xp/wVOByT/CvG2H8qex+Mb18TEI7U;MEMBRE;24/05/2024
485;Rousseau;Thomas;thomas.rousseau485@example-gym.fr;$argon2id$v=19$m=8192,t=1,p=1$muL5s/MwBV0Gju9AH1YcgA$WPUdbrys/M/Cu7xp/wVOByT/CvG2H8qex+Mb18TEI7U;MEMBRE;07/01/2026
486;Rousseau;Alice;alice.rousseau486@example-gym.fr;$argon2id$v=19$m=8192,t=1,p=1$muL5s/MwBV0Gju9AH1YcgA$WPUdbrys/M/Cu7xp/wVOByT/CvG2H8qex+Mb18TEI7U;MEMBRE;23/10/2023
487;Gerard;Anna;anna.gerard487@example-gym.fr;$argon2id$v=19$m=8192,t=1,p=1$muL5s/MwBV0Gju9AH1YcgA$WPUdbrys/M/Cu7xp/wVOByT/CvG2H8qex+Mb18TEI7U;MEMBRE;25/03/2025
488;Fournier;Benjamin;benjamin.fournier488@example-gym.fr;$argon2id$v=19$m=8192,t=1,p=1$muL5s/MwBV0Gju9AH1YcgA$WPUdbrys/M/Cu7xp/wVOByT/CvG2H8qex+Mb18TEI7U;MEMBRE;03/03/2025
489;Muller;Jules;jules.muller489@example-gym.fr;$argon2id$v=19$m=8192,t=1,p=1$muL5s/MwBV0Gju9AH1YcgA$WPUdbrys/M/Cu7xp/wVOByT/CvG2H8qex+Mb18TEI7U;MEMBRE;20/06/2024
490;Marchand;Anaïs;anais.marchand490@example-gym.fr;$argon2id$v=19$m=8192,t=1,p=1$muL5s/MwBV0Gju9AH1YcgA$WPUdbrys/M/Cu7xp/wVOByT/CvG2H8qex+Mb18TEI7U;MEMBRE;22/09/2024
491;Brun;Lina;lina.brun491@example-gym.fr;$argon2id$v=19$m=8192,t=1,p=1$muL5s/MwBV0Gju9AH1YcgA$WPUdbrys/M/Cu7xp/wVOByT/CvG2H8qex+Mb18TEI7U;MEMBRE;16/05/2025
492;Dumont;Jeanne;jeanne.dumont492@example-gym.fr;$argon2id$v=19$m=8192,t=1,p=1$muL5s/MwBV0Gju9AH1YcgA$WPUdbrys/M/Cu7xp/wVOByT/CvG2H8qex+Mb18TEI7U;MEMBRE;31/01/2026
493;Arnaud;Nina;nina.arnaud493@example-gym.fr;$argon2id$v=19$m=8192,t=1,p=1$muL5s/MwBV0Gju9AH1YcgA$WPUdbrys/M/Cu7xp/wVOByT/CvG2H8qex+Mb18TEI7U;MEMBRE;08/09/2025
494;Moreau;Mélanie;melanie.moreau494@example-gym.fr;$argon2id$v=19$m=8192,t=1,p=1$muL5s/MwBV0Gju9AH1YcgA$WPUdbrys/M/Cu7xp/wVOByT/CvG2H8qex+Mb18TEI7U;MEMBRE;13/12/2024
495;Blanc;Antoine;antoine.blanc495@example-gym.fr;$argon2id$v=19$m=8192,t=1,p=1$muL5s/MwBV0Gju9AH1YcgA$WPUdbrys/M/Cu7xp/wVOByT/CvG2H8qex+Mb18TEI7U;MEMBRE;12/05/2024
496;Riviere;Manon;manon.riviere496@example-gym.fr;$argon2id$v=19$m=8192,t=1,p=1$muL5s/MwBV0Gju9AH1YcgA$WPUdbrys/M/Cu7xp/wVOByT/CvG2H8qex+Mb18TEI7U;MEMBRE;07/11/2023
497;Duval;Mathieu;mathieu.duval497@example-gym.fr;$argon2id$v=19$m=8192,t=1,p=1$muL5s/MwBV0Gju9AH1YcgA$WPUdbrys/M/Cu7xp/wVOByT/CvG2H8qex+Mb18TEI7U;MEMBRE;18/03/2023
498;Roussel;Guillaume;guillaume.roussel498@example-gym.fr;$argon2id$v=19$m=8192,t=1,p=1$muL5s/MwBV0Gju9AH1YcgA$WPUdbrys/M/Cu7xp/wVOByT/CvG2H8qex+Mb18TEI7U;MEMBRE;03/07/2023
499;Martin;Inès;ines.martin499@example-gym.fr;$argon2id$v=19$m=8192,t=1,p=1$muL5s/MwBV0Gju9AH1YcgA$WPUdbrys/M/Cu7xp/wVOByT/CvG2H8qex+Mb18TEI7U;MEMBRE;10/03/2024
500;Marchand;Clément;clement.marchand500@example-gym.fr;$argon2id$v=19$m=8192,t=1,p=1$muL5s/MwBV0Gju9AH1YcgA$WPUdbrys/M/Cu7xp/wVOByT/CvG2H8qex+Mb18TEI7U;MEMBRE;21/08/2024
501;Garnier;Antoine;antoine.garnier501@example-gym.fr;$argon2id$v=19$m=8192,t=1,p=1$muL5s/MwBV0Gju9AH1YcgA$WPUdbrys/M/Cu7xp/wVOByT/CvG2H8qex+Mb18TEI7U;MEMBRE;20/09/2025
502;Lefevre;Raphaël;raphael.lefevre502@example-gym.fr;$argon2id$v=19$m=8192,t=1,p=1$muL5s/MwBV0Gju9AH1YcgA$WPUdbrys/M/Cu7xp/wVOByT/CvG2H8qex+Mb18TEI7U;MEMBRE;17/04/2023
503;Meunier;Emma;emma.meunier503@example-gym.fr;$argon2id$v=19$m=8192,t=1,p=1$muL5s/MwBV0Gju9AH1YcgA$WPUdbrys/M/Cu7xp/wVOByT/CvG2H8qex+Mb18TEI7U;MEMBRE;09/11/2023
504;Robin;Jeanne;jeanne.robin504@example-gym.fr;$argon2id$v=19$m=8192,t=1,p=1$muL5s/MwBV0Gju9AH1YcgA$WPUdbrys/M/Cu7xp/wVOByT/CvG2H8qex+Mb18TEI7U;MEMBRE;04/05/2026
505;Fournier;Raphaël;raphael.fournier505@example-gym.fr;$argon2id$v=19$m=8192,t=1,p=1$muL5s/MwBV0Gju9AH1YcgA$WPUdbrys/M/Cu7xp/wVOByT/CvG2H8qex+Mb18TEI7U;MEMBRE;15/06/2025
506;Richard;Nina;nina.richard506@example-gym.fr;$argon2id$v=19$m=8192,t=1,p=1$muL5s/MwBV0Gju9AH1YcgA$WPUdbrys/M/Cu7xp/wVOByT/CvG2H8qex+Mb18TEI7U;MEMBRE;25/11/2025
507;Martin;Nicolas;nicolas.martin507@example-gym.fr;$argon2id$v=19$m=8192,t=1,p=1$muL5s/MwBV0Gju9AH1YcgA$WPUdbrys/M/Cu7xp/wVOByT/CvG2H8qex+Mb18TEI7U;MEMBRE;24/06/2026
508;Robert;Victor;victor.robert508@example-gym.fr;$argon2id$v=19$m=8192,t=1,p=1$muL5s/MwBV0Gju9AH1YcgA$WPUdbrys/M/Cu7xp/wVOByT/CvG2H8qex+Mb18TEI7U;MEMBRE;10/10/2024
509;Robin;Thomas;thomas.robin509@example-gym.fr;$argon2id$v=19$m=8192,t=1,p=1$muL5s/MwBV0Gju9AH1YcgA$WPUdbrys/M/Cu7xp/wVOByT/CvG2H8qex+Mb18TEI7U;MEMBRE;22/01/2023
510;Roche;Valentin;valentin.roche510@example-gym.fr;$argon2id$v=19$m=8192,t=1,p=1$muL5s/MwBV0Gju9AH1YcgA$WPUdbrys/M/Cu7xp/wVOByT/CvG2H8qex+Mb18TEI7U;MEMBRE;08/11/2023
511;Roy;Louis;louis.roy511@example-gym.fr;$argon2id$v=19$m=8192,t=1,p=1$muL5s/MwBV0Gju9AH1YcgA$WPUdbrys/M/Cu7xp/wVOByT/CvG2H8qex+Mb18TEI7U;MEMBRE;22/11/2023
512;Fontaine;Romane;romane.fontaine512@example-gym.fr;$argon2id$v=19$m=8192,t=1,p=1$muL5s/MwBV0Gju9AH1YcgA$WPUdbrys/M/Cu7xp/wVOByT/CvG2H8qex+Mb18TEI7U;MEMBRE;14/05/2023
513;Legrand;Arthur;arthur.legrand513@example-gym.fr;$argon2id$v=19$m=8192,t=1,p=1$muL5s/MwBV0Gju9AH1YcgA$WPUdbrys/M/Cu7xp/wVOByT/CvG2H8qex+Mb18TEI7U;MEMBRE;07/01/2023
514;Caron;Julie;julie.caron514@example-gym.fr;$argon2id$v=19$m=8192,t=1,p=1$muL5s/MwBV0Gju9AH1YcgA$WPUdbrys/M/Cu7xp/wVOByT/CvG2H8qex+Mb18TEI7U;MEMBRE;30/07/2026
515;Roche;Clément;clement.roche515@example-gym.fr;$argon2id$v=19$m=8192,t=1,p=1$muL5s/MwBV0Gju9AH1YcgA$WPUdbrys/M/Cu7xp/wVOByT/CvG2H8qex+Mb18TEI7U;MEMBRE;15/11/2023
516;Bernard;Victor;victor.bernard516@example-gym.fr;$argon2id$v=19$m=8192,t=1,p=1$muL5s/MwBV0Gju9AH1YcgA$WPUdbrys/M/Cu7xp/wVOByT/CvG2H8qex+Mb18TEI7U;MEMBRE;12/04/2024
517;Boyer;Julien;julien.boyer517@example-gym.fr;$argon2id$v=19$m=8192,t=1,p=1$muL5s/MwBV0Gju9AH1YcgA$WPUdbrys/M/Cu7xp/wVOByT/CvG2H8qex+Mb18TEI7U;MEMBRE;02/09/2023
518;Barbier;Romain;romain.barbier518@example-gym.fr;$argon2id$v=19$m=8192,t=1,p=1$muL5s/MwBV0Gju9AH1YcgA$WPUdbrys/M/Cu7xp/wVOByT/CvG2H8qex+Mb18TEI7U;MEMBRE;03/09/2025
519;Lemaire;Mathis;mathis.lemaire519@example-gym.fr;$argon2id$v=19$m=8192,t=1,p=1$muL5s/MwBV0Gju9AH1YcgA$WPUdbrys/M/Cu7xp/wVOByT/CvG2H8qex+Mb18TEI7U;MEMBRE;16/09/2024
520;Francois;Marion;marion.francois520@example-gym.fr;$argon2id$v=19$m=8192,t=1,p=1$muL5s/MwBV0Gju9AH1YcgA$WPUdbrys/M/Cu7xp/wVOByT/CvG2H8qex+Mb18TEI7U;MEMBRE;08/02/2024
521;Meunier;Emma;emma.meunier521@example-gym.fr;$argon2id$v=19$m=8192,t=1,p=1$muL5s/MwBV0Gju9AH1YcgA$WPUdbrys/M/Cu7xp/wVOByT/CvG2H8qex+Mb18TEI7U;MEMBRE;31/12/2024
522;Blanchard;Zoé;zoe.blanchard522@example-gym.fr;$argon2id$v=19$m=8192,t=1,p=1$muL5s/MwBV0Gju9AH1YcgA$WPUdbrys/M/Cu7xp/wVOByT/CvG2H8qex+Mb18TEI7U;MEMBRE;14/07/2026
523;Chevalier;Mathieu;mathieu.chevalier523@example-gym.fr;$argon2id$v=19$m=8192,t=1,p=1$muL5s/MwBV0Gju9AH1YcgA$WPUdbrys/M/Cu7xp/wVOByT/CvG2H8qex+Mb18TEI7U;MEMBRE;31/07/2025
524;Colin;Léna;lena.colin524@example-gym.fr;$argon2id$v=19$m=8192,t=1,p=1$muL5s/MwBV0Gju9AH1YcgA$WPUdbrys/M/Cu7xp/wVOByT/CvG2H8qex+Mb18TEI7U;MEMBRE;20/12/2023
525;Vidal;Émilie;emilie.vidal525@example-gym.fr;$argon2id$v=19$m=8192,t=1,p=1$muL5s/MwBV0Gju9AH1YcgA$WPUdbrys/M/Cu7xp/wVOByT/CvG2H8qex+Mb18TEI7U;MEMBRE;18/12/2024
526;Gauthier;Sacha;sacha.gauthier526@example-gym.fr;$argon2id$v=19$m=8192,t=1,p=1$muL5s/MwBV0Gju9AH1YcgA$WPUdbrys/M/Cu7xp/wVOByT/CvG2H8qex+Mb18TEI7U;MEMBRE;24/12/2025
527;Barbier;Agathe;agathe.barbier527@example-gym.fr;$argon2id$v=19$m=8192,t=1,p=1$muL5s/MwBV0Gju9AH1YcgA$WPUdbrys/M/Cu7xp/wVOByT/CvG2H8qex+Mb18TEI7U;MEMBRE;20/10/2023
528;Joly;Lina;lina.joly528@example-gym.fr;$argon2id$v=19$m=8192,t=1,p=1$muL5s/MwBV0Gju9AH1YcgA$WPUdbrys/M/Cu7xp/wVOByT/CvG2H8qex+Mb18TEI7U;MEMBRE;12/03/2023
529;Legrand;Mia;mia.legrand529@example-gym.fr;$argon2id$v=19$m=8192,t=1,p=1$muL5s/MwBV0Gju9AH1YcgA$WPUdbrys/M/Cu7xp/wVOByT/CvG2H8qex+Mb18TEI7U;MEMBRE;18/02/2024
530;Gauthier;Victor;victor.gauthier530@example-gym.fr;$argon2id$v=19$m=8192,t=1,p=1$muL5s/MwBV0Gju9AH1YcgA$WPUdbrys/M/Cu7xp/wVOByT/CvG2H8qex+Mb18TEI7U;MEMBRE;09/08/2026
531;Joly;Manon;manon.joly531@example-gym.fr;$argon2id$v=19$m=8192,t=1,p=1$muL5s/MwBV0Gju9AH1YcgA$WPUdbrys/M/Cu7xp/wVOByT/CvG2H8qex+Mb18TEI7U;MEMBRE;25/02/2023
532;Lemoine;Léo;leo.lemoine532@example-gym.fr;$argon2id$v=19$m=8192,t=1,p=1$muL5s/MwBV0Gju9AH1YcgA$WPUdbrys/M/Cu7xp/wVOByT/CvG2H8qex+Mb18TEI7U;MEMBRE;22/08/2026
533;Francois;Thomas;thomas.francois533@example-gym.fr;$argon2id$v=19$m=8192,t=1,p=1$muL5s/MwBV0Gju9AH1YcgA$WPUdbrys/M/Cu7xp/wVOByT/CvG2H8qex+Mb18TEI7U;MEMBRE;24/06/2025
534;Meunier;Thomas;thomas.meunier534@example-gym.fr;$argon2id$v=19$m=8192,t=1,p=1$muL5s/MwBV0Gju9AH1YcgA$WPUdbrys/M/Cu7xp/wVOByT/CvG2H8qex+Mb18TEI7U;MEMBRE;14/05/2026
535;Morel;Julia;julia.morel535@example-gym.fr;$argon2id$v=19$m=8192,t=1,p=1$muL5s/MwBV0Gju9AH1YcgA$WPUdbrys/M/Cu7xp/wVOByT/CvG2H8qex+Mb18TEI7U;MEMBRE;09/05/2024
536;Brunet;Maxime;maxime.brunet536@example-gym.fr;$argon2id$v=19$m=8192,t=1,p=1$muL5s/MwBV0Gju9AH1YcgA$WPUdbrys/M/Cu7xp/wVOByT/CvG2H8qex+Mb18TEI7U;MEMBRE;26/08/2026
537;Bernard;Julie;julie.bernard537@example-gym.fr;$argon2id$v=19$m=8192,t=1,p=1$muL5s/MwBV0Gju9AH1YcgA$WPUdbrys/M/Cu7xp/wVOByT/CvG2H8qex+Mb18TEI7U;MEMBRE;06/03/2024
538;Schmitt;Mathis;mathis.schmitt538@example-gym.fr;$argon2id$v=19$m=8192,t=1,p=1$muL5s/MwBV0Gju9AH1YcgA$WPUdbrys/M/Cu7xp/wVOByT/CvG2H8qex+Mb18TEI7U;MEMBRE;22/11/2023
539;Simon;Malo;malo.simon539@example-gym.fr;$argon2id$v=19$m=8192,t=1,p=1$muL5s/MwBV0Gju9AH1YcgA$WPUdbrys/M/Cu7xp/wVOByT/CvG2H8qex+Mb18TEI7U;MEMBRE;24/07/2025
540;Lambert;Alexandre;alexandre.lambert540@example-gym.fr;$argon2id$v=19$m=8192,t=1,p=1$muL5s/MwBV0Gju9AH1YcgA$WPUdbrys/M/Cu7xp/wVOByT/CvG2H8qex+Mb18TEI7U;MEMBRE;20/09/2024
541;Andre;Amandine;amandine.andre541@example-gym.fr;$argon2id$v=19$m=8192,t=1,p=1$muL5s/MwBV0Gju9AH1YcgA$WPUdbrys/M/Cu7xp/wVOByT/CvG2H8qex+Mb18TEI7U;MEMBRE;25/09/2025
542;Meunier;Maël;mael.meunier542@example-gym.fr;$argon2id$v=19$m=8192,t=1,p=1$muL5s/MwBV0Gju9AH1YcgA$WPUdbrys/M/Cu7xp/wVOByT/CvG2H8qex+Mb18TEI7U;MEMBRE;30/05/2025
543;Robin;Simon;simon.robin543@example-gym.fr;$argon2id$v=19$m=8192,t=1,p=1$muL5s/MwBV0Gju9AH1YcgA$WPUdbrys/M/Cu7xp/wVOByT/CvG2H8qex+Mb18TEI7U;MEMBRE;02/07/2024
544;Michel;Sacha;sacha.michel544@example-gym.fr;$argon2id$v=19$m=8192,t=1,p=1$muL5s/MwBV0Gju9AH1YcgA$WPUdbrys/M/Cu7xp/wVOByT/CvG2H8qex+Mb18TEI7U;MEMBRE;19/08/2025
545;Nicolas;Emma;emma.nicolas545@example-gym.fr;$argon2id$v=19$m=8192,t=1,p=1$muL5s/MwBV0Gju9AH1YcgA$WPUdbrys/M/Cu7xp/wVOByT/CvG2H8qex+Mb18TEI7U;MEMBRE;27/01/2025
546;Vidal;Emma;emma.vidal546@example-gym.fr;$argon2id$v=19$m=8192,t=1,p=1$muL5s/MwBV0Gju9AH1YcgA$WPUdbrys/M/Cu7xp/wVOByT/CvG2H8qex+Mb18TEI7U;MEMBRE;01/01/2024
547;Thomas;Antoine;antoine.thomas547@example-gym.fr;$argon2id$v=19$m=8192,t=1,p=1$muL5s/MwBV0Gju9AH1YcgA$WPUdbrys/M/Cu7xp/wVOByT/CvG2H8qex+Mb18TEI7U;MEMBRE;15/06/2024
548;Girard;Mia;mia.girard548@example-gym.fr;$argon2id$v=19$m=8192,t=1,p=1$muL5s/MwBV0Gju9AH1YcgA$WPUdbrys/M/Cu7xp/wVOByT/CvG2H8qex+Mb18TEI7U;MEMBRE;06/10/2023
549;Thomas;Paul;paul.thomas549@example-gym.fr;$argon2id$v=19$m=8192,t=1,p=1$muL5s/MwBV0Gju9AH1YcgA$WPUdbrys/M/Cu7xp/wVOByT/CvG2H8qex+Mb18TEI7U;MEMBRE;06/08/2025
550;Meunier;Adam;adam.meunier550@example-gym.fr;$argon2id$v=19$m=8192,t=1,p=1$muL5s/MwBV0Gju9AH1YcgA$WPUdbrys/M/Cu7xp/wVOByT/CvG2H8qex+Mb18TEI7U;MEMBRE;05/09/2023
551;Moreau;Margaux;margaux.moreau551@example-gym.fr;$argon2id$v=19$m=8192,t=1,p=1$muL5s/MwBV0Gju9AH1YcgA$WPUdbrys/M/Cu7xp/wVOByT/CvG2H8qex+Mb18TEI7U;MEMBRE;20/01/2023
552;Lambert;Lucas;lucas.lambert552@example-gym.fr;$argon2id$v=19$m=8192,t=1,p=1$muL5s/MwBV0Gju9AH1YcgA$WPUdbrys/M/Cu7xp/wVOByT/CvG2H8qex+Mb18TEI7U;MEMBRE;29/06/2025
553;Richard;Pauline;pauline.richard553@example-gym.fr;$argon2id$v=19$m=8192,t=1,p=1$muL5s/MwBV0Gju9AH1YcgA$WPUdbrys/M/Cu7xp/wVOByT/CvG2H8qex+Mb18TEI7U;MEMBRE;28/04/2023
554;Dupont;Arthur;arthur.dupont554@example-gym.fr;$argon2id$v=19$m=8192,t=1,p=1$muL5s/MwBV0Gju9AH1YcgA$WPUdbrys/M/Cu7xp/wVOByT/CvG2H8qex+Mb18TEI7U;MEMBRE;28/08/2023
555;Muller;Amandine;amandine.muller555@example-gym.fr;$argon2id$v=19$m=8192,t=1,p=1$muL5s/MwBV0Gju9AH1YcgA$WPUdbrys/M/Cu7xp/wVOByT/CvG2H8qex+Mb18TEI7U;MEMBRE;18/07/2026
556;Guerin;Léna;lena.guerin556@example-gym.fr;$argon2id$v=19$m=8192,t=1,p=1$muL5s/MwBV0Gju9AH1YcgA$WPUdbrys/M/Cu7xp/wVOByT/CvG2H8qex+Mb18TEI7U;MEMBRE;18/08/2023
557;Brun;Quentin;quentin.brun557@example-gym.fr;$argon2id$v=19$m=8192,t=1,p=1$muL5s/MwBV0Gju9AH1YcgA$WPUdbrys/M/Cu7xp/wVOByT/CvG2H8qex+Mb18TEI7U;MEMBRE;01/01/2026
558;Robin;Romane;romane.robin558@example-gym.fr;$argon2id$v=19$m=8192,t=1,p=1$muL5s/MwBV0Gju9AH1YcgA$WPUdbrys/M/Cu7xp/wVOByT/CvG2H8qex+Mb18TEI7U;MEMBRE;27/12/2025
559;Fontaine;Simon;simon.fontaine559@example-gym.fr;$argon2id$v=19$m=8192,t=1,p=1$muL5s/MwBV0Gju9AH1YcgA$WPUdbrys/M/Cu7xp/wVOByT/CvG2H8qex+Mb18TEI7U;MEMBRE;11/03/2026
560;Brunet;Simon;simon.brunet560@example-gym.fr;$argon2id$v=19$m=8192,t=1,p=1$muL5s/MwBV0Gju9AH1YcgA$WPUdbrys/M/Cu7xp/wVOByT/CvG2H8qex+Mb18TEI7U;MEMBRE;13/07/2026
561;Thomas;Valentin;valentin.thomas561@example-gym.fr;$argon2id$v=19$m=8192,t=1,p=1$muL5s/MwBV0Gju9AH1YcgA$WPUdbrys/M/Cu7xp/wVOByT/CvG2H8qex+Mb18TEI7U;MEMBRE;29/02/2024
562;Morin;Lucie;lucie.morin562@example-gym.fr;$argon2id$v=19$m=8192,t=1,p=1$muL5s/MwBV0Gju9AH1YcgA$WPUdbrys/M/Cu7xp/wVOByT/CvG2H8qex+Mb18TEI7U;MEMBRE;27/08/2025
563;Vincent;Benjamin;benjamin.vincent563@example-gym.fr;$argon2id$v=19$m=8192,t=1,p=1$muL5s/MwBV0Gju9AH1YcgA$WPUdbrys/M/Cu7xp/wVOByT/CvG2H8qex+Mb18TEI7U;MEMBRE;26/06/2025
564;Thomas;Simon;simon.thomas564@example-gym.fr;$argon2id$v=19$m=8192,t=1,p=1$muL5s/MwBV0Gju9AH1YcgA$WPUdbrys/M/Cu7xp/wVOByT/CvG2H8qex+Mb18TEI7U;MEMBRE;29/09/2023
565;Giraud;Paul;paul.giraud565@example-gym.fr;$argon2id$v=19$m=8192,t=1,p=1$muL5s/MwBV0Gju9AH1YcgA$WPUdbrys/M/Cu7xp/wVOByT/CvG2H8qex+Mb18TEI7U;MEMBRE;08/04/2025
566;Lefebvre;Kevin;kevin.lefebvre566@example-gym.fr;$argon2id$v=19$m=8192,t=1,p=1$muL5s/MwBV0Gju9AH1YcgA$WPUdbrys/M/Cu7xp/wVOByT/CvG2H8qex+Mb18TEI7U;MEMBRE;02/10/2025
567;Vidal;Zoé;zoe.vidal567@example-gym.fr;$argon2id$v=19$m=8192,t=1,p=1$muL5s/MwBV0Gju9AH1YcgA$WPUdbrys/M/Cu7xp/wVOByT/CvG2H8qex+Mb18TEI7U;MEMBRE;28/01/2025
568;Boyer;Jeanne;jeanne.boyer568@example-gym.fr;$argon2id$v=19$m=8192,t=1,p=1$muL5s/MwBV0Gju9AH1YcgA$WPUdbrys/M/Cu7xp/wVOByT/CvG2H8qex+Mb18TEI7U;MEMBRE;12/07/2023
569;Martinez;Élodie;elodie.martinez569@example-gym.fr;$argon2id$v=19$m=8192,t=1,p=1$muL5s/MwBV0Gju9AH1YcgA$WPUdbrys/M/Cu7xp/wVOByT/CvG2H8qex+Mb18TEI7U;MEMBRE;17/07/2026
570;Clement;Malo;malo.clement570@example-gym.fr;$argon2id$v=19$m=8192,t=1,p=1$muL5s/MwBV0Gju9AH1YcgA$WPUdbrys/M/Cu7xp/wVOByT/CvG2H8qex+Mb18TEI7U;MEMBRE;18/03/2023
571;Petit;Pauline;pauline.petit571@example-gym.fr;$argon2id$v=19$m=8192,t=1,p=1$muL5s/MwBV0Gju9AH1YcgA$WPUdbrys/M/Cu7xp/wVOByT/CvG2H8qex+Mb18TEI7U;MEMBRE;08/04/2023
572;Lefebvre;Gabriel;gabriel.lefebvre572@example-gym.fr;$argon2id$v=19$m=8192,t=1,p=1$muL5s/MwBV0Gju9AH1YcgA$WPUdbrys/M/Cu7xp/wVOByT/CvG2H8qex+Mb18TEI7U;MEMBRE;15/05/2026
573;Fontaine;Charlotte;charlotte.fontaine573@example-gym.fr;$argon2id$v=19$m=8192,t=1,p=1$muL5s/MwBV0Gju9AH1YcgA$WPUdbrys/M/Cu7xp/wVOByT/CvG2H8qex+Mb18TEI7U;MEMBRE;18/06/2025
574;Robert;Hugo;hugo.robert574@example-gym.fr;$argon2id$v=19$m=8192,t=1,p=1$muL5s/MwBV0Gju9AH1YcgA$WPUdbrys/M/Cu7xp/wVOByT/CvG2H8qex+Mb18TEI7U;MEMBRE;23/03/2024
575;Moreau;Antoine;antoine.moreau575@example-gym.fr;$argon2id$v=19$m=8192,t=1,p=1$muL5s/MwBV0Gju9AH1YcgA$WPUdbrys/M/Cu7xp/wVOByT/CvG2H8qex+Mb18TEI7U;MEMBRE;08/10/2025
576;Lefevre;Inès;ines.lefevre576@example-gym.fr;$argon2id$v=19$m=8192,t=1,p=1$muL5s/MwBV0Gju9AH1YcgA$WPUdbrys/M/Cu7xp/wVOByT/CvG2H8qex+Mb18TEI7U;MEMBRE;11/07/2024
577;Barbier;Charlotte;charlotte.barbier577@example-gym.fr;$argon2id$v=19$m=8192,t=1,p=1$muL5s/MwBV0Gju9AH1YcgA$WPUdbrys/M/Cu7xp/wVOByT/CvG2H8qex+Mb18TEI7U;MEMBRE;11/07/2026
578;Blanchard;Sophie;sophie.blanchard578@example-gym.fr;$argon2id$v=19$m=8192,t=1,p=1$muL5s/MwBV0Gju9AH1YcgA$WPUdbrys/M/Cu7xp/wVOByT/CvG2H8qex+Mb18TEI7U;MEMBRE;01/04/2025
579;Caron;Tom;tom.caron579@example-gym.fr;$argon2id$v=19$m=8192,t=1,p=1$muL5s/MwBV0Gju9AH1YcgA$WPUdbrys/M/Cu7xp/wVOByT/CvG2H8qex+Mb18TEI7U;MEMBRE;18/11/2025
580;Morin;Louis;louis.morin580@example-gym.fr;$argon2id$v=19$m=8192,t=1,p=1$muL5s/MwBV0Gju9AH1YcgA$WPUdbrys/M/Cu7xp/wVOByT/CvG2H8qex+Mb18TEI7U;MEMBRE;07/05/2025
581;Denis;Noah;noah.denis581@example-gym.fr;$argon2id$v=19$m=8192,t=1,p=1$muL5s/MwBV0Gju9AH1YcgA$WPUdbrys/M/Cu7xp/wVOByT/CvG2H8qex+Mb18TEI7U;MEMBRE;14/07/2025
582;Vincent;Valentin;valentin.vincent582@example-gym.fr;$argon2id$v=19$m=8192,t=1,p=1$muL5s/MwBV0Gju9AH1YcgA$WPUdbrys/M/Cu7xp/wVOByT/CvG2H8qex+Mb18TEI7U;MEMBRE;19/07/2026
583;Fournier;Sophie;sophie.fournier583@example-gym.fr;$argon2id$v=19$m=8192,t=1,p=1$muL5s/MwBV0Gju9AH1YcgA$WPUdbrys/M/Cu7xp/wVOByT/CvG2H8qex+Mb18TEI7U;MEMBRE;08/05/2026
584;Masson;Benjamin;benjamin.masson584@example-gym.fr;$argon2id$v=19$m=8192,t=1,p=1$muL5s/MwBV0Gju9AH1YcgA$WPUdbrys/M/Cu7xp/wVOByT/CvG2H8qex+Mb18TEI7U;MEMBRE;21/08/2025
585;Thomas;Jeanne;jeanne.thomas585@example-gym.fr;$argon2id$v=19$m=8192,t=1,p=1$muL5s/MwBV0Gju9AH1YcgA$WPUdbrys/M/Cu7xp/wVOByT/CvG2H8qex+Mb18TEI7U;MEMBRE;11/05/2023
586;Garcia;Romane;romane.garcia586@example-gym.fr;$argon2id$v=19$m=8192,t=1,p=1$muL5s/MwBV0Gju9AH1YcgA$WPUdbrys/M/Cu7xp/wVOByT/CvG2H8qex+Mb18TEI7U;MEMBRE;04/03/2023
587;Faure;Romane;romane.faure587@example-gym.fr;$argon2id$v=19$m=8192,t=1,p=1$muL5s/MwBV0Gju9AH1YcgA$WPUdbrys/M/Cu7xp/wVOByT/CvG2H8qex+Mb18TEI7U;MEMBRE;24/02/2024
588;Noel;Mélanie;melanie.noel588@example-gym.fr;$argon2id$v=19$m=8192,t=1,p=1$muL5s/MwBV0Gju9AH1YcgA$WPUdbrys/M/Cu7xp/wVOByT/CvG2H8qex+Mb18TEI7U;MEMBRE;30/10/2025
589;Lucas;Chloé;chloe.lucas589@example-gym.fr;$argon2id$v=19$m=8192,t=1,p=1$muL5s/MwBV0Gju9AH1YcgA$WPUdbrys/M/Cu7xp/wVOByT/CvG2H8qex+Mb18TEI7U;MEMBRE;07/05/2026
590;Roche;Émilie;emilie.roche590@example-gym.fr;$argon2id$v=19$m=8192,t=1,p=1$muL5s/MwBV0Gju9AH1YcgA$WPUdbrys/M/Cu7xp/wVOByT/CvG2H8qex+Mb18TEI7U;MEMBRE;23/06/2024
591;Meyer;Léo;leo.meyer591@example-gym.fr;$argon2id$v=19$m=8192,t=1,p=1$muL5s/MwBV0Gju9AH1YcgA$WPUdbrys/M/Cu7xp/wVOByT/CvG2H8qex+Mb18TEI7U;MEMBRE;03/03/2026
592;Schmitt;Mathilde;mathilde.schmitt592@example-gym.fr;$argon2id$v=19$m=8192,t=1,p=1$muL5s/MwBV0Gju9AH1YcgA$WPUdbrys/M/Cu7xp/wVOByT/CvG2H8qex+Mb18TEI7U;MEMBRE;31/08/2026
593;Arnaud;Amandine;amandine.arnaud593@example-gym.fr;$argon2id$v=19$m=8192,t=1,p=1$muL5s/MwBV0Gju9AH1YcgA$WPUdbrys/M/Cu7xp/wVOByT/CvG2H8qex+Mb18TEI7U;MEMBRE;28/06/2025
594;Lefebvre;Émilie;emilie.lefebvre594@example-gym.fr;$argon2id$v=19$m=8192,t=1,p=1$muL5s/MwBV0Gju9AH1YcgA$WPUdbrys/M/Cu7xp/wVOByT/CvG2H8qex+Mb18TEI7U;MEMBRE;12/08/2025
595;Henry;Rose;rose.henry595@example-gym.fr;$argon2id$v=19$m=8192,t=1,p=1$muL5s/MwBV0Gju9AH1YcgA$WPUdbrys/M/Cu7xp/wVOByT/CvG2H8qex+Mb18TEI7U;MEMBRE;14/08/2023
596;Morin;Inès;ines.morin596@example-gym.fr;$argon2id$v=19$m=8192,t=1,p=1$muL5s/MwBV0Gju9AH1YcgA$WPUdbrys/M/Cu7xp/wVOByT/CvG2H8qex+Mb18TEI7U;MEMBRE;13/03/2026
597;Leroy;Kevin;kevin.leroy597@example-gym.fr;$argon2id$v=19$m=8192,t=1,p=1$muL5s/MwBV0Gju9AH1YcgA$WPUdbrys/M/Cu7xp/wVOByT/CvG2H8qex+Mb18TEI7U;MEMBRE;29/11/2025
598;Caron;Lina;lina.caron598@example-gym.fr;$argon2id$v=19$m=8192,t=1,p=1$muL5s/MwBV0Gju9AH1YcgA$WPUdbrys/M/Cu7xp/wVOByT/CvG2H8qex+Mb18TEI7U;MEMBRE;18/03/2026
599;Lemoine;Axel;axel.lemoine599@example-gym.fr;$argon2id$v=19$m=8192,t=1,p=1$muL5s/MwBV0Gju9AH1YcgA$WPUdbrys/M/Cu7xp/wVOByT/CvG2H8qex+Mb18TEI7U;MEMBRE;10/10/2024
600;Lefebvre;Thomas;thomas.lefebvre600@example-gym.fr;$argon2id$v=19$m=8192,t=1,p=1$muL5s/MwBV0Gju9AH1YcgA$WPUdbrys/M/Cu7xp/wVOByT/CvG2H8qex+Mb18TEI7U;MEMBRE;07/08/2024
601;Morin;Malo;malo.morin601@example-gym.fr;$argon2id$v=19$m=8192,t=1,p=1$muL5s/MwBV0Gju9AH1YcgA$WPUdbrys/M/Cu7xp/wVOByT/CvG2H8qex+Mb18TEI7U;MEMBRE;13/07/2025
602;Garcia;Nina;nina.garcia602@example-gym.fr;$argon2id$v=19$m=8192,t=1,p=1$muL5s/MwBV0Gju9AH1YcgA$WPUdbrys/M/Cu7xp/wVOByT/CvG2H8qex+Mb18TEI7U;MEMBRE;28/01/2025
603;Henry;Mathis;mathis.henry603@example-gym.fr;$argon2id$v=19$m=8192,t=1,p=1$muL5s/MwBV0Gju9AH1YcgA$WPUdbrys/M/Cu7xp/wVOByT/CvG2H8qex+Mb18TEI7U;MEMBRE;23/06/2023
604;Muller;Laura;laura.muller604@example-gym.fr;$argon2id$v=19$m=8192,t=1,p=1$muL5s/MwBV0Gju9AH1YcgA$WPUdbrys/M/Cu7xp/wVOByT/CvG2H8qex+Mb18TEI7U;MEMBRE;07/04/2026
605;Gaillard;Julien;julien.gaillard605@example-gym.fr;$argon2id$v=19$m=8192,t=1,p=1$muL5s/MwBV0Gju9AH1YcgA$WPUdbrys/M/Cu7xp/wVOByT/CvG2H8qex+Mb18TEI7U;MEMBRE;20/04/2026
606;Robert;Bastien;bastien.robert606@example-gym.fr;$argon2id$v=19$m=8192,t=1,p=1$muL5s/MwBV0Gju9AH1YcgA$WPUdbrys/M/Cu7xp/wVOByT/CvG2H8qex+Mb18TEI7U;MEMBRE;04/09/2024
607;Clement;Julien;julien.clement607@example-gym.fr;$argon2id$v=19$m=8192,t=1,p=1$muL5s/MwBV0Gju9AH1YcgA$WPUdbrys/M/Cu7xp/wVOByT/CvG2H8qex+Mb18TEI7U;MEMBRE;05/10/2023
608;Caron;Paul;paul.caron608@example-gym.fr;$argon2id$v=19$m=8192,t=1,p=1$muL5s/MwBV0Gju9AH1YcgA$WPUdbrys/M/Cu7xp/wVOByT/CvG2H8qex+Mb18TEI7U;MEMBRE;25/05/2024
609;Gautier;Emma;emma.gautier609@example-gym.fr;$argon2id$v=19$m=8192,t=1,p=1$muL5s/MwBV0Gju9AH1YcgA$WPUdbrys/M/Cu7xp/wVOByT/CvG2H8qex+Mb18TEI7U;MEMBRE;08/06/2023
610;Meyer;Mélanie;melanie.meyer610@example-gym.fr;$argon2id$v=19$m=8192,t=1,p=1$muL5s/MwBV0Gju9AH1YcgA$WPUdbrys/M/Cu7xp/wVOByT/CvG2H8qex+Mb18TEI7U;MEMBRE;01/11/2024
611;Bertrand;Clara;clara.bertrand611@example-gym.fr;$argon2id$v=19$m=8192,t=1,p=1$muL5s/MwBV0Gju9AH1YcgA$WPUdbrys/M/Cu7xp/wVOByT/CvG2H8qex+Mb18TEI7U;MEMBRE;05/07/2026
612;Robert;Arthur;arthur.robert612@example-gym.fr;$argon2id$v=19$m=8192,t=1,p=1$muL5s/MwBV0Gju9AH1YcgA$WPUdbrys/M/Cu7xp/wVOByT/CvG2H8qex+Mb18TEI7U;MEMBRE;15/02/2026
613;Leroy;Mia;mia.leroy613@example-gym.fr;$argon2id$v=19$m=8192,t=1,p=1$muL5s/MwBV0Gju9AH1YcgA$WPUdbrys/M/Cu7xp/wVOByT/CvG2H8qex+Mb18TEI7U;MEMBRE;08/05/2026
614;Riviere;Théo;theo.riviere614@example-gym.fr;$argon2id$v=19$m=8192,t=1,p=1$muL5s/MwBV0Gju9AH1YcgA$WPUdbrys/M/Cu7xp/wVOByT/CvG2H8qex+Mb18TEI7U;MEMBRE;06/12/2025
615;Clement;Eva;eva.clement615@example-gym.fr;$argon2id$v=19$m=8192,t=1,p=1$muL5s/MwBV0Gju9AH1YcgA$WPUdbrys/M/Cu7xp/wVOByT/CvG2H8qex+Mb18TEI7U;MEMBRE;12/07/2025
616;Lefebvre;Sophie;sophie.lefebvre616@example-gym.fr;$argon2id$v=19$m=8192,t=1,p=1$muL5s/MwBV0Gju9AH1YcgA$WPUdbrys/M/Cu7xp/wVOByT/CvG2H8qex+Mb18TEI7U;MEMBRE;20/04/2024
617;Mercier;Arthur;arthur.mercier617@example-gym.fr;$argon2id$v=19$m=8192,t=1,p=1$muL5s/MwBV0Gju9AH1YcgA$WPUdbrys/M/Cu7xp/wVOByT/CvG2H8qex+Mb18TEI7U;MEMBRE;20/06/2026
618;David;Enzo;enzo.david618@example-gym.fr;$argon2id$v=19$m=8192,t=1,p=1$muL5s/MwBV0Gju9AH1YcgA$WPUdbrys/M/Cu7xp/wVOByT/CvG2H8qex+Mb18TEI7U;MEMBRE;24/09/2024
619;Lemaire;Clara;clara.lemaire619@example-gym.fr;$argon2id$v=19$m=8192,t=1,p=1$muL5s/MwBV0Gju9AH1YcgA$WPUdbrys/M/Cu7xp/wVOByT/CvG2H8qex+Mb18TEI7U;MEMBRE;07/05/2025
620;Bernard;Nathan;nathan.bernard620@example-gym.fr;$argon2id$v=19$m=8192,t=1,p=1$muL5s/MwBV0Gju9AH1YcgA$WPUdbrys/M/Cu7xp/wVOByT/CvG2H8qex+Mb18TEI7U;MEMBRE;08/01/2026
621;Martinez;Antoine;antoine.martinez621@example-gym.fr;$argon2id$v=19$m=8192,t=1,p=1$muL5s/MwBV0Gju9AH1YcgA$WPUdbrys/M/Cu7xp/wVOByT/CvG2H8qex+Mb18TEI7U;MEMBRE;03/09/2023
622;Lefebvre;Laura;laura.lefebvre622@example-gym.fr;$argon2id$v=19$m=8192,t=1,p=1$muL5s/MwBV0Gju9AH1YcgA$WPUdbrys/M/Cu7xp/wVOByT/CvG2H8qex+Mb18TEI7U;MEMBRE;29/07/2024
623;Giraud;Adam;adam.giraud623@example-gym.fr;$argon2id$v=19$m=8192,t=1,p=1$muL5s/MwBV0Gju9AH1YcgA$WPUdbrys/M/Cu7xp/wVOByT/CvG2H8qex+Mb18TEI7U;MEMBRE;23/06/2025
624;Blanchard;Laura;laura.blanchard624@example-gym.fr;$argon2id$v=19$m=8192,t=1,p=1$muL5s/MwBV0Gju9AH1YcgA$WPUdbrys/M/Cu7xp/wVOByT/CvG2H8qex+Mb18TEI7U;MEMBRE;16/04/2026
625;Gaillard;Jeanne;jeanne.gaillard625@example-gym.fr;$argon2id$v=19$m=8192,t=1,p=1$muL5s/MwBV0Gju9AH1YcgA$WPUdbrys/M/Cu7xp/wVOByT/CvG2H8qex+Mb18TEI7U;MEMBRE;20/11/2023
626;Francois;Alexandre;alexandre.francois626@example-gym.fr;$argon2id$v=19$m=8192,t=1,p=1$muL5s/MwBV0Gju9AH1YcgA$WPUdbrys/M/Cu7xp/wVOByT/CvG2H8qex+Mb18TEI7U;MEMBRE;31/03/2025
627;Giraud;Marion;marion.giraud627@example-gym.fr;$argon2id$v=19$m=8192,t=1,p=1$muL5s/MwBV0Gju9AH1YcgA$WPUdbrys/M/Cu7xp/wVOByT/CvG2H8qex+Mb18TEI7U;MEMBRE;23/05/2025
628;Guerin;Bastien;bastien.guerin628@example-gym.fr;$argon2id$v=19$m=8192,t=1,p=1$muL5s/MwBV0Gju9AH1YcgA$WPUdbrys/M/Cu7xp/wVOByT/CvG2H8qex+Mb18TEI7U;MEMBRE;02/06/2025
629;Giraud;Thomas;thomas.giraud629@example-gym.fr;$argon2id$v=19$m=8192,t=1,p=1$muL5s/MwBV0Gju9AH1YcgA$WPUdbrys/M/Cu7xp/wVOByT/CvG2H8qex+Mb18TEI7U;MEMBRE;30/07/2026
630;Morel;Rose;rose.morel630@example-gym.fr;$argon2id$v=19$m=8192,t=1,p=1$muL5s/MwBV0Gju9AH1YcgA$WPUdbrys/M/Cu7xp/wVOByT/CvG2H8qex+Mb18TEI7U;MEMBRE;10/10/2024
631;Roussel;Mia;mia.roussel631@example-gym.fr;$argon2id$v=19$m=8192,t=1,p=1$muL5s/MwBV0Gju9AH1YcgA$WPUdbrys/M/Cu7xp/wVOByT/CvG2H8qex+Mb18TEI7U;MEMBRE;03/05/2023
632;Faure;Jeanne;jeanne.faure632@example-gym.fr;$argon2id$v=19$m=8192,t=1,p=1$muL5s/MwBV0Gju9AH1YcgA$WPUdbrys/M/Cu7xp/wVOByT/CvG2H8qex+Mb18TEI7U;MEMBRE;17/11/2023
633;Girard;Camille;camille.girard633@example-gym.fr;$argon2id$v=19$m=8192,t=1,p=1$muL5s/MwBV0Gju9AH1YcgA$WPUdbrys/M/Cu7xp/wVOByT/CvG2H8qex+Mb18TEI7U;MEMBRE;07/06/2026
634;Mathieu;Agathe;agathe.mathieu634@example-gym.fr;$argon2id$v=19$m=8192,t=1,p=1$muL5s/MwBV0Gju9AH1YcgA$WPUdbrys/M/Cu7xp/wVOByT/CvG2H8qex+Mb18TEI7U;MEMBRE;01/11/2024
635;Blanchard;Gabriel;gabriel.blanchard635@example-gym.fr;$argon2id$v=19$m=8192,t=1,p=1$muL5s/MwBV0Gju9AH1YcgA$WPUdbrys/M/Cu7xp/wVOByT/CvG2H8qex+Mb18TEI7U;MEMBRE;15/09/2024
636;Gautier;Hugo;hugo.gautier636@example-gym.fr;$argon2id$v=19$m=8192,t=1,p=1$muL5s/MwBV0Gju9AH1YcgA$WPUdbrys/M/Cu7xp/wVOByT/CvG2H8qex+Mb18TEI7U;MEMBRE;07/12/2024
637;David;Hugo;hugo.david637@example-gym.fr;$argon2id$v=19$m=8192,t=1,p=1$muL5s/MwBV0Gju9AH1YcgA$WPUdbrys/M/Cu7xp/wVOByT/CvG2H8qex+Mb18TEI7U;MEMBRE;25/11/2025
638;Roche;Alice;alice.roche638@example-gym.fr;$argon2id$v=19$m=8192,t=1,p=1$muL5s/MwBV0Gju9AH1YcgA$WPUdbrys/M/Cu7xp/wVOByT/CvG2H8qex+Mb18TEI7U;MEMBRE;06/02/2026
639;Masson;Manon;manon.masson639@example-gym.fr;$argon2id$v=19$m=8192,t=1,p=1$muL5s/MwBV0Gju9AH1YcgA$WPUdbrys/M/Cu7xp/wVOByT/CvG2H8qex+Mb18TEI7U;MEMBRE;05/03/2025
640;Lemaire;Manon;manon.lemaire640@example-gym.fr;$argon2id$v=19$m=8192,t=1,p=1$muL5s/MwBV0Gju9AH1YcgA$WPUdbrys/M/Cu7xp/wVOByT/CvG2H8qex+Mb18TEI7U;MEMBRE;18/06/2023
641;Brun;Inès;ines.brun641@example-gym.fr;$argon2id$v=19$m=8192,t=1,p=1$muL5s/MwBV0Gju9AH1YcgA$WPUdbrys/M/Cu7xp/wVOByT/CvG2H8qex+Mb18TEI7U;MEMBRE;17/10/2025
642;Riviere;Mathilde;mathilde.riviere642@example-gym.fr;$argon2id$v=19$m=8192,t=1,p=1$muL5s/MwBV0Gju9AH1YcgA$WPUdbrys/M/Cu7xp/wVOByT/CvG2H8qex+Mb18TEI7U;MEMBRE;10/12/2025
643;Dufour;Guillaume;guillaume.dufour643@example-gym.fr;$argon2id$v=19$m=8192,t=1,p=1$muL5s/MwBV0Gju9AH1YcgA$WPUdbrys/M/Cu7xp/wVOByT/CvG2H8qex+Mb18TEI7U;MEMBRE;29/10/2024
644;Thomas;Célia;celia.thomas644@example-gym.fr;$argon2id$v=19$m=8192,t=1,p=1$muL5s/MwBV0Gju9AH1YcgA$WPUdbrys/M/Cu7xp/wVOByT/CvG2H8qex+Mb18TEI7U;MEMBRE;24/08/2023
645;Thomas;Alice;alice.thomas645@example-gym.fr;$argon2id$v=19$m=8192,t=1,p=1$muL5s/MwBV0Gju9AH1YcgA$WPUdbrys/M/Cu7xp/wVOByT/CvG2H8qex+Mb18TEI7U;MEMBRE;30/03/2026
646;Durand;Rose;rose.durand646@example-gym.fr;$argon2id$v=19$m=8192,t=1,p=1$muL5s/MwBV0Gju9AH1YcgA$WPUdbrys/M/Cu7xp/wVOByT/CvG2H8qex+Mb18TEI7U;MEMBRE;23/04/2026
647;Clement;Anaïs;anais.clement647@example-gym.fr;$argon2id$v=19$m=8192,t=1,p=1$muL5s/MwBV0Gju9AH1YcgA$WPUdbrys/M/Cu7xp/wVOByT/CvG2H8qex+Mb18TEI7U;MEMBRE;23/09/2024
648;David;Victor;victor.david648@example-gym.fr;$argon2id$v=19$m=8192,t=1,p=1$muL5s/MwBV0Gju9AH1YcgA$WPUdbrys/M/Cu7xp/wVOByT/CvG2H8qex+Mb18TEI7U;MEMBRE;21/08/2023
649;Meunier;Adrien;adrien.meunier649@example-gym.fr;$argon2id$v=19$m=8192,t=1,p=1$muL5s/MwBV0Gju9AH1YcgA$WPUdbrys/M/Cu7xp/wVOByT/CvG2H8qex+Mb18TEI7U;MEMBRE;13/06/2026
650;Blanc;Agathe;agathe.blanc650@example-gym.fr;$argon2id$v=19$m=8192,t=1,p=1$muL5s/MwBV0Gju9AH1YcgA$WPUdbrys/M/Cu7xp/wVOByT/CvG2H8qex+Mb18TEI7U;MEMBRE;05/10/2023
651;Roux;Sarah;sarah.roux651@example-gym.fr;$argon2id$v=19$m=8192,t=1,p=1$muL5s/MwBV0Gju9AH1YcgA$WPUdbrys/M/Cu7xp/wVOByT/CvG2H8qex+Mb18TEI7U;MEMBRE;17/05/2023
652;Leroy;Maxime;maxime.leroy652@example-gym.fr;$argon2id$v=19$m=8192,t=1,p=1$muL5s/MwBV0Gju9AH1YcgA$WPUdbrys/M/Cu7xp/wVOByT/CvG2H8qex+Mb18TEI7U;MEMBRE;26/07/2026
653;Denis;Amandine;amandine.denis653@example-gym.fr;$argon2id$v=19$m=8192,t=1,p=1$muL5s/MwBV0Gju9AH1YcgA$WPUdbrys/M/Cu7xp/wVOByT/CvG2H8qex+Mb18TEI7U;MEMBRE;07/10/2023
654;Mathieu;Émilie;emilie.mathieu654@example-gym.fr;$argon2id$v=19$m=8192,t=1,p=1$muL5s/MwBV0Gju9AH1YcgA$WPUdbrys/M/Cu7xp/wVOByT/CvG2H8qex+Mb18TEI7U;MEMBRE;03/08/2026
655;Petit;Mathis;mathis.petit655@example-gym.fr;$argon2id$v=19$m=8192,t=1,p=1$muL5s/MwBV0Gju9AH1YcgA$WPUdbrys/M/Cu7xp/wVOByT/CvG2H8qex+Mb18TEI7U;MEMBRE;31/12/2023
656;Thomas;Margaux;margaux.thomas656@example-gym.fr;$argon2id$v=19$m=8192,t=1,p=1$muL5s/MwBV0Gju9AH1YcgA$WPUdbrys/M/Cu7xp/wVOByT/CvG2H8qex+Mb18TEI7U;MEMBRE;05/10/2023
657;David;Théo;theo.david657@example-gym.fr;$argon2id$v=19$m=8192,t=1,p=1$muL5s/MwBV0Gju9AH1YcgA$WPUdbrys/M/Cu7xp/wVOByT/CvG2H8qex+Mb18TEI7U;MEMBRE;27/09/2024
658;Arnaud;Sophie;sophie.arnaud658@example-gym.fr;$argon2id$v=19$m=8192,t=1,p=1$muL5s/MwBV0Gju9AH1YcgA$WPUdbrys/M/Cu7xp/wVOByT/CvG2H8qex+Mb18TEI7U;MEMBRE;16/08/2024
659;Henry;Arthur;arthur.henry659@example-gym.fr;$argon2id$v=19$m=8192,t=1,p=1$muL5s/MwBV0Gju9AH1YcgA$WPUdbrys/M/Cu7xp/wVOByT/CvG2H8qex+Mb18TEI7U;MEMBRE;11/09/2024
660;Blanc;Léna;lena.blanc660@example-gym.fr;$argon2id$v=19$m=8192,t=1,p=1$muL5s/MwBV0Gju9AH1YcgA$WPUdbrys/M/Cu7xp/wVOByT/CvG2H8qex+Mb18TEI7U;MEMBRE;10/07/2024
661;Fournier;Océane;oceane.fournier661@example-gym.fr;$argon2id$v=19$m=8192,t=1,p=1$muL5s/MwBV0Gju9AH1YcgA$WPUdbrys/M/Cu7xp/wVOByT/CvG2H8qex+Mb18TEI7U;MEMBRE;21/09/2023
662;Henry;Kevin;kevin.henry662@example-gym.fr;$argon2id$v=19$m=8192,t=1,p=1$muL5s/MwBV0Gju9AH1YcgA$WPUdbrys/M/Cu7xp/wVOByT/CvG2H8qex+Mb18TEI7U;MEMBRE;08/06/2025
663;Fontaine;Florian;florian.fontaine663@example-gym.fr;$argon2id$v=19$m=8192,t=1,p=1$muL5s/MwBV0Gju9AH1YcgA$WPUdbrys/M/Cu7xp/wVOByT/CvG2H8qex+Mb18TEI7U;MEMBRE;03/11/2023
664;Garcia;Eva;eva.garcia664@example-gym.fr;$argon2id$v=19$m=8192,t=1,p=1$muL5s/MwBV0Gju9AH1YcgA$WPUdbrys/M/Cu7xp/wVOByT/CvG2H8qex+Mb18TEI7U;MEMBRE;30/07/2026
665;Vincent;Anaïs;anais.vincent665@example-gym.fr;$argon2id$v=19$m=8192,t=1,p=1$muL5s/MwBV0Gju9AH1YcgA$WPUdbrys/M/Cu7xp/wVOByT/CvG2H8qex+Mb18TEI7U;MEMBRE;13/08/2023
666;Mathieu;Célia;celia.mathieu666@example-gym.fr;$argon2id$v=19$m=8192,t=1,p=1$muL5s/MwBV0Gju9AH1YcgA$WPUdbrys/M/Cu7xp/wVOByT/CvG2H8qex+Mb18TEI7U;MEMBRE;28/01/2026
667;Marie;Marion;marion.marie667@example-gym.fr;$argon2id$v=19$m=8192,t=1,p=1$muL5s/MwBV0Gju9AH1YcgA$WPUdbrys/M/Cu7xp/wVOByT/CvG2H8qex+Mb18TEI7U;MEMBRE;02/05/2025
668;Brunet;Nicolas;nicolas.brunet668@example-gym.fr;$argon2id$v=19$m=8192,t=1,p=1$muL5s/MwBV0Gju9AH1YcgA$WPUdbrys/M/Cu7xp/wVOByT/CvG2H8qex+Mb18TEI7U;MEMBRE;10/06/2023
669;Dubois;Zoé;zoe.dubois669@example-gym.fr;$argon2id$v=19$m=8192,t=1,p=1$muL5s/MwBV0Gju9AH1YcgA$WPUdbrys/M/Cu7xp/wVOByT/CvG2H8qex+Mb18TEI7U;MEMBRE;28/02/2026
670;Gaillard;Mathilde;mathilde.gaillard670@example-gym.fr;$argon2id$v=19$m=8192,t=1,p=1$muL5s/MwBV0Gju9AH1YcgA$WPUdbrys/M/Cu7xp/wVOByT/CvG2H8qex+Mb18TEI7U;MEMBRE;22/08/2024
671;Roy;Noah;noah.roy671@example-gym.fr;$argon2id$v=19$m=8192,t=1,p=1$muL5s/MwBV0Gju9AH1YcgA$WPUdbrys/M/Cu7xp/wVOByT/CvG2H8qex+Mb18TEI7U;MEMBRE;28/01/2026
672;Mercier;Margaux;margaux.mercier672@example-gym.fr;$argon2id$v=19$m=8192,t=1,p=1$muL5s/MwBV0Gju9AH1YcgA$WPUdbrys/M/Cu7xp/wVOByT/CvG2H8qex+Mb18TEI7U;MEMBRE;15/09/2025
673;Robin;Hugo;hugo.robin673@example-gym.fr;$argon2id$v=19$m=8192,t=1,p=1$muL5s/MwBV0Gju9AH1YcgA$WPUdbrys/M/Cu7xp/wVOByT/CvG2H8qex+Mb18TEI7U;MEMBRE;08/06/2024
674;Robert;Axel;axel.robert674@example-gym.fr;$argon2id$v=19$m=8192,t=1,p=1$muL5s/MwBV0Gju9AH1YcgA$WPUdbrys/M/Cu7xp/wVOByT/CvG2H8qex+Mb18TEI7U;MEMBRE;17/03/2024
675;Roux;Victor;victor.roux675@example-gym.fr;$argon2id$v=19$m=8192,t=1,p=1$muL5s/MwBV0Gju9AH1YcgA$WPUdbrys/M/Cu7xp/wVOByT/CvG2H8qex+Mb18TEI7U;MEMBRE;11/07/2025
676;Marie;Louise;louise.marie676@example-gym.fr;$argon2id$v=19$m=8192,t=1,p=1$muL5s/MwBV0Gju9AH1YcgA$WPUdbrys/M/Cu7xp/wVOByT/CvG2H8qex+Mb18TEI7U;MEMBRE;11/11/2025
677;Denis;Inès;ines.denis677@example-gym.fr;$argon2id$v=19$m=8192,t=1,p=1$muL5s/MwBV0Gju9AH1YcgA$WPUdbrys/M/Cu7xp/wVOByT/CvG2H8qex+Mb18TEI7U;MEMBRE;04/06/2026
678;Roy;Valentin;valentin.roy678@example-gym.fr;$argon2id$v=19$m=8192,t=1,p=1$muL5s/MwBV0Gju9AH1YcgA$WPUdbrys/M/Cu7xp/wVOByT/CvG2H8qex+Mb18TEI7U;MEMBRE;17/03/2023
679;Gautier;Eva;eva.gautier679@example-gym.fr;$argon2id$v=19$m=8192,t=1,p=1$muL5s/MwBV0Gju9AH1YcgA$WPUdbrys/M/Cu7xp/wVOByT/CvG2H8qex+Mb18TEI7U;MEMBRE;05/03/2026
680;Robert;Sarah;sarah.robert680@example-gym.fr;$argon2id$v=19$m=8192,t=1,p=1$muL5s/MwBV0Gju9AH1YcgA$WPUdbrys/M/Cu7xp/wVOByT/CvG2H8qex+Mb18TEI7U;MEMBRE;15/05/2026
681;Lucas;Adam;adam.lucas681@example-gym.fr;$argon2id$v=19$m=8192,t=1,p=1$muL5s/MwBV0Gju9AH1YcgA$WPUdbrys/M/Cu7xp/wVOByT/CvG2H8qex+Mb18TEI7U;MEMBRE;26/06/2026
682;Boyer;Maël;mael.boyer682@example-gym.fr;$argon2id$v=19$m=8192,t=1,p=1$muL5s/MwBV0Gju9AH1YcgA$WPUdbrys/M/Cu7xp/wVOByT/CvG2H8qex+Mb18TEI7U;MEMBRE;01/10/2025
683;Blanchard;Clément;clement.blanchard683@example-gym.fr;$argon2id$v=19$m=8192,t=1,p=1$muL5s/MwBV0Gju9AH1YcgA$WPUdbrys/M/Cu7xp/wVOByT/CvG2H8qex+Mb18TEI7U;MEMBRE;09/06/2023
684;Legrand;Élodie;elodie.legrand684@example-gym.fr;$argon2id$v=19$m=8192,t=1,p=1$muL5s/MwBV0Gju9AH1YcgA$WPUdbrys/M/Cu7xp/wVOByT/CvG2H8qex+Mb18TEI7U;MEMBRE;10/05/2024
685;Lemaire;Célia;celia.lemaire685@example-gym.fr;$argon2id$v=19$m=8192,t=1,p=1$muL5s/MwBV0Gju9AH1YcgA$WPUdbrys/M/Cu7xp/wVOByT/CvG2H8qex+Mb18TEI7U;MEMBRE;10/09/2024
686;Clement;Océane;oceane.clement686@example-gym.fr;$argon2id$v=19$m=8192,t=1,p=1$muL5s/MwBV0Gju9AH1YcgA$WPUdbrys/M/Cu7xp/wVOByT/CvG2H8qex+Mb18TEI7U;MEMBRE;23/09/2024
687;Dufour;Alice;alice.dufour687@example-gym.fr;$argon2id$v=19$m=8192,t=1,p=1$muL5s/MwBV0Gju9AH1YcgA$WPUdbrys/M/Cu7xp/wVOByT/CvG2H8qex+Mb18TEI7U;MEMBRE;06/01/2024
688;Giraud;Emma;emma.giraud688@example-gym.fr;$argon2id$v=19$m=8192,t=1,p=1$muL5s/MwBV0Gju9AH1YcgA$WPUdbrys/M/Cu7xp/wVOByT/CvG2H8qex+Mb18TEI7U;MEMBRE;17/05/2024
689;Colin;Léna;lena.colin689@example-gym.fr;$argon2id$v=19$m=8192,t=1,p=1$muL5s/MwBV0Gju9AH1YcgA$WPUdbrys/M/Cu7xp/wVOByT/CvG2H8qex+Mb18TEI7U;MEMBRE;08/11/2025
690;Rousseau;Louis;louis.rousseau690@example-gym.fr;$argon2id$v=19$m=8192,t=1,p=1$muL5s/MwBV0Gju9AH1YcgA$WPUdbrys/M/Cu7xp/wVOByT/CvG2H8qex+Mb18TEI7U;MEMBRE;09/01/2025
691;Roussel;Léo;leo.roussel691@example-gym.fr;$argon2id$v=19$m=8192,t=1,p=1$muL5s/MwBV0Gju9AH1YcgA$WPUdbrys/M/Cu7xp/wVOByT/CvG2H8qex+Mb18TEI7U;MEMBRE;22/12/2024
692;Durand;Axel;axel.durand692@example-gym.fr;$argon2id$v=19$m=8192,t=1,p=1$muL5s/MwBV0Gju9AH1YcgA$WPUdbrys/M/Cu7xp/wVOByT/CvG2H8qex+Mb18TEI7U;MEMBRE;16/03/2024
693;Thomas;Paul;paul.thomas693@example-gym.fr;$argon2id$v=19$m=8192,t=1,p=1$muL5s/MwBV0Gju9AH1YcgA$WPUdbrys/M/Cu7xp/wVOByT/CvG2H8qex+Mb18TEI7U;MEMBRE;21/06/2024
694;Fournier;Hugo;hugo.fournier694@example-gym.fr;$argon2id$v=19$m=8192,t=1,p=1$muL5s/MwBV0Gju9AH1YcgA$WPUdbrys/M/Cu7xp/wVOByT/CvG2H8qex+Mb18TEI7U;MEMBRE;05/01/2026
695;Legrand;Guillaume;guillaume.legrand695@example-gym.fr;$argon2id$v=19$m=8192,t=1,p=1$muL5s/MwBV0Gju9AH1YcgA$WPUdbrys/M/Cu7xp/wVOByT/CvG2H8qex+Mb18TEI7U;MEMBRE;27/05/2025
696;Denis;Charlotte;charlotte.denis696@example-gym.fr;$argon2id$v=19$m=8192,t=1,p=1$muL5s/MwBV0Gju9AH1YcgA$WPUdbrys/M/Cu7xp/wVOByT/CvG2H8qex+Mb18TEI7U;MEMBRE;14/04/2025
697;Lefebvre;Bastien;bastien.lefebvre697@example-gym.fr;$argon2id$v=19$m=8192,t=1,p=1$muL5s/MwBV0Gju9AH1YcgA$WPUdbrys/M/Cu7xp/wVOByT/CvG2H8qex+Mb18TEI7U;MEMBRE;17/02/2026
698;Noel;Charlotte;charlotte.noel698@example-gym.fr;$argon2id$v=19$m=8192,t=1,p=1$muL5s/MwBV0Gju9AH1YcgA$WPUdbrys/M/Cu7xp/wVOByT/CvG2H8qex+Mb18TEI7U;MEMBRE;13/07/2026
699;Vidal;Valentin;valentin.vidal699@example-gym.fr;$argon2id$v=19$m=8192,t=1,p=1$muL5s/MwBV0Gju9AH1YcgA$WPUdbrys/M/Cu7xp/wVOByT/CvG2H8qex+Mb18TEI7U;MEMBRE;26/03/2025
700;Girard;Lucas;lucas.girard700@example-gym.fr;$argon2id$v=19$m=8192,t=1,p=1$muL5s/MwBV0Gju9AH1YcgA$WPUdbrys/M/Cu7xp/wVOByT/CvG2H8qex+Mb18TEI7U;MEMBRE;14/05/2023
701;Fontaine;Nina;nina.fontaine701@example-gym.fr;$argon2id$v=19$m=8192,t=1,p=1$muL5s/MwBV0Gju9AH1YcgA$WPUdbrys/M/Cu7xp/wVOByT/CvG2H8qex+Mb18TEI7U;MEMBRE;15/04/2023
702;Riviere;Julien;julien.riviere702@example-gym.fr;$argon2id$v=19$m=8192,t=1,p=1$muL5s/MwBV0Gju9AH1YcgA$WPUdbrys/M/Cu7xp/wVOByT/CvG2H8qex+Mb18TEI7U;MEMBRE;13/08/2024
703;Renard;Romain;romain.renard703@example-gym.fr;$argon2id$v=19$m=8192,t=1,p=1$muL5s/MwBV0Gju9AH1YcgA$WPUdbrys/M/Cu7xp/wVOByT/CvG2H8qex+Mb18TEI7U;MEMBRE;05/05/2025
704;Vidal;Amandine;amandine.vidal704@example-gym.fr;$argon2id$v=19$m=8192,t=1,p=1$muL5s/MwBV0Gju9AH1YcgA$WPUdbrys/M/Cu7xp/wVOByT/CvG2H8qex+Mb18TEI7U;MEMBRE;03/04/2026
705;Thomas;Océane;oceane.thomas705@example-gym.fr;$argon2id$v=19$m=8192,t=1,p=1$muL5s/MwBV0Gju9AH1YcgA$WPUdbrys/M/Cu7xp/wVOByT/CvG2H8qex+Mb18TEI7U;MEMBRE;22/03/2026
706;Blanchard;Camille;camille.blanchard706@example-gym.fr;$argon2id$v=19$m=8192,t=1,p=1$muL5s/MwBV0Gju9AH1YcgA$WPUdbrys/M/Cu7xp/wVOByT/CvG2H8qex+Mb18TEI7U;MEMBRE;08/03/2023
707;Roy;Ethan;ethan.roy707@example-gym.fr;$argon2id$v=19$m=8192,t=1,p=1$muL5s/MwBV0Gju9AH1YcgA$WPUdbrys/M/Cu7xp/wVOByT/CvG2H8qex+Mb18TEI7U;MEMBRE;02/12/2025
708;Noel;Anaïs;anais.noel708@example-gym.fr;$argon2id$v=19$m=8192,t=1,p=1$muL5s/MwBV0Gju9AH1YcgA$WPUdbrys/M/Cu7xp/wVOByT/CvG2H8qex+Mb18TEI7U;MEMBRE;28/02/2025
709;Gautier;Mathieu;mathieu.gautier709@example-gym.fr;$argon2id$v=19$m=8192,t=1,p=1$muL5s/MwBV0Gju9AH1YcgA$WPUdbrys/M/Cu7xp/wVOByT/CvG2H8qex+Mb18TEI7U;MEMBRE;01/02/2023
710;Blanc;Adam;adam.blanc710@example-gym.fr;$argon2id$v=19$m=8192,t=1,p=1$muL5s/MwBV0Gju9AH1YcgA$WPUdbrys/M/Cu7xp/wVOByT/CvG2H8qex+Mb18TEI7U;MEMBRE;18/08/2026
711;Andre;Sarah;sarah.andre711@example-gym.fr;$argon2id$v=19$m=8192,t=1,p=1$muL5s/MwBV0Gju9AH1YcgA$WPUdbrys/M/Cu7xp/wVOByT/CvG2H8qex+Mb18TEI7U;MEMBRE;06/04/2024
712;Chevalier;Camille;camille.chevalier712@example-gym.fr;$argon2id$v=19$m=8192,t=1,p=1$muL5s/MwBV0Gju9AH1YcgA$WPUdbrys/M/Cu7xp/wVOByT/CvG2H8qex+Mb18TEI7U;MEMBRE;23/12/2025
713;Joly;Ambre;ambre.joly713@example-gym.fr;$argon2id$v=19$m=8192,t=1,p=1$muL5s/MwBV0Gju9AH1YcgA$WPUdbrys/M/Cu7xp/wVOByT/CvG2H8qex+Mb18TEI7U;MEMBRE;15/08/2025
714;Thomas;Manon;manon.thomas714@example-gym.fr;$argon2id$v=19$m=8192,t=1,p=1$muL5s/MwBV0Gju9AH1YcgA$WPUdbrys/M/Cu7xp/wVOByT/CvG2H8qex+Mb18TEI7U;MEMBRE;21/07/2025
715;Brunet;Mélanie;melanie.brunet715@example-gym.fr;$argon2id$v=19$m=8192,t=1,p=1$muL5s/MwBV0Gju9AH1YcgA$WPUdbrys/M/Cu7xp/wVOByT/CvG2H8qex+Mb18TEI7U;MEMBRE;21/01/2026
716;Fontaine;Quentin;quentin.fontaine716@example-gym.fr;$argon2id$v=19$m=8192,t=1,p=1$muL5s/MwBV0Gju9AH1YcgA$WPUdbrys/M/Cu7xp/wVOByT/CvG2H8qex+Mb18TEI7U;MEMBRE;11/07/2025
717;Moreau;Camille;camille.moreau717@example-gym.fr;$argon2id$v=19$m=8192,t=1,p=1$muL5s/MwBV0Gju9AH1YcgA$WPUdbrys/M/Cu7xp/wVOByT/CvG2H8qex+Mb18TEI7U;MEMBRE;26/11/2023
718;Lambert;Quentin;quentin.lambert718@example-gym.fr;$argon2id$v=19$m=8192,t=1,p=1$muL5s/MwBV0Gju9AH1YcgA$WPUdbrys/M/Cu7xp/wVOByT/CvG2H8qex+Mb18TEI7U;MEMBRE;11/09/2025
719;Laurent;Alice;alice.laurent719@example-gym.fr;$argon2id$v=19$m=8192,t=1,p=1$muL5s/MwBV0Gju9AH1YcgA$WPUdbrys/M/Cu7xp/wVOByT/CvG2H8qex+Mb18TEI7U;MEMBRE;10/01/2025
720;Rousseau;Tom;tom.rousseau720@example-gym.fr;$argon2id$v=19$m=8192,t=1,p=1$muL5s/MwBV0Gju9AH1YcgA$WPUdbrys/M/Cu7xp/wVOByT/CvG2H8qex+Mb18TEI7U;MEMBRE;12/11/2025
721;Morin;Mathieu;mathieu.morin721@example-gym.fr;$argon2id$v=19$m=8192,t=1,p=1$muL5s/MwBV0Gju9AH1YcgA$WPUdbrys/M/Cu7xp/wVOByT/CvG2H8qex+Mb18TEI7U;MEMBRE;18/10/2023
722;Muller;Sophie;sophie.muller722@example-gym.fr;$argon2id$v=19$m=8192,t=1,p=1$muL5s/MwBV0Gju9AH1YcgA$WPUdbrys/M/Cu7xp/wVOByT/CvG2H8qex+Mb18TEI7U;MEMBRE;07/05/2023
723;Roy;Ambre;ambre.roy723@example-gym.fr;$argon2id$v=19$m=8192,t=1,p=1$muL5s/MwBV0Gju9AH1YcgA$WPUdbrys/M/Cu7xp/wVOByT/CvG2H8qex+Mb18TEI7U;MEMBRE;15/06/2023
724;Garnier;Kevin;kevin.garnier724@example-gym.fr;$argon2id$v=19$m=8192,t=1,p=1$muL5s/MwBV0Gju9AH1YcgA$WPUdbrys/M/Cu7xp/wVOByT/CvG2H8qex+Mb18TEI7U;MEMBRE;10/01/2025
725;Morel;Benjamin;benjamin.morel725@example-gym.fr;$argon2id$v=19$m=8192,t=1,p=1$muL5s/MwBV0Gju9AH1YcgA$WPUdbrys/M/Cu7xp/wVOByT/CvG2H8qex+Mb18TEI7U;MEMBRE;17/02/2023
726;Denis;Zoé;zoe.denis726@example-gym.fr;$argon2id$v=19$m=8192,t=1,p=1$muL5s/MwBV0Gju9AH1YcgA$WPUdbrys/M/Cu7xp/wVOByT/CvG2H8qex+Mb18TEI7U;MEMBRE;08/10/2025
727;Morel;Lina;lina.morel727@example-gym.fr;$argon2id$v=19$m=8192,t=1,p=1$muL5s/MwBV0Gju9AH1YcgA$WPUdbrys/M/Cu7xp/wVOByT/CvG2H8qex+Mb18TEI7U;MEMBRE;03/05/2026
728;Simon;Emma;emma.simon728@example-gym.fr;$argon2id$v=19$m=8192,t=1,p=1$muL5s/MwBV0Gju9AH1YcgA$WPUdbrys/M/Cu7xp/wVOByT/CvG2H8qex+Mb18TEI7U;MEMBRE;02/07/2024
729;Arnaud;Simon;simon.arnaud729@example-gym.fr;$argon2id$v=19$m=8192,t=1,p=1$muL5s/MwBV0Gju9AH1YcgA$WPUdbrys/M/Cu7xp/wVOByT/CvG2H8qex+Mb18TEI7U;MEMBRE;19/01/2024
730;Durand;Kevin;kevin.durand730@example-gym.fr;$argon2id$v=19$m=8192,t=1,p=1$muL5s/MwBV0Gju9AH1YcgA$WPUdbrys/M/Cu7xp/wVOByT/CvG2H8qex+Mb18TEI7U;MEMBRE;20/11/2024
731;Muller;Julia;julia.muller731@example-gym.fr;$argon2id$v=19$m=8192,t=1,p=1$muL5s/MwBV0Gju9AH1YcgA$WPUdbrys/M/Cu7xp/wVOByT/CvG2H8qex+Mb18TEI7U;MEMBRE;13/05/2026
732;Caron;Arthur;arthur.caron732@example-gym.fr;$argon2id$v=19$m=8192,t=1,p=1$muL5s/MwBV0Gju9AH1YcgA$WPUdbrys/M/Cu7xp/wVOByT/CvG2H8qex+Mb18TEI7U;MEMBRE;14/02/2025
733;Brun;Charlotte;charlotte.brun733@example-gym.fr;$argon2id$v=19$m=8192,t=1,p=1$muL5s/MwBV0Gju9AH1YcgA$WPUdbrys/M/Cu7xp/wVOByT/CvG2H8qex+Mb18TEI7U;MEMBRE;22/02/2026
734;Laurent;Inès;ines.laurent734@example-gym.fr;$argon2id$v=19$m=8192,t=1,p=1$muL5s/MwBV0Gju9AH1YcgA$WPUdbrys/M/Cu7xp/wVOByT/CvG2H8qex+Mb18TEI7U;MEMBRE;06/05/2024
735;Lemaire;Tom;tom.lemaire735@example-gym.fr;$argon2id$v=19$m=8192,t=1,p=1$muL5s/MwBV0Gju9AH1YcgA$WPUdbrys/M/Cu7xp/wVOByT/CvG2H8qex+Mb18TEI7U;MEMBRE;04/08/2025
736;Muller;Julien;julien.muller736@example-gym.fr;$argon2id$v=19$m=8192,t=1,p=1$muL5s/MwBV0Gju9AH1YcgA$WPUdbrys/M/Cu7xp/wVOByT/CvG2H8qex+Mb18TEI7U;MEMBRE;25/05/2023
737;Boyer;Axel;axel.boyer737@example-gym.fr;$argon2id$v=19$m=8192,t=1,p=1$muL5s/MwBV0Gju9AH1YcgA$WPUdbrys/M/Cu7xp/wVOByT/CvG2H8qex+Mb18TEI7U;MEMBRE;19/03/2026
738;Henry;Nina;nina.henry738@example-gym.fr;$argon2id$v=19$m=8192,t=1,p=1$muL5s/MwBV0Gju9AH1YcgA$WPUdbrys/M/Cu7xp/wVOByT/CvG2H8qex+Mb18TEI7U;MEMBRE;04/06/2023
739;Guerin;Romain;romain.guerin739@example-gym.fr;$argon2id$v=19$m=8192,t=1,p=1$muL5s/MwBV0Gju9AH1YcgA$WPUdbrys/M/Cu7xp/wVOByT/CvG2H8qex+Mb18TEI7U;MEMBRE;16/04/2025
740;Guerin;Adam;adam.guerin740@example-gym.fr;$argon2id$v=19$m=8192,t=1,p=1$muL5s/MwBV0Gju9AH1YcgA$WPUdbrys/M/Cu7xp/wVOByT/CvG2H8qex+Mb18TEI7U;MEMBRE;06/09/2023
741;Morel;Julie;julie.morel741@example-gym.fr;$argon2id$v=19$m=8192,t=1,p=1$muL5s/MwBV0Gju9AH1YcgA$WPUdbrys/M/Cu7xp/wVOByT/CvG2H8qex+Mb18TEI7U;MEMBRE;05/11/2025
742;Bernard;Laura;laura.bernard742@example-gym.fr;$argon2id$v=19$m=8192,t=1,p=1$muL5s/MwBV0Gju9AH1YcgA$WPUdbrys/M/Cu7xp/wVOByT/CvG2H8qex+Mb18TEI7U;MEMBRE;14/04/2023
743;Duval;Nicolas;nicolas.duval743@example-gym.fr;$argon2id$v=19$m=8192,t=1,p=1$muL5s/MwBV0Gju9AH1YcgA$WPUdbrys/M/Cu7xp/wVOByT/CvG2H8qex+Mb18TEI7U;MEMBRE;11/06/2025
744;Gauthier;Sacha;sacha.gauthier744@example-gym.fr;$argon2id$v=19$m=8192,t=1,p=1$muL5s/MwBV0Gju9AH1YcgA$WPUdbrys/M/Cu7xp/wVOByT/CvG2H8qex+Mb18TEI7U;MEMBRE;10/07/2023
745;Chevalier;Benjamin;benjamin.chevalier745@example-gym.fr;$argon2id$v=19$m=8192,t=1,p=1$muL5s/MwBV0Gju9AH1YcgA$WPUdbrys/M/Cu7xp/wVOByT/CvG2H8qex+Mb18TEI7U;MEMBRE;19/01/2024
746;Brun;Raphaël;raphael.brun746@example-gym.fr;$argon2id$v=19$m=8192,t=1,p=1$muL5s/MwBV0Gju9AH1YcgA$WPUdbrys/M/Cu7xp/wVOByT/CvG2H8qex+Mb18TEI7U;MEMBRE;25/03/2023
747;Lefevre;Maxime;maxime.lefevre747@example-gym.fr;$argon2id$v=19$m=8192,t=1,p=1$muL5s/MwBV0Gju9AH1YcgA$WPUdbrys/M/Cu7xp/wVOByT/CvG2H8qex+Mb18TEI7U;MEMBRE;18/01/2023
748;Gaillard;Jules;jules.gaillard748@example-gym.fr;$argon2id$v=19$m=8192,t=1,p=1$muL5s/MwBV0Gju9AH1YcgA$WPUdbrys/M/Cu7xp/wVOByT/CvG2H8qex+Mb18TEI7U;MEMBRE;18/07/2025
749;Morin;Sophie;sophie.morin749@example-gym.fr;$argon2id$v=19$m=8192,t=1,p=1$muL5s/MwBV0Gju9AH1YcgA$WPUdbrys/M/Cu7xp/wVOByT/CvG2H8qex+Mb18TEI7U;MEMBRE;27/01/2023
750;Perrin;Léna;lena.perrin750@example-gym.fr;$argon2id$v=19$m=8192,t=1,p=1$muL5s/MwBV0Gju9AH1YcgA$WPUdbrys/M/Cu7xp/wVOByT/CvG2H8qex+Mb18TEI7U;MEMBRE;20/02/2025
